C:\Users\ayubb\Pictures\IMG\center_2026_07_29_19_33_42_730.jpg, C:\Users\ayubb\Pictures\IMG\left_2026_07_29_19_33_42_730.jpg, C:\Users\ayubb\Pictures\IMG\right_2026_07_29_19_33_42_730.jpg, 0, 0, 0, 5.29713E-05
C:\Users\ayubb\Pictures\IMG\center_2026_07_29_19_33_42_830.jpg, C:\Users\ayubb\Pictures\IMG\left_2026_07_29_19_33_42_830.jpg, C:\Users\ayubb\Pictures\IMG\right_2026_07_29_19_33_42_830.jpg, 0, 0, 0, 5.291206E-05
C:\Users\ayubb\Pictures\IMG\center_2026_07_29_19_33_42_932.jpg, C:\Users\ayubb\Pictures\IMG\left_2026_07_29_19_33_42_932.jpg, C:\Users\ayubb\Pictures\IMG\right_2026_07_29_19_33_42_932.jpg, 0, 0, 0, 5.290951E-05
C:\Users\ayubb\Pictures\IMG\center_2026_07_29_19_33_43_033.jpg, C:\Users\ayubb\Pictures\IMG\left_2026_07_29_19_33_43_033.jpg, C:\Users\ayubb\Pictures\IMG\right_2026_07_29_19_33_43_033.jpg, 0, 0, 0, 5.290699E-05
C:\Users\ayubb\Pictures\IMG\center_2026_07_29_19_33_43_136.jpg, C:\Users\ayubb\Pictures\IMG\left_2026_07_29_19_33_43_136.jpg, C:\Users\ayubb\Pictures\IMG\right_2026_07_29_19_33_43_136.jpg, 0, 0, 0, 5.301758E-05
C:\Users\ayubb\Pictures\IMG\center_2026_07_29_19_33_43_237.jpg, C:\Users\ayubb\Pictures\IMG\left_2026_07_29_19_33_43_237.jpg, C:\Users\ayubb\Pictures\IMG\right_2026_07_29_19_33_43_237.jpg, 0, 0, 0, 5.300501E-05
C:\Users\ayubb\Pictures\IMG\center_2026_07_29_19_33_43_339.jpg, C:\Users\ayubb\Pictures\IMG\left_2026_07_29_19_33_43_339.jpg, C:\Users\ayubb\Pictures\IMG\right_2026_07_29_19_33_43_339.jpg, 0, 0, 0, 5.374995E-05
C:\Users\ayubb\Pictures\IMG\center_2026_07_29_19_33_43_442.jpg, C:\Users\ayubb\Pictures\IMG\left_2026_07_29_19_33_43_442.jpg, C:\Users\ayubb\Pictures\IMG\right_2026_07_29_19_33_43_442.jpg, 0, 0, 0, 5.321123E-05
C:\Users\ayubb\Pictures\IMG\center_2026_07_29_19_33_43_545.jpg, C:\Users\ayubb\Pictures\IMG\left_2026_07_29_19_33_43_545.jpg, C:\Users\ayubb\Pictures\IMG\right_2026_07_29_19_33_43_545.jpg, -0.1549785, 0.2892192, 0, 0.2032534
C:\Users\ayubb\Pictures\IMG\center_2026_07_29_19_33_43_647.jpg, C:\Users\ayubb\Pictures\IMG\left_2026_07_29_19_33_43_647.jpg, C:\Users\ayubb\Pictures\IMG\right_2026_07_29_19_33_43_647.jpg, -0.4527077, 0.5869485, 0, 0.7088354
C:\Users\ayubb\Pictures\IMG\center_2026_07_29_19_33_43_750.jpg, C:\Users\ayubb\Pictures\IMG\left_2026_07_29_19_33_43_750.jpg, C:\Users\ayubb\Pictures\IMG\right_2026_07_29_19_33_43_750.jpg, -0.5667861, 0.8851634, 0, 1.615612
C:\Users\ayubb\Pictures\IMG\center_2026_07_29_19_33_43_849.jpg, C:\Users\ayubb\Pictures\IMG\left_2026_07_29_19_33_43_849.jpg, C:\Users\ayubb\Pictures\IMG\right_2026_07_29_19_33_43_849.jpg, -0.2657152, 1, 0, 2.808249
C:\Users\ayubb\Pictures\IMG\center_2026_07_29_19_33_43_950.jpg, C:\Users\ayubb\Pictures\IMG\left_2026_07_29_19_33_43_950.jpg, C:\Users\ayubb\Pictures\IMG\right_2026_07_29_19_33_43_950.jpg, 0, 1, 0, 3.979556
C:\Users\ayubb\Pictures\IMG\center_2026_07_29_19_33_44_051.jpg, C:\Users\ayubb\Pictures\IMG\left_2026_07_29_19_33_44_051.jpg, C:\Users\ayubb\Pictures\IMG\right_2026_07_29_19_33_44_051.jpg, -0.0917682, 1, 0, 5.143336
C:\Users\ayubb\Pictures\IMG\center_2026_07_29_19_33_44_151.jpg, C:\Users\ayubb\Pictures\IMG\left_2026_07_29_19_33_44_151.jpg, C:\Users\ayubb\Pictures\IMG\right_2026_07_29_19_33_44_151.jpg, -0.3916812, 1, 0, 6.270853
C:\Users\ayubb\Pictures\IMG\center_2026_07_29_19_33_44_253.jpg, C:\Users\ayubb\Pictures\IMG\left_2026_07_29_19_33_44_253.jpg, C:\Users\ayubb\Pictures\IMG\right_2026_07_29_19_33_44_253.jpg, -0.1632012, 1, 0, 7.411232
C:\Users\ayubb\Pictures\IMG\center_2026_07_29_19_33_44_353.jpg, C:\Users\ayubb\Pictures\IMG\left_2026_07_29_19_33_44_353.jpg, C:\Users\ayubb\Pictures\IMG\right_2026_07_29_19_33_44_353.jpg, 0, 1, 0, 8.535851
C:\Users\ayubb\Pictures\IMG\center_2026_07_29_19_33_44_455.jpg, C:\Users\ayubb\Pictures\IMG\left_2026_07_29_19_33_44_455.jpg, C:\Users\ayubb\Pictures\IMG\right_2026_07_29_19_33_44_455.jpg, 0, 1, 0, 9.655909
C:\Users\ayubb\Pictures\IMG\center_2026_07_29_19_33_44_558.jpg, C:\Users\ayubb\Pictures\IMG\left_2026_07_29_19_33_44_558.jpg, C:\Users\ayubb\Pictures\IMG\right_2026_07_29_19_33_44_558.jpg, -0.2138361, 1, 0, 10.97399
C:\Users\ayubb\Pictures\IMG\center_2026_07_29_19_33_44_659.jpg, C:\Users\ayubb\Pictures\IMG\left_2026_07_29_19_33_44_659.jpg, C:\Users\ayubb\Pictures\IMG\right_2026_07_29_19_33_44_659.jpg, -0.3738877, 1, 0, 12.13327
C:\Users\ayubb\Pictures\IMG\center_2026_07_29_19_33_44_759.jpg, C:\Users\ayubb\Pictures\IMG\left_2026_07_29_19_33_44_759.jpg, C:\Users\ayubb\Pictures\IMG\right_2026_07_29_19_33_44_759.jpg, -0.07218787, 1, 0, 12.96998
C:\Users\ayubb\Pictures\IMG\center_2026_07_29_19_33_44_860.jpg, C:\Users\ayubb\Pictures\IMG\left_2026_07_29_19_33_44_860.jpg, C:\Users\ayubb\Pictures\IMG\right_2026_07_29_19_33_44_860.jpg, -0.1044087, 1, 0, 14.19958
C:\Users\ayubb\Pictures\IMG\center_2026_07_29_19_33_44_961.jpg, C:\Users\ayubb\Pictures\IMG\left_2026_07_29_19_33_44_961.jpg, C:\Users\ayubb\Pictures\IMG\right_2026_07_29_19_33_44_961.jpg, -0.2400969, 1, 0, 15.16025
C:\Users\ayubb\Pictures\IMG\center_2026_07_29_19_33_45_062.jpg, C:\Users\ayubb\Pictures\IMG\left_2026_07_29_19_33_45_062.jpg, C:\Users\ayubb\Pictures\IMG\right_2026_07_29_19_33_45_062.jpg, 0, 1, 0, 16.28232
C:\Users\ayubb\Pictures\IMG\center_2026_07_29_19_33_45_163.jpg, C:\Users\ayubb\Pictures\IMG\left_2026_07_29_19_33_45_163.jpg, C:\Users\ayubb\Pictures\IMG\right_2026_07_29_19_33_45_163.jpg, 0, 1, 0, 17.27059
C:\Users\ayubb\Pictures\IMG\center_2026_07_29_19_33_45_265.jpg, C:\Users\ayubb\Pictures\IMG\left_2026_07_29_19_33_45_265.jpg, C:\Users\ayubb\Pictures\IMG\right_2026_07_29_19_33_45_265.jpg, 0, 1, 0, 18.33837
C:\Users\ayubb\Pictures\IMG\center_2026_07_29_19_33_45_367.jpg, C:\Users\ayubb\Pictures\IMG\left_2026_07_29_19_33_45_367.jpg, C:\Users\ayubb\Pictures\IMG\right_2026_07_29_19_33_45_367.jpg, 0, 1, 0, 19.35574
C:\Users\ayubb\Pictures\IMG\center_2026_07_29_19_33_45_468.jpg, C:\Users\ayubb\Pictures\IMG\left_2026_07_29_19_33_45_468.jpg, C:\Users\ayubb\Pictures\IMG\right_2026_07_29_19_33_45_468.jpg, 0, 1, 0, 20.37523
C:\Users\ayubb\Pictures\IMG\center_2026_07_29_19_33_45_571.jpg, C:\Users\ayubb\Pictures\IMG\left_2026_07_29_19_33_45_571.jpg, C:\Users\ayubb\Pictures\IMG\right_2026_07_29_19_33_45_571.jpg, 0, 1, 0, 21.37939
C:\Users\ayubb\Pictures\IMG\center_2026_07_29_19_33_45_673.jpg, C:\Users\ayubb\Pictures\IMG\left_2026_07_29_19_33_45_673.jpg, C:\Users\ayubb\Pictures\IMG\right_2026_07_29_19_33_45_673.jpg, -0.143334, 1, 0, 22.36801
C:\Users\ayubb\Pictures\IMG\center_2026_07_29_19_33_45_777.jpg, C:\Users\ayubb\Pictures\IMG\left_2026_07_29_19_33_45_777.jpg, C:\Users\ayubb\Pictures\IMG\right_2026_07_29_19_33_45_777.jpg, -0.3422125, 1, 0, 23.43863
C:\Users\ayubb\Pictures\IMG\center_2026_07_29_19_33_45_879.jpg, C:\Users\ayubb\Pictures\IMG\left_2026_07_29_19_33_45_879.jpg, C:\Users\ayubb\Pictures\IMG\right_2026_07_29_19_33_45_879.jpg, -0.03560138, 1, 0, 24.41035
C:\Users\ayubb\Pictures\IMG\center_2026_07_29_19_33_45_983.jpg, C:\Users\ayubb\Pictures\IMG\left_2026_07_29_19_33_45_983.jpg, C:\Users\ayubb\Pictures\IMG\right_2026_07_29_19_33_45_983.jpg, 0, 1, 0, 25.36483
C:\Users\ayubb\Pictures\IMG\center_2026_07_29_19_33_46_083.jpg, C:\Users\ayubb\Pictures\IMG\left_2026_07_29_19_33_46_083.jpg, C:\Users\ayubb\Pictures\IMG\right_2026_07_29_19_33_46_083.jpg, 0, 1, 0, 26.31814
C:\Users\ayubb\Pictures\IMG\center_2026_07_29_19_33_46_183.jpg, C:\Users\ayubb\Pictures\IMG\left_2026_07_29_19_33_46_183.jpg, C:\Users\ayubb\Pictures\IMG\right_2026_07_29_19_33_46_183.jpg, 0, 1, 0, 27.26335
C:\Users\ayubb\Pictures\IMG\center_2026_07_29_19_33_46_285.jpg, C:\Users\ayubb\Pictures\IMG\left_2026_07_29_19_33_46_285.jpg, C:\Users\ayubb\Pictures\IMG\right_2026_07_29_19_33_46_285.jpg, 0, 1, 0, 28.19928
C:\Users\ayubb\Pictures\IMG\center_2026_07_29_19_33_46_387.jpg, C:\Users\ayubb\Pictures\IMG\left_2026_07_29_19_33_46_387.jpg, C:\Users\ayubb\Pictures\IMG\right_2026_07_29_19_33_46_387.jpg, 0, 1, 0, 29.12587
C:\Users\ayubb\Pictures\IMG\center_2026_07_29_19_33_46_487.jpg, C:\Users\ayubb\Pictures\IMG\left_2026_07_29_19_33_46_487.jpg, C:\Users\ayubb\Pictures\IMG\right_2026_07_29_19_33_46_487.jpg, 0, 1, 0, 30.04367
C:\Users\ayubb\Pictures\IMG\center_2026_07_29_19_33_46_589.jpg, C:\Users\ayubb\Pictures\IMG\left_2026_07_29_19_33_46_589.jpg, C:\Users\ayubb\Pictures\IMG\right_2026_07_29_19_33_46_589.jpg, 0, 1, 0, 30.19045
C:\Users\ayubb\Pictures\IMG\center_2026_07_29_19_33_46_690.jpg, C:\Users\ayubb\Pictures\IMG\left_2026_07_29_19_33_46_690.jpg, C:\Users\ayubb\Pictures\IMG\right_2026_07_29_19_33_46_690.jpg, 0, 1, 0, 30.19114
C:\Users\ayubb\Pictures\IMG\center_2026_07_29_19_33_46_791.jpg, C:\Users\ayubb\Pictures\IMG\left_2026_07_29_19_33_46_791.jpg, C:\Users\ayubb\Pictures\IMG\right_2026_07_29_19_33_46_791.jpg, 0, 1, 0, 30.19072
C:\Users\ayubb\Pictures\IMG\center_2026_07_29_19_33_46_891.jpg, C:\Users\ayubb\Pictures\IMG\left_2026_07_29_19_33_46_891.jpg, C:\Users\ayubb\Pictures\IMG\right_2026_07_29_19_33_46_891.jpg, 0, 1, 0, 30.19009
C:\Users\ayubb\Pictures\IMG\center_2026_07_29_19_33_46_992.jpg, C:\Users\ayubb\Pictures\IMG\left_2026_07_29_19_33_46_992.jpg, C:\Users\ayubb\Pictures\IMG\right_2026_07_29_19_33_46_992.jpg, 0, 1, 0, 30.19029
C:\Users\ayubb\Pictures\IMG\center_2026_07_29_19_33_47_093.jpg, C:\Users\ayubb\Pictures\IMG\left_2026_07_29_19_33_47_093.jpg, C:\Users\ayubb\Pictures\IMG\right_2026_07_29_19_33_47_093.jpg, 0, 1, 0, 30.1903
C:\Users\ayubb\Pictures\IMG\center_2026_07_29_19_33_47_193.jpg, C:\Users\ayubb\Pictures\IMG\left_2026_07_29_19_33_47_193.jpg, C:\Users\ayubb\Pictures\IMG\right_2026_07_29_19_33_47_193.jpg, 0, 1, 0, 30.19031
C:\Users\ayubb\Pictures\IMG\center_2026_07_29_19_33_47_295.jpg, C:\Users\ayubb\Pictures\IMG\left_2026_07_29_19_33_47_295.jpg, C:\Users\ayubb\Pictures\IMG\right_2026_07_29_19_33_47_295.jpg, 0, 1, 0, 30.1903
C:\Users\ayubb\Pictures\IMG\center_2026_07_29_19_33_47_395.jpg, C:\Users\ayubb\Pictures\IMG\left_2026_07_29_19_33_47_395.jpg, C:\Users\ayubb\Pictures\IMG\right_2026_07_29_19_33_47_395.jpg, 0, 1, 0, 30.19031
C:\Users\ayubb\Pictures\IMG\center_2026_07_29_19_33_47_498.jpg, C:\Users\ayubb\Pictures\IMG\left_2026_07_29_19_33_47_498.jpg, C:\Users\ayubb\Pictures\IMG\right_2026_07_29_19_33_47_498.jpg, 0, 1, 0, 30.19031
C:\Users\ayubb\Pictures\IMG\center_2026_07_29_19_33_47_599.jpg, C:\Users\ayubb\Pictures\IMG\left_2026_07_29_19_33_47_599.jpg, C:\Users\ayubb\Pictures\IMG\right_2026_07_29_19_33_47_599.jpg, 0, 1, 0, 30.19031
C:\Users\ayubb\Pictures\IMG\center_2026_07_29_19_33_47_702.jpg, C:\Users\ayubb\Pictures\IMG\left_2026_07_29_19_33_47_702.jpg, C:\Users\ayubb\Pictures\IMG\right_2026_07_29_19_33_47_702.jpg, 0, 1, 0, 30.19031
C:\Users\ayubb\Pictures\IMG\center_2026_07_29_19_33_47_803.jpg, C:\Users\ayubb\Pictures\IMG\left_2026_07_29_19_33_47_803.jpg, C:\Users\ayubb\Pictures\IMG\right_2026_07_29_19_33_47_803.jpg, 0, 1, 0, 30.19031
C:\Users\ayubb\Pictures\IMG\center_2026_07_29_19_33_47_905.jpg, C:\Users\ayubb\Pictures\IMG\left_2026_07_29_19_33_47_905.jpg, C:\Users\ayubb\Pictures\IMG\right_2026_07_29_19_33_47_905.jpg, 0, 1, 0, 30.1903
C:\Users\ayubb\Pictures\IMG\center_2026_07_29_19_33_48_006.jpg, C:\Users\ayubb\Pictures\IMG\left_2026_07_29_19_33_48_006.jpg, C:\Users\ayubb\Pictures\IMG\right_2026_07_29_19_33_48_006.jpg, 0, 1, 0, 30.1903
C:\Users\ayubb\Pictures\IMG\center_2026_07_29_19_33_48_109.jpg, C:\Users\ayubb\Pictures\IMG\left_2026_07_29_19_33_48_109.jpg, C:\Users\ayubb\Pictures\IMG\right_2026_07_29_19_33_48_109.jpg, 0, 1, 0, 30.19029
C:\Users\ayubb\Pictures\IMG\center_2026_07_29_19_33_48_209.jpg, C:\Users\ayubb\Pictures\IMG\left_2026_07_29_19_33_48_209.jpg, C:\Users\ayubb\Pictures\IMG\right_2026_07_29_19_33_48_209.jpg, 0, 1, 0, 30.1903
C:\Users\ayubb\Pictures\IMG\center_2026_07_29_19_33_48_311.jpg, C:\Users\ayubb\Pictures\IMG\left_2026_07_29_19_33_48_311.jpg, C:\Users\ayubb\Pictures\IMG\right_2026_07_29_19_33_48_311.jpg, 0, 1, 0, 30.19031
C:\Users\ayubb\Pictures\IMG\center_2026_07_29_19_33_48_411.jpg, C:\Users\ayubb\Pictures\IMG\left_2026_07_29_19_33_48_411.jpg, C:\Users\ayubb\Pictures\IMG\right_2026_07_29_19_33_48_411.jpg, 0, 1, 0, 30.19031
C:\Users\ayubb\Pictures\IMG\center_2026_07_29_19_33_48_512.jpg, C:\Users\ayubb\Pictures\IMG\left_2026_07_29_19_33_48_512.jpg, C:\Users\ayubb\Pictures\IMG\right_2026_07_29_19_33_48_512.jpg, 0, 1, 0, 30.1903
C:\Users\ayubb\Pictures\IMG\center_2026_07_29_19_33_48_613.jpg, C:\Users\ayubb\Pictures\IMG\left_2026_07_29_19_33_48_613.jpg, C:\Users\ayubb\Pictures\IMG\right_2026_07_29_19_33_48_613.jpg, 0, 1, 0, 30.19029
C:\Users\ayubb\Pictures\IMG\center_2026_07_29_19_33_48_716.jpg, C:\Users\ayubb\Pictures\IMG\left_2026_07_29_19_33_48_716.jpg, C:\Users\ayubb\Pictures\IMG\right_2026_07_29_19_33_48_716.jpg, 0, 1, 0, 30.19032
C:\Users\ayubb\Pictures\IMG\center_2026_07_29_19_33_48_819.jpg, C:\Users\ayubb\Pictures\IMG\left_2026_07_29_19_33_48_819.jpg, C:\Users\ayubb\Pictures\IMG\right_2026_07_29_19_33_48_819.jpg, -0.3060699, 1, 0, 30.16719
C:\Users\ayubb\Pictures\IMG\center_2026_07_29_19_33_48_920.jpg, C:\Users\ayubb\Pictures\IMG\left_2026_07_29_19_33_48_920.jpg, C:\Users\ayubb\Pictures\IMG\right_2026_07_29_19_33_48_920.jpg, -0.1537032, 1, 0, 30.19082
C:\Users\ayubb\Pictures\IMG\center_2026_07_29_19_33_49_023.jpg, C:\Users\ayubb\Pictures\IMG\left_2026_07_29_19_33_49_023.jpg, C:\Users\ayubb\Pictures\IMG\right_2026_07_29_19_33_49_023.jpg, 0, 1, 0, 30.18917
C:\Users\ayubb\Pictures\IMG\center_2026_07_29_19_33_49_124.jpg, C:\Users\ayubb\Pictures\IMG\left_2026_07_29_19_33_49_124.jpg, C:\Users\ayubb\Pictures\IMG\right_2026_07_29_19_33_49_124.jpg, 0, 1, 0, 30.19014
C:\Users\ayubb\Pictures\IMG\center_2026_07_29_19_33_49_226.jpg, C:\Users\ayubb\Pictures\IMG\left_2026_07_29_19_33_49_226.jpg, C:\Users\ayubb\Pictures\IMG\right_2026_07_29_19_33_49_226.jpg, 0, 1, 0, 30.19034
C:\Users\ayubb\Pictures\IMG\center_2026_07_29_19_33_49_326.jpg, C:\Users\ayubb\Pictures\IMG\left_2026_07_29_19_33_49_326.jpg, C:\Users\ayubb\Pictures\IMG\right_2026_07_29_19_33_49_326.jpg, 0, 1, 0, 30.19028
C:\Users\ayubb\Pictures\IMG\center_2026_07_29_19_33_49_430.jpg, C:\Users\ayubb\Pictures\IMG\left_2026_07_29_19_33_49_430.jpg, C:\Users\ayubb\Pictures\IMG\right_2026_07_29_19_33_49_430.jpg, 0, 1, 0, 30.19031
C:\Users\ayubb\Pictures\IMG\center_2026_07_29_19_33_49_532.jpg, C:\Users\ayubb\Pictures\IMG\left_2026_07_29_19_33_49_532.jpg, C:\Users\ayubb\Pictures\IMG\right_2026_07_29_19_33_49_532.jpg, 0, 1, 0, 30.19031
C:\Users\ayubb\Pictures\IMG\center_2026_07_29_19_33_49_636.jpg, C:\Users\ayubb\Pictures\IMG\left_2026_07_29_19_33_49_636.jpg, C:\Users\ayubb\Pictures\IMG\right_2026_07_29_19_33_49_636.jpg, 0, 1, 0, 30.19002
C:\Users\ayubb\Pictures\IMG\center_2026_07_29_19_33_49_738.jpg, C:\Users\ayubb\Pictures\IMG\left_2026_07_29_19_33_49_738.jpg, C:\Users\ayubb\Pictures\IMG\right_2026_07_29_19_33_49_738.jpg, 0.205632, 1, 0, 30.17878
C:\Users\ayubb\Pictures\IMG\center_2026_07_29_19_33_49_839.jpg, C:\Users\ayubb\Pictures\IMG\left_2026_07_29_19_33_49_839.jpg, C:\Users\ayubb\Pictures\IMG\right_2026_07_29_19_33_49_839.jpg, 0.1963777, 1, 0, 30.18744
C:\Users\ayubb\Pictures\IMG\center_2026_07_29_19_33_49_940.jpg, C:\Users\ayubb\Pictures\IMG\left_2026_07_29_19_33_49_940.jpg, C:\Users\ayubb\Pictures\IMG\right_2026_07_29_19_33_49_940.jpg, 0, 1, 0, 30.18869
C:\Users\ayubb\Pictures\IMG\center_2026_07_29_19_33_50_041.jpg, C:\Users\ayubb\Pictures\IMG\left_2026_07_29_19_33_50_041.jpg, C:\Users\ayubb\Pictures\IMG\right_2026_07_29_19_33_50_041.jpg, 0, 1, 0, 30.19013
C:\Users\ayubb\Pictures\IMG\center_2026_07_29_19_33_50_140.jpg, C:\Users\ayubb\Pictures\IMG\left_2026_07_29_19_33_50_140.jpg, C:\Users\ayubb\Pictures\IMG\right_2026_07_29_19_33_50_140.jpg, 0, 1, 0, 30.19035
C:\Users\ayubb\Pictures\IMG\center_2026_07_29_19_33_50_241.jpg, C:\Users\ayubb\Pictures\IMG\left_2026_07_29_19_33_50_241.jpg, C:\Users\ayubb\Pictures\IMG\right_2026_07_29_19_33_50_241.jpg, 0, 1, 0, 30.19036
C:\Users\ayubb\Pictures\IMG\center_2026_07_29_19_33_50_343.jpg, C:\Users\ayubb\Pictures\IMG\left_2026_07_29_19_33_50_343.jpg, C:\Users\ayubb\Pictures\IMG\right_2026_07_29_19_33_50_343.jpg, 0, 1, 0, 30.19041
C:\Users\ayubb\Pictures\IMG\center_2026_07_29_19_33_50_444.jpg, C:\Users\ayubb\Pictures\IMG\left_2026_07_29_19_33_50_444.jpg, C:\Users\ayubb\Pictures\IMG\right_2026_07_29_19_33_50_444.jpg, 0, 1, 0, 30.19036
C:\Users\ayubb\Pictures\IMG\center_2026_07_29_19_33_50_546.jpg, C:\Users\ayubb\Pictures\IMG\left_2026_07_29_19_33_50_546.jpg, C:\Users\ayubb\Pictures\IMG\right_2026_07_29_19_33_50_546.jpg, 0, 1, 0, 30.19044
C:\Users\ayubb\Pictures\IMG\center_2026_07_29_19_33_50_648.jpg, C:\Users\ayubb\Pictures\IMG\left_2026_07_29_19_33_50_648.jpg, C:\Users\ayubb\Pictures\IMG\right_2026_07_29_19_33_50_648.jpg, 0, 1, 0, 30.1905
C:\Users\ayubb\Pictures\IMG\center_2026_07_29_19_33_50_750.jpg, C:\Users\ayubb\Pictures\IMG\left_2026_07_29_19_33_50_750.jpg, C:\Users\ayubb\Pictures\IMG\right_2026_07_29_19_33_50_750.jpg, 0, 1, 0, 30.19025
C:\Users\ayubb\Pictures\IMG\center_2026_07_29_19_33_50_850.jpg, C:\Users\ayubb\Pictures\IMG\left_2026_07_29_19_33_50_850.jpg, C:\Users\ayubb\Pictures\IMG\right_2026_07_29_19_33_50_850.jpg, 0, 1, 0, 30.19032
C:\Users\ayubb\Pictures\IMG\center_2026_07_29_19_33_50_952.jpg, C:\Users\ayubb\Pictures\IMG\left_2026_07_29_19_33_50_952.jpg, C:\Users\ayubb\Pictures\IMG\right_2026_07_29_19_33_50_952.jpg, 0, 1, 0, 30.19031
C:\Users\ayubb\Pictures\IMG\center_2026_07_29_19_33_51_054.jpg, C:\Users\ayubb\Pictures\IMG\left_2026_07_29_19_33_51_054.jpg, C:\Users\ayubb\Pictures\IMG\right_2026_07_29_19_33_51_054.jpg, 0, 1, 0, 30.19031
C:\Users\ayubb\Pictures\IMG\center_2026_07_29_19_33_51_155.jpg, C:\Users\ayubb\Pictures\IMG\left_2026_07_29_19_33_51_155.jpg, C:\Users\ayubb\Pictures\IMG\right_2026_07_29_19_33_51_155.jpg, 0, 1, 0, 30.19031
C:\Users\ayubb\Pictures\IMG\center_2026_07_29_19_33_51_259.jpg, C:\Users\ayubb\Pictures\IMG\left_2026_07_29_19_33_51_259.jpg, C:\Users\ayubb\Pictures\IMG\right_2026_07_29_19_33_51_259.jpg, 0, 1, 0, 30.1903
C:\Users\ayubb\Pictures\IMG\center_2026_07_29_19_33_51_360.jpg, C:\Users\ayubb\Pictures\IMG\left_2026_07_29_19_33_51_360.jpg, C:\Users\ayubb\Pictures\IMG\right_2026_07_29_19_33_51_360.jpg, 0, 1, 0, 30.19032
C:\Users\ayubb\Pictures\IMG\center_2026_07_29_19_33_51_461.jpg, C:\Users\ayubb\Pictures\IMG\left_2026_07_29_19_33_51_461.jpg, C:\Users\ayubb\Pictures\IMG\right_2026_07_29_19_33_51_461.jpg, 0, 1, 0, 30.19031
C:\Users\ayubb\Pictures\IMG\center_2026_07_29_19_33_51_562.jpg, C:\Users\ayubb\Pictures\IMG\left_2026_07_29_19_33_51_562.jpg, C:\Users\ayubb\Pictures\IMG\right_2026_07_29_19_33_51_562.jpg, 0, 1, 0, 30.1903
C:\Users\ayubb\Pictures\IMG\center_2026_07_29_19_33_51_662.jpg, C:\Users\ayubb\Pictures\IMG\left_2026_07_29_19_33_51_662.jpg, C:\Users\ayubb\Pictures\IMG\right_2026_07_29_19_33_51_662.jpg, 0, 1, 0, 30.19031
C:\Users\ayubb\Pictures\IMG\center_2026_07_29_19_33_51_763.jpg, C:\Users\ayubb\Pictures\IMG\left_2026_07_29_19_33_51_763.jpg, C:\Users\ayubb\Pictures\IMG\right_2026_07_29_19_33_51_763.jpg, 0, 1, 0, 30.19029
C:\Users\ayubb\Pictures\IMG\center_2026_07_29_19_33_51_865.jpg, C:\Users\ayubb\Pictures\IMG\left_2026_07_29_19_33_51_865.jpg, C:\Users\ayubb\Pictures\IMG\right_2026_07_29_19_33_51_865.jpg, 0, 1, 0, 30.19032
C:\Users\ayubb\Pictures\IMG\center_2026_07_29_19_33_51_966.jpg, C:\Users\ayubb\Pictures\IMG\left_2026_07_29_19_33_51_966.jpg, C:\Users\ayubb\Pictures\IMG\right_2026_07_29_19_33_51_966.jpg, 0, 1, 0, 30.1903
C:\Users\ayubb\Pictures\IMG\center_2026_07_29_19_33_52_066.jpg, C:\Users\ayubb\Pictures\IMG\left_2026_07_29_19_33_52_066.jpg, C:\Users\ayubb\Pictures\IMG\right_2026_07_29_19_33_52_066.jpg, 0, 1, 0, 30.19041
C:\Users\ayubb\Pictures\IMG\center_2026_07_29_19_33_52_168.jpg, C:\Users\ayubb\Pictures\IMG\left_2026_07_29_19_33_52_168.jpg, C:\Users\ayubb\Pictures\IMG\right_2026_07_29_19_33_52_168.jpg, 0, 1, 0, 30.19028
C:\Users\ayubb\Pictures\IMG\center_2026_07_29_19_33_52_269.jpg, C:\Users\ayubb\Pictures\IMG\left_2026_07_29_19_33_52_269.jpg, C:\Users\ayubb\Pictures\IMG\right_2026_07_29_19_33_52_269.jpg, -0.2833782, 1, 0, 30.17027
C:\Users\ayubb\Pictures\IMG\center_2026_07_29_19_33_52_371.jpg, C:\Users\ayubb\Pictures\IMG\left_2026_07_29_19_33_52_371.jpg, C:\Users\ayubb\Pictures\IMG\right_2026_07_29_19_33_52_371.jpg, -0.2734664, 1, 0, 30.18452
C:\Users\ayubb\Pictures\IMG\center_2026_07_29_19_33_52_473.jpg, C:\Users\ayubb\Pictures\IMG\left_2026_07_29_19_33_52_473.jpg, C:\Users\ayubb\Pictures\IMG\right_2026_07_29_19_33_52_473.jpg, 0, 1, 0, 30.18756
C:\Users\ayubb\Pictures\IMG\center_2026_07_29_19_33_52_573.jpg, C:\Users\ayubb\Pictures\IMG\left_2026_07_29_19_33_52_573.jpg, C:\Users\ayubb\Pictures\IMG\right_2026_07_29_19_33_52_573.jpg, 0, 1, 0, 30.18986
C:\Users\ayubb\Pictures\IMG\center_2026_07_29_19_33_52_676.jpg, C:\Users\ayubb\Pictures\IMG\left_2026_07_29_19_33_52_676.jpg, C:\Users\ayubb\Pictures\IMG\right_2026_07_29_19_33_52_676.jpg, 0, 1, 0, 30.19029
C:\Users\ayubb\Pictures\IMG\center_2026_07_29_19_33_52_777.jpg, C:\Users\ayubb\Pictures\IMG\left_2026_07_29_19_33_52_777.jpg, C:\Users\ayubb\Pictures\IMG\right_2026_07_29_19_33_52_777.jpg, 0, 1, 0, 30.1903
C:\Users\ayubb\Pictures\IMG\center_2026_07_29_19_33_52_880.jpg, C:\Users\ayubb\Pictures\IMG\left_2026_07_29_19_33_52_880.jpg, C:\Users\ayubb\Pictures\IMG\right_2026_07_29_19_33_52_880.jpg, 0, 1, 0, 30.19029
C:\Users\ayubb\Pictures\IMG\center_2026_07_29_19_33_52_983.jpg, C:\Users\ayubb\Pictures\IMG\left_2026_07_29_19_33_52_983.jpg, C:\Users\ayubb\Pictures\IMG\right_2026_07_29_19_33_52_983.jpg, 0, 1, 0, 30.19029
C:\Users\ayubb\Pictures\IMG\center_2026_07_29_19_33_53_086.jpg, C:\Users\ayubb\Pictures\IMG\left_2026_07_29_19_33_53_086.jpg, C:\Users\ayubb\Pictures\IMG\right_2026_07_29_19_33_53_086.jpg, 0, 1, 0, 30.19029
C:\Users\ayubb\Pictures\IMG\center_2026_07_29_19_33_53_186.jpg, C:\Users\ayubb\Pictures\IMG\left_2026_07_29_19_33_53_186.jpg, C:\Users\ayubb\Pictures\IMG\right_2026_07_29_19_33_53_186.jpg, 0, 1, 0, 30.1903
C:\Users\ayubb\Pictures\IMG\center_2026_07_29_19_33_53_289.jpg, C:\Users\ayubb\Pictures\IMG\left_2026_07_29_19_33_53_289.jpg, C:\Users\ayubb\Pictures\IMG\right_2026_07_29_19_33_53_289.jpg, -0.1918047, 1, 0, 30.18027
C:\Users\ayubb\Pictures\IMG\center_2026_07_29_19_33_53_389.jpg, C:\Users\ayubb\Pictures\IMG\left_2026_07_29_19_33_53_389.jpg, C:\Users\ayubb\Pictures\IMG\right_2026_07_29_19_33_53_389.jpg, -0.2143071, 1, 0, 30.18618
C:\Users\ayubb\Pictures\IMG\center_2026_07_29_19_33_53_491.jpg, C:\Users\ayubb\Pictures\IMG\left_2026_07_29_19_33_53_491.jpg, C:\Users\ayubb\Pictures\IMG\right_2026_07_29_19_33_53_491.jpg, 0, 1, 0, 30.18853
C:\Users\ayubb\Pictures\IMG\center_2026_07_29_19_33_53_591.jpg, C:\Users\ayubb\Pictures\IMG\left_2026_07_29_19_33_53_591.jpg, C:\Users\ayubb\Pictures\IMG\right_2026_07_29_19_33_53_591.jpg, 0, 1, 0, 30.19009
C:\Users\ayubb\Pictures\IMG\center_2026_07_29_19_33_53_691.jpg, C:\Users\ayubb\Pictures\IMG\left_2026_07_29_19_33_53_691.jpg, C:\Users\ayubb\Pictures\IMG\right_2026_07_29_19_33_53_691.jpg, 0, 1, 0, 30.19023
C:\Users\ayubb\Pictures\IMG\center_2026_07_29_19_33_53_793.jpg, C:\Users\ayubb\Pictures\IMG\left_2026_07_29_19_33_53_793.jpg, C:\Users\ayubb\Pictures\IMG\right_2026_07_29_19_33_53_793.jpg, 0, 1, 0, 30.1903
C:\Users\ayubb\Pictures\IMG\center_2026_07_29_19_33_53_895.jpg, C:\Users\ayubb\Pictures\IMG\left_2026_07_29_19_33_53_895.jpg, C:\Users\ayubb\Pictures\IMG\right_2026_07_29_19_33_53_895.jpg, 0.2140623, 1, 0, 30.1777
C:\Users\ayubb\Pictures\IMG\center_2026_07_29_19_33_53_997.jpg, C:\Users\ayubb\Pictures\IMG\left_2026_07_29_19_33_53_997.jpg, C:\Users\ayubb\Pictures\IMG\right_2026_07_29_19_33_53_997.jpg, 0, 1, 0, 30.18936
C:\Users\ayubb\Pictures\IMG\center_2026_07_29_19_33_54_098.jpg, C:\Users\ayubb\Pictures\IMG\left_2026_07_29_19_33_54_098.jpg, C:\Users\ayubb\Pictures\IMG\right_2026_07_29_19_33_54_098.jpg, 0, 1, 0, 30.19018
C:\Users\ayubb\Pictures\IMG\center_2026_07_29_19_33_54_199.jpg, C:\Users\ayubb\Pictures\IMG\left_2026_07_29_19_33_54_199.jpg, C:\Users\ayubb\Pictures\IMG\right_2026_07_29_19_33_54_199.jpg, 0, 1, 0, 30.19027
C:\Users\ayubb\Pictures\IMG\center_2026_07_29_19_33_54_299.jpg, C:\Users\ayubb\Pictures\IMG\left_2026_07_29_19_33_54_299.jpg, C:\Users\ayubb\Pictures\IMG\right_2026_07_29_19_33_54_299.jpg, 0.1759818, 1, 0, 30.18236
C:\Users\ayubb\Pictures\IMG\center_2026_07_29_19_33_54_400.jpg, C:\Users\ayubb\Pictures\IMG\left_2026_07_29_19_33_54_400.jpg, C:\Users\ayubb\Pictures\IMG\right_2026_07_29_19_33_54_400.jpg, 0.3082542, 1, 0, 30.17506
C:\Users\ayubb\Pictures\IMG\center_2026_07_29_19_33_54_502.jpg, C:\Users\ayubb\Pictures\IMG\left_2026_07_29_19_33_54_502.jpg, C:\Users\ayubb\Pictures\IMG\right_2026_07_29_19_33_54_502.jpg, 0, 1, 0, 30.1882
C:\Users\ayubb\Pictures\IMG\center_2026_07_29_19_33_54_606.jpg, C:\Users\ayubb\Pictures\IMG\left_2026_07_29_19_33_54_606.jpg, C:\Users\ayubb\Pictures\IMG\right_2026_07_29_19_33_54_606.jpg, 0, 1, 0, 30.18985
C:\Users\ayubb\Pictures\IMG\center_2026_07_29_19_33_54_707.jpg, C:\Users\ayubb\Pictures\IMG\left_2026_07_29_19_33_54_707.jpg, C:\Users\ayubb\Pictures\IMG\right_2026_07_29_19_33_54_707.jpg, -0.2124483, 1, 0, 30.17515
C:\Users\ayubb\Pictures\IMG\center_2026_07_29_19_33_54_808.jpg, C:\Users\ayubb\Pictures\IMG\left_2026_07_29_19_33_54_808.jpg, C:\Users\ayubb\Pictures\IMG\right_2026_07_29_19_33_54_808.jpg, -0.4278773, 1, 0, 30.15247
C:\Users\ayubb\Pictures\IMG\center_2026_07_29_19_33_54_909.jpg, C:\Users\ayubb\Pictures\IMG\left_2026_07_29_19_33_54_909.jpg, C:\Users\ayubb\Pictures\IMG\right_2026_07_29_19_33_54_909.jpg, -0.1227366, 1, 0, 30.19179
C:\Users\ayubb\Pictures\IMG\center_2026_07_29_19_33_55_011.jpg, C:\Users\ayubb\Pictures\IMG\left_2026_07_29_19_33_55_011.jpg, C:\Users\ayubb\Pictures\IMG\right_2026_07_29_19_33_55_011.jpg, 0, 1, 0, 30.18871
C:\Users\ayubb\Pictures\IMG\center_2026_07_29_19_33_55_114.jpg, C:\Users\ayubb\Pictures\IMG\left_2026_07_29_19_33_55_114.jpg, C:\Users\ayubb\Pictures\IMG\right_2026_07_29_19_33_55_114.jpg, 0.0935796, 1, 0, 30.18569
C:\Users\ayubb\Pictures\IMG\center_2026_07_29_19_33_55_216.jpg, C:\Users\ayubb\Pictures\IMG\left_2026_07_29_19_33_55_216.jpg, C:\Users\ayubb\Pictures\IMG\right_2026_07_29_19_33_55_216.jpg, 0.3389122, 1, 0, 30.16163
C:\Users\ayubb\Pictures\IMG\center_2026_07_29_19_33_55_317.jpg, C:\Users\ayubb\Pictures\IMG\left_2026_07_29_19_33_55_317.jpg, C:\Users\ayubb\Pictures\IMG\right_2026_07_29_19_33_55_317.jpg, 0, 1, 0, 30.18852
C:\Users\ayubb\Pictures\IMG\center_2026_07_29_19_33_55_418.jpg, C:\Users\ayubb\Pictures\IMG\left_2026_07_29_19_33_55_418.jpg, C:\Users\ayubb\Pictures\IMG\right_2026_07_29_19_33_55_418.jpg, 0, 1, 0, 30.18989
C:\Users\ayubb\Pictures\IMG\center_2026_07_29_19_33_55_520.jpg, C:\Users\ayubb\Pictures\IMG\left_2026_07_29_19_33_55_520.jpg, C:\Users\ayubb\Pictures\IMG\right_2026_07_29_19_33_55_520.jpg, -0.2458296, 1, 0, 30.1718
C:\Users\ayubb\Pictures\IMG\center_2026_07_29_19_33_55_621.jpg, C:\Users\ayubb\Pictures\IMG\left_2026_07_29_19_33_55_621.jpg, C:\Users\ayubb\Pictures\IMG\right_2026_07_29_19_33_55_621.jpg, -0.1725696, 1, 0, 30.18852
C:\Users\ayubb\Pictures\IMG\center_2026_07_29_19_33_55_724.jpg, C:\Users\ayubb\Pictures\IMG\left_2026_07_29_19_33_55_724.jpg, C:\Users\ayubb\Pictures\IMG\right_2026_07_29_19_33_55_724.jpg, 0, 1, 0, 30.18919
C:\Users\ayubb\Pictures\IMG\center_2026_07_29_19_33_55_827.jpg, C:\Users\ayubb\Pictures\IMG\left_2026_07_29_19_33_55_827.jpg, C:\Users\ayubb\Pictures\IMG\right_2026_07_29_19_33_55_827.jpg, 0.0104436, 1, 0, 30.18996
C:\Users\ayubb\Pictures\IMG\center_2026_07_29_19_33_55_927.jpg, C:\Users\ayubb\Pictures\IMG\left_2026_07_29_19_33_55_927.jpg, C:\Users\ayubb\Pictures\IMG\right_2026_07_29_19_33_55_927.jpg, 0.2322381, 1, 0, 30.1745
C:\Users\ayubb\Pictures\IMG\center_2026_07_29_19_33_56_030.jpg, C:\Users\ayubb\Pictures\IMG\left_2026_07_29_19_33_56_030.jpg, C:\Users\ayubb\Pictures\IMG\right_2026_07_29_19_33_56_030.jpg, 0, 1, 0, 30.1893
C:\Users\ayubb\Pictures\IMG\center_2026_07_29_19_33_56_132.jpg, C:\Users\ayubb\Pictures\IMG\left_2026_07_29_19_33_56_132.jpg, C:\Users\ayubb\Pictures\IMG\right_2026_07_29_19_33_56_132.jpg, -0.0220665, 1, 0, 30.18981
C:\Users\ayubb\Pictures\IMG\center_2026_07_29_19_33_56_232.jpg, C:\Users\ayubb\Pictures\IMG\left_2026_07_29_19_33_56_232.jpg, C:\Users\ayubb\Pictures\IMG\right_2026_07_29_19_33_56_232.jpg, -0.324462, 1, 0, 30.16301
C:\Users\ayubb\Pictures\IMG\center_2026_07_29_19_33_56_334.jpg, C:\Users\ayubb\Pictures\IMG\left_2026_07_29_19_33_56_334.jpg, C:\Users\ayubb\Pictures\IMG\right_2026_07_29_19_33_56_334.jpg, -0.111945, 1, 0, 30.1909
C:\Users\ayubb\Pictures\IMG\center_2026_07_29_19_33_56_437.jpg, C:\Users\ayubb\Pictures\IMG\left_2026_07_29_19_33_56_437.jpg, C:\Users\ayubb\Pictures\IMG\right_2026_07_29_19_33_56_437.jpg, 0, 1, 0, 30.1899
C:\Users\ayubb\Pictures\IMG\center_2026_07_29_19_33_56_537.jpg, C:\Users\ayubb\Pictures\IMG\left_2026_07_29_19_33_56_537.jpg, C:\Users\ayubb\Pictures\IMG\right_2026_07_29_19_33_56_537.jpg, 0, 1, 0, 30.19022
C:\Users\ayubb\Pictures\IMG\center_2026_07_29_19_33_56_640.jpg, C:\Users\ayubb\Pictures\IMG\left_2026_07_29_19_33_56_640.jpg, C:\Users\ayubb\Pictures\IMG\right_2026_07_29_19_33_56_640.jpg, 0, 1, 0, 30.19031
C:\Users\ayubb\Pictures\IMG\center_2026_07_29_19_33_56_742.jpg, C:\Users\ayubb\Pictures\IMG\left_2026_07_29_19_33_56_742.jpg, C:\Users\ayubb\Pictures\IMG\right_2026_07_29_19_33_56_742.jpg, 0, 1, 0, 30.19029
C:\Users\ayubb\Pictures\IMG\center_2026_07_29_19_33_56_843.jpg, C:\Users\ayubb\Pictures\IMG\left_2026_07_29_19_33_56_843.jpg, C:\Users\ayubb\Pictures\IMG\right_2026_07_29_19_33_56_843.jpg, 0, 1, 0, 30.19028
C:\Users\ayubb\Pictures\IMG\center_2026_07_29_19_33_56_945.jpg, C:\Users\ayubb\Pictures\IMG\left_2026_07_29_19_33_56_945.jpg, C:\Users\ayubb\Pictures\IMG\right_2026_07_29_19_33_56_945.jpg, 0, 1, 0, 30.19032
C:\Users\ayubb\Pictures\IMG\center_2026_07_29_19_33_57_047.jpg, C:\Users\ayubb\Pictures\IMG\left_2026_07_29_19_33_57_047.jpg, C:\Users\ayubb\Pictures\IMG\right_2026_07_29_19_33_57_047.jpg, 0, 1, 0, 30.19032
C:\Users\ayubb\Pictures\IMG\center_2026_07_29_19_33_57_148.jpg, C:\Users\ayubb\Pictures\IMG\left_2026_07_29_19_33_57_148.jpg, C:\Users\ayubb\Pictures\IMG\right_2026_07_29_19_33_57_148.jpg, 0, 1, 0, 30.19031
C:\Users\ayubb\Pictures\IMG\center_2026_07_29_19_33_57_250.jpg, C:\Users\ayubb\Pictures\IMG\left_2026_07_29_19_33_57_250.jpg, C:\Users\ayubb\Pictures\IMG\right_2026_07_29_19_33_57_250.jpg, 0.0536673, 1, 0, 30.18964
C:\Users\ayubb\Pictures\IMG\center_2026_07_29_19_33_57_352.jpg, C:\Users\ayubb\Pictures\IMG\left_2026_07_29_19_33_57_352.jpg, C:\Users\ayubb\Pictures\IMG\right_2026_07_29_19_33_57_352.jpg, 0, 1, 0, 30.1903
C:\Users\ayubb\Pictures\IMG\center_2026_07_29_19_33_57_453.jpg, C:\Users\ayubb\Pictures\IMG\left_2026_07_29_19_33_57_453.jpg, C:\Users\ayubb\Pictures\IMG\right_2026_07_29_19_33_57_453.jpg, 0, 1, 0, 30.19031
C:\Users\ayubb\Pictures\IMG\center_2026_07_29_19_33_57_553.jpg, C:\Users\ayubb\Pictures\IMG\left_2026_07_29_19_33_57_553.jpg, C:\Users\ayubb\Pictures\IMG\right_2026_07_29_19_33_57_553.jpg, -0.1867797, 1, 0, 30.18059
C:\Users\ayubb\Pictures\IMG\center_2026_07_29_19_33_57_655.jpg, C:\Users\ayubb\Pictures\IMG\left_2026_07_29_19_33_57_655.jpg, C:\Users\ayubb\Pictures\IMG\right_2026_07_29_19_33_57_655.jpg, -0.3038331, 1, 0, 30.17572
C:\Users\ayubb\Pictures\IMG\center_2026_07_29_19_33_57_758.jpg, C:\Users\ayubb\Pictures\IMG\left_2026_07_29_19_33_57_758.jpg, C:\Users\ayubb\Pictures\IMG\right_2026_07_29_19_33_57_758.jpg, 0, 1, 0, 30.18774
C:\Users\ayubb\Pictures\IMG\center_2026_07_29_19_33_57_857.jpg, C:\Users\ayubb\Pictures\IMG\left_2026_07_29_19_33_57_857.jpg, C:\Users\ayubb\Pictures\IMG\right_2026_07_29_19_33_57_857.jpg, 0.1139118, 1, 0, 30.18344
C:\Users\ayubb\Pictures\IMG\center_2026_07_29_19_33_57_959.jpg, C:\Users\ayubb\Pictures\IMG\left_2026_07_29_19_33_57_959.jpg, C:\Users\ayubb\Pictures\IMG\right_2026_07_29_19_33_57_959.jpg, 0.08678939, 1, 0, 30.18935
C:\Users\ayubb\Pictures\IMG\center_2026_07_29_19_33_58_062.jpg, C:\Users\ayubb\Pictures\IMG\left_2026_07_29_19_33_58_062.jpg, C:\Users\ayubb\Pictures\IMG\right_2026_07_29_19_33_58_062.jpg, 0, 1, 0, 30.19003
C:\Users\ayubb\Pictures\IMG\center_2026_07_29_19_33_58_162.jpg, C:\Users\ayubb\Pictures\IMG\left_2026_07_29_19_33_58_162.jpg, C:\Users\ayubb\Pictures\IMG\right_2026_07_29_19_33_58_162.jpg, 0, 1, 0, 30.19024
C:\Users\ayubb\Pictures\IMG\center_2026_07_29_19_33_58_262.jpg, C:\Users\ayubb\Pictures\IMG\left_2026_07_29_19_33_58_262.jpg, C:\Users\ayubb\Pictures\IMG\right_2026_07_29_19_33_58_262.jpg, 0, 1, 0, 30.19006
C:\Users\ayubb\Pictures\IMG\center_2026_07_29_19_33_58_366.jpg, C:\Users\ayubb\Pictures\IMG\left_2026_07_29_19_33_58_366.jpg, C:\Users\ayubb\Pictures\IMG\right_2026_07_29_19_33_58_366.jpg, 0, 1, 0, 30.19014
C:\Users\ayubb\Pictures\IMG\center_2026_07_29_19_33_58_468.jpg, C:\Users\ayubb\Pictures\IMG\left_2026_07_29_19_33_58_468.jpg, C:\Users\ayubb\Pictures\IMG\right_2026_07_29_19_33_58_468.jpg, 0, 1, 0, 30.1909
C:\Users\ayubb\Pictures\IMG\center_2026_07_29_19_33_58_570.jpg, C:\Users\ayubb\Pictures\IMG\left_2026_07_29_19_33_58_570.jpg, C:\Users\ayubb\Pictures\IMG\right_2026_07_29_19_33_58_570.jpg, 0, 1, 0, 30.19003
C:\Users\ayubb\Pictures\IMG\center_2026_07_29_19_33_58_671.jpg, C:\Users\ayubb\Pictures\IMG\left_2026_07_29_19_33_58_671.jpg, C:\Users\ayubb\Pictures\IMG\right_2026_07_29_19_33_58_671.jpg, 0, 1, 0, 30.19013
C:\Users\ayubb\Pictures\IMG\center_2026_07_29_19_33_58_773.jpg, C:\Users\ayubb\Pictures\IMG\left_2026_07_29_19_33_58_773.jpg, C:\Users\ayubb\Pictures\IMG\right_2026_07_29_19_33_58_773.jpg, 0, 1, 0, 30.19015
C:\Users\ayubb\Pictures\IMG\center_2026_07_29_19_33_58_875.jpg, C:\Users\ayubb\Pictures\IMG\left_2026_07_29_19_33_58_875.jpg, C:\Users\ayubb\Pictures\IMG\right_2026_07_29_19_33_58_875.jpg, 0, 1, 0, 30.18969
C:\Users\ayubb\Pictures\IMG\center_2026_07_29_19_33_58_978.jpg, C:\Users\ayubb\Pictures\IMG\left_2026_07_29_19_33_58_978.jpg, C:\Users\ayubb\Pictures\IMG\right_2026_07_29_19_33_58_978.jpg, 0, 1, 0, 30.1903
C:\Users\ayubb\Pictures\IMG\center_2026_07_29_19_33_59_080.jpg, C:\Users\ayubb\Pictures\IMG\left_2026_07_29_19_33_59_080.jpg, C:\Users\ayubb\Pictures\IMG\right_2026_07_29_19_33_59_080.jpg, 0, 1, 0, 30.18927
C:\Users\ayubb\Pictures\IMG\center_2026_07_29_19_33_59_182.jpg, C:\Users\ayubb\Pictures\IMG\left_2026_07_29_19_33_59_182.jpg, C:\Users\ayubb\Pictures\IMG\right_2026_07_29_19_33_59_182.jpg, 0, 1, 0, 30.19038
C:\Users\ayubb\Pictures\IMG\center_2026_07_29_19_33_59_284.jpg, C:\Users\ayubb\Pictures\IMG\left_2026_07_29_19_33_59_284.jpg, C:\Users\ayubb\Pictures\IMG\right_2026_07_29_19_33_59_284.jpg, 0, 1, 0, 30.19034
C:\Users\ayubb\Pictures\IMG\center_2026_07_29_19_33_59_383.jpg, C:\Users\ayubb\Pictures\IMG\left_2026_07_29_19_33_59_383.jpg, C:\Users\ayubb\Pictures\IMG\right_2026_07_29_19_33_59_383.jpg, 0, 1, 0, 30.19029
C:\Users\ayubb\Pictures\IMG\center_2026_07_29_19_33_59_485.jpg, C:\Users\ayubb\Pictures\IMG\left_2026_07_29_19_33_59_485.jpg, C:\Users\ayubb\Pictures\IMG\right_2026_07_29_19_33_59_485.jpg, 0, 1, 0, 30.19031
C:\Users\ayubb\Pictures\IMG\center_2026_07_29_19_33_59_586.jpg, C:\Users\ayubb\Pictures\IMG\left_2026_07_29_19_33_59_586.jpg, C:\Users\ayubb\Pictures\IMG\right_2026_07_29_19_33_59_586.jpg, 0, 1, 0, 30.19033
C:\Users\ayubb\Pictures\IMG\center_2026_07_29_19_33_59_686.jpg, C:\Users\ayubb\Pictures\IMG\left_2026_07_29_19_33_59_686.jpg, C:\Users\ayubb\Pictures\IMG\right_2026_07_29_19_33_59_686.jpg, 0, 1, 0, 30.19033
C:\Users\ayubb\Pictures\IMG\center_2026_07_29_19_33_59_786.jpg, C:\Users\ayubb\Pictures\IMG\left_2026_07_29_19_33_59_786.jpg, C:\Users\ayubb\Pictures\IMG\right_2026_07_29_19_33_59_786.jpg, 0, 1, 0, 30.19032
C:\Users\ayubb\Pictures\IMG\center_2026_07_29_19_33_59_889.jpg, C:\Users\ayubb\Pictures\IMG\left_2026_07_29_19_33_59_889.jpg, C:\Users\ayubb\Pictures\IMG\right_2026_07_29_19_33_59_889.jpg, 0, 1, 0, 30.19034
C:\Users\ayubb\Pictures\IMG\center_2026_07_29_19_33_59_990.jpg, C:\Users\ayubb\Pictures\IMG\left_2026_07_29_19_33_59_990.jpg, C:\Users\ayubb\Pictures\IMG\right_2026_07_29_19_33_59_990.jpg, 0, 1, 0, 30.19027
C:\Users\ayubb\Pictures\IMG\center_2026_07_29_19_34_00_092.jpg, C:\Users\ayubb\Pictures\IMG\left_2026_07_29_19_34_00_092.jpg, C:\Users\ayubb\Pictures\IMG\right_2026_07_29_19_34_00_092.jpg, 0, 1, 0, 30.19032
C:\Users\ayubb\Pictures\IMG\center_2026_07_29_19_34_00_193.jpg, C:\Users\ayubb\Pictures\IMG\left_2026_07_29_19_34_00_193.jpg, C:\Users\ayubb\Pictures\IMG\right_2026_07_29_19_34_00_193.jpg, 0, 1, 0, 30.19055
C:\Users\ayubb\Pictures\IMG\center_2026_07_29_19_34_00_295.jpg, C:\Users\ayubb\Pictures\IMG\left_2026_07_29_19_34_00_295.jpg, C:\Users\ayubb\Pictures\IMG\right_2026_07_29_19_34_00_295.jpg, -0.2702493, 1, 0, 30.17193
C:\Users\ayubb\Pictures\IMG\center_2026_07_29_19_34_00_399.jpg, C:\Users\ayubb\Pictures\IMG\left_2026_07_29_19_34_00_399.jpg, C:\Users\ayubb\Pictures\IMG\right_2026_07_29_19_34_00_399.jpg, 0, 1, 0, 30.18975
C:\Users\ayubb\Pictures\IMG\center_2026_07_29_19_34_00_499.jpg, C:\Users\ayubb\Pictures\IMG\left_2026_07_29_19_34_00_499.jpg, C:\Users\ayubb\Pictures\IMG\right_2026_07_29_19_34_00_499.jpg, 0, 1, 0, 30.19029
C:\Users\ayubb\Pictures\IMG\center_2026_07_29_19_34_00_600.jpg, C:\Users\ayubb\Pictures\IMG\left_2026_07_29_19_34_00_600.jpg, C:\Users\ayubb\Pictures\IMG\right_2026_07_29_19_34_00_600.jpg, 0, 1, 0, 30.19035
C:\Users\ayubb\Pictures\IMG\center_2026_07_29_19_34_00_701.jpg, C:\Users\ayubb\Pictures\IMG\left_2026_07_29_19_34_00_701.jpg, C:\Users\ayubb\Pictures\IMG\right_2026_07_29_19_34_00_701.jpg, 0, 1, 0, 30.19033
C:\Users\ayubb\Pictures\IMG\center_2026_07_29_19_34_00_803.jpg, C:\Users\ayubb\Pictures\IMG\left_2026_07_29_19_34_00_803.jpg, C:\Users\ayubb\Pictures\IMG\right_2026_07_29_19_34_00_803.jpg, -0.239886, 1, 0, 30.17519
C:\Users\ayubb\Pictures\IMG\center_2026_07_29_19_34_00_904.jpg, C:\Users\ayubb\Pictures\IMG\left_2026_07_29_19_34_00_904.jpg, C:\Users\ayubb\Pictures\IMG\right_2026_07_29_19_34_00_904.jpg, -0.2416671, 1, 0, 30.18526
C:\Users\ayubb\Pictures\IMG\center_2026_07_29_19_34_01_005.jpg, C:\Users\ayubb\Pictures\IMG\left_2026_07_29_19_34_01_005.jpg, C:\Users\ayubb\Pictures\IMG\right_2026_07_29_19_34_01_005.jpg, 0, 1, 0, 30.18748
C:\Users\ayubb\Pictures\IMG\center_2026_07_29_19_34_01_107.jpg, C:\Users\ayubb\Pictures\IMG\left_2026_07_29_19_34_01_107.jpg, C:\Users\ayubb\Pictures\IMG\right_2026_07_29_19_34_01_107.jpg, 0, 1, 0, 30.18973
C:\Users\ayubb\Pictures\IMG\center_2026_07_29_19_34_01_207.jpg, C:\Users\ayubb\Pictures\IMG\left_2026_07_29_19_34_01_207.jpg, C:\Users\ayubb\Pictures\IMG\right_2026_07_29_19_34_01_207.jpg, 0.0642186, 1, 0, 30.18847
C:\Users\ayubb\Pictures\IMG\center_2026_07_29_19_34_01_308.jpg, C:\Users\ayubb\Pictures\IMG\left_2026_07_29_19_34_01_308.jpg, C:\Users\ayubb\Pictures\IMG\right_2026_07_29_19_34_01_308.jpg, 0.1464561, 1, 0, 30.1867
C:\Users\ayubb\Pictures\IMG\center_2026_07_29_19_34_01_411.jpg, C:\Users\ayubb\Pictures\IMG\left_2026_07_29_19_34_01_411.jpg, C:\Users\ayubb\Pictures\IMG\right_2026_07_29_19_34_01_411.jpg, 0, 1, 0, 30.18973
C:\Users\ayubb\Pictures\IMG\center_2026_07_29_19_34_01_512.jpg, C:\Users\ayubb\Pictures\IMG\left_2026_07_29_19_34_01_512.jpg, C:\Users\ayubb\Pictures\IMG\right_2026_07_29_19_34_01_512.jpg, 0, 1, 0, 30.19012
C:\Users\ayubb\Pictures\IMG\center_2026_07_29_19_34_01_614.jpg, C:\Users\ayubb\Pictures\IMG\left_2026_07_29_19_34_01_614.jpg, C:\Users\ayubb\Pictures\IMG\right_2026_07_29_19_34_01_614.jpg, 0, 1, 0, 30.19062
C:\Users\ayubb\Pictures\IMG\center_2026_07_29_19_34_01_715.jpg, C:\Users\ayubb\Pictures\IMG\left_2026_07_29_19_34_01_715.jpg, C:\Users\ayubb\Pictures\IMG\right_2026_07_29_19_34_01_715.jpg, 0, 1, 0, 30.19035
C:\Users\ayubb\Pictures\IMG\center_2026_07_29_19_34_01_819.jpg, C:\Users\ayubb\Pictures\IMG\left_2026_07_29_19_34_01_819.jpg, C:\Users\ayubb\Pictures\IMG\right_2026_07_29_19_34_01_819.jpg, 0, 1, 0, 30.19027
C:\Users\ayubb\Pictures\IMG\center_2026_07_29_19_34_01_921.jpg, C:\Users\ayubb\Pictures\IMG\left_2026_07_29_19_34_01_921.jpg, C:\Users\ayubb\Pictures\IMG\right_2026_07_29_19_34_01_921.jpg, 0, 1, 0, 30.19033
C:\Users\ayubb\Pictures\IMG\center_2026_07_29_19_34_02_024.jpg, C:\Users\ayubb\Pictures\IMG\left_2026_07_29_19_34_02_024.jpg, C:\Users\ayubb\Pictures\IMG\right_2026_07_29_19_34_02_024.jpg, 0, 1, 0, 30.19032
C:\Users\ayubb\Pictures\IMG\center_2026_07_29_19_34_02_125.jpg, C:\Users\ayubb\Pictures\IMG\left_2026_07_29_19_34_02_125.jpg, C:\Users\ayubb\Pictures\IMG\right_2026_07_29_19_34_02_125.jpg, 0, 1, 0, 30.19029
C:\Users\ayubb\Pictures\IMG\center_2026_07_29_19_34_02_226.jpg, C:\Users\ayubb\Pictures\IMG\left_2026_07_29_19_34_02_226.jpg, C:\Users\ayubb\Pictures\IMG\right_2026_07_29_19_34_02_226.jpg, 0, 1, 0, 30.1903
C:\Users\ayubb\Pictures\IMG\center_2026_07_29_19_34_02_328.jpg, C:\Users\ayubb\Pictures\IMG\left_2026_07_29_19_34_02_328.jpg, C:\Users\ayubb\Pictures\IMG\right_2026_07_29_19_34_02_328.jpg, 0, 1, 0, 30.19033
C:\Users\ayubb\Pictures\IMG\center_2026_07_29_19_34_02_428.jpg, C:\Users\ayubb\Pictures\IMG\left_2026_07_29_19_34_02_428.jpg, C:\Users\ayubb\Pictures\IMG\right_2026_07_29_19_34_02_428.jpg, 0, 1, 0, 30.19027
C:\Users\ayubb\Pictures\IMG\center_2026_07_29_19_34_02_531.jpg, C:\Users\ayubb\Pictures\IMG\left_2026_07_29_19_34_02_531.jpg, C:\Users\ayubb\Pictures\IMG\right_2026_07_29_19_34_02_531.jpg, 0, 1, 0, 30.19086
C:\Users\ayubb\Pictures\IMG\center_2026_07_29_19_34_02_631.jpg, C:\Users\ayubb\Pictures\IMG\left_2026_07_29_19_34_02_631.jpg, C:\Users\ayubb\Pictures\IMG\right_2026_07_29_19_34_02_631.jpg, 0, 1, 0, 30.19057
C:\Users\ayubb\Pictures\IMG\center_2026_07_29_19_34_02_734.jpg, C:\Users\ayubb\Pictures\IMG\left_2026_07_29_19_34_02_734.jpg, C:\Users\ayubb\Pictures\IMG\right_2026_07_29_19_34_02_734.jpg, 0, 1, 0, 30.18992
C:\Users\ayubb\Pictures\IMG\center_2026_07_29_19_34_02_835.jpg, C:\Users\ayubb\Pictures\IMG\left_2026_07_29_19_34_02_835.jpg, C:\Users\ayubb\Pictures\IMG\right_2026_07_29_19_34_02_835.jpg, -0.0867351, 1, 0, 30.18868
C:\Users\ayubb\Pictures\IMG\center_2026_07_29_19_34_02_938.jpg, C:\Users\ayubb\Pictures\IMG\left_2026_07_29_19_34_02_938.jpg, C:\Users\ayubb\Pictures\IMG\right_2026_07_29_19_34_02_938.jpg, -0.1412095, 1, 0, 30.18921
C:\Users\ayubb\Pictures\IMG\center_2026_07_29_19_34_03_039.jpg, C:\Users\ayubb\Pictures\IMG\left_2026_07_29_19_34_03_039.jpg, C:\Users\ayubb\Pictures\IMG\right_2026_07_29_19_34_03_039.jpg, 0, 1, 0, 30.1899
C:\Users\ayubb\Pictures\IMG\center_2026_07_29_19_34_03_139.jpg, C:\Users\ayubb\Pictures\IMG\left_2026_07_29_19_34_03_139.jpg, C:\Users\ayubb\Pictures\IMG\right_2026_07_29_19_34_03_139.jpg, 0, 1, 0, 30.19036
C:\Users\ayubb\Pictures\IMG\center_2026_07_29_19_34_03_241.jpg, C:\Users\ayubb\Pictures\IMG\left_2026_07_29_19_34_03_241.jpg, C:\Users\ayubb\Pictures\IMG\right_2026_07_29_19_34_03_241.jpg, 0, 1, 0, 30.19034
C:\Users\ayubb\Pictures\IMG\center_2026_07_29_19_34_03_343.jpg, C:\Users\ayubb\Pictures\IMG\left_2026_07_29_19_34_03_343.jpg, C:\Users\ayubb\Pictures\IMG\right_2026_07_29_19_34_03_343.jpg, 0, 1, 0, 30.19041
C:\Users\ayubb\Pictures\IMG\center_2026_07_29_19_34_03_445.jpg, C:\Users\ayubb\Pictures\IMG\left_2026_07_29_19_34_03_445.jpg, C:\Users\ayubb\Pictures\IMG\right_2026_07_29_19_34_03_445.jpg, 0, 1, 0, 30.19021
C:\Users\ayubb\Pictures\IMG\center_2026_07_29_19_34_03_545.jpg, C:\Users\ayubb\Pictures\IMG\left_2026_07_29_19_34_03_545.jpg, C:\Users\ayubb\Pictures\IMG\right_2026_07_29_19_34_03_545.jpg, 0, 1, 0, 30.19033
C:\Users\ayubb\Pictures\IMG\center_2026_07_29_19_34_03_646.jpg, C:\Users\ayubb\Pictures\IMG\left_2026_07_29_19_34_03_646.jpg, C:\Users\ayubb\Pictures\IMG\right_2026_07_29_19_34_03_646.jpg, -0.1602579, 1, 0, 30.18318
C:\Users\ayubb\Pictures\IMG\center_2026_07_29_19_34_03_747.jpg, C:\Users\ayubb\Pictures\IMG\left_2026_07_29_19_34_03_747.jpg, C:\Users\ayubb\Pictures\IMG\right_2026_07_29_19_34_03_747.jpg, -0.1683031, 1, 0, 30.188
C:\Users\ayubb\Pictures\IMG\center_2026_07_29_19_34_03_848.jpg, C:\Users\ayubb\Pictures\IMG\left_2026_07_29_19_34_03_848.jpg, C:\Users\ayubb\Pictures\IMG\right_2026_07_29_19_34_03_848.jpg, 0, 1, 0, 30.19015
C:\Users\ayubb\Pictures\IMG\center_2026_07_29_19_34_03_949.jpg, C:\Users\ayubb\Pictures\IMG\left_2026_07_29_19_34_03_949.jpg, C:\Users\ayubb\Pictures\IMG\right_2026_07_29_19_34_03_949.jpg, 0, 1, 0, 30.19021
C:\Users\ayubb\Pictures\IMG\center_2026_07_29_19_34_04_050.jpg, C:\Users\ayubb\Pictures\IMG\left_2026_07_29_19_34_04_050.jpg, C:\Users\ayubb\Pictures\IMG\right_2026_07_29_19_34_04_050.jpg, 0, 1, 0, 30.19028
C:\Users\ayubb\Pictures\IMG\center_2026_07_29_19_34_04_150.jpg, C:\Users\ayubb\Pictures\IMG\left_2026_07_29_19_34_04_150.jpg, C:\Users\ayubb\Pictures\IMG\right_2026_07_29_19_34_04_150.jpg, 0, 1, 0, 30.19031
C:\Users\ayubb\Pictures\IMG\center_2026_07_29_19_34_04_252.jpg, C:\Users\ayubb\Pictures\IMG\left_2026_07_29_19_34_04_252.jpg, C:\Users\ayubb\Pictures\IMG\right_2026_07_29_19_34_04_252.jpg, -0.2261427, 1, 0, 30.17712
C:\Users\ayubb\Pictures\IMG\center_2026_07_29_19_34_04_353.jpg, C:\Users\ayubb\Pictures\IMG\left_2026_07_29_19_34_04_353.jpg, C:\Users\ayubb\Pictures\IMG\right_2026_07_29_19_34_04_353.jpg, -0.1735798, 1, 0, 30.18918
C:\Users\ayubb\Pictures\IMG\center_2026_07_29_19_34_04_456.jpg, C:\Users\ayubb\Pictures\IMG\left_2026_07_29_19_34_04_456.jpg, C:\Users\ayubb\Pictures\IMG\right_2026_07_29_19_34_04_456.jpg, 0, 1, 0, 30.18937
C:\Users\ayubb\Pictures\IMG\center_2026_07_29_19_34_04_558.jpg, C:\Users\ayubb\Pictures\IMG\left_2026_07_29_19_34_04_558.jpg, C:\Users\ayubb\Pictures\IMG\right_2026_07_29_19_34_04_558.jpg, 0, 1, 0, 30.19023
C:\Users\ayubb\Pictures\IMG\center_2026_07_29_19_34_04_659.jpg, C:\Users\ayubb\Pictures\IMG\left_2026_07_29_19_34_04_659.jpg, C:\Users\ayubb\Pictures\IMG\right_2026_07_29_19_34_04_659.jpg, 0, 1, 0, 30.19043
C:\Users\ayubb\Pictures\IMG\center_2026_07_29_19_34_04_759.jpg, C:\Users\ayubb\Pictures\IMG\left_2026_07_29_19_34_04_759.jpg, C:\Users\ayubb\Pictures\IMG\right_2026_07_29_19_34_04_759.jpg, 0, 1, 0, 30.19027
C:\Users\ayubb\Pictures\IMG\center_2026_07_29_19_34_04_861.jpg, C:\Users\ayubb\Pictures\IMG\left_2026_07_29_19_34_04_861.jpg, C:\Users\ayubb\Pictures\IMG\right_2026_07_29_19_34_04_861.jpg, 0, 1, 0, 30.19005
C:\Users\ayubb\Pictures\IMG\center_2026_07_29_19_34_04_963.jpg, C:\Users\ayubb\Pictures\IMG\left_2026_07_29_19_34_04_963.jpg, C:\Users\ayubb\Pictures\IMG\right_2026_07_29_19_34_04_963.jpg, 0, 1, 0, 30.19029
C:\Users\ayubb\Pictures\IMG\center_2026_07_29_19_34_05_063.jpg, C:\Users\ayubb\Pictures\IMG\left_2026_07_29_19_34_05_063.jpg, C:\Users\ayubb\Pictures\IMG\right_2026_07_29_19_34_05_063.jpg, 0, 1, 0, 30.19029
C:\Users\ayubb\Pictures\IMG\center_2026_07_29_19_34_05_163.jpg, C:\Users\ayubb\Pictures\IMG\left_2026_07_29_19_34_05_163.jpg, C:\Users\ayubb\Pictures\IMG\right_2026_07_29_19_34_05_163.jpg, 0, 1, 0, 30.19026
C:\Users\ayubb\Pictures\IMG\center_2026_07_29_19_34_05_265.jpg, C:\Users\ayubb\Pictures\IMG\left_2026_07_29_19_34_05_265.jpg, C:\Users\ayubb\Pictures\IMG\right_2026_07_29_19_34_05_265.jpg, 0, 1, 0, 30.19026
C:\Users\ayubb\Pictures\IMG\center_2026_07_29_19_34_05_366.jpg, C:\Users\ayubb\Pictures\IMG\left_2026_07_29_19_34_05_366.jpg, C:\Users\ayubb\Pictures\IMG\right_2026_07_29_19_34_05_366.jpg, 0, 1, 0, 30.19031
C:\Users\ayubb\Pictures\IMG\center_2026_07_29_19_34_05_467.jpg, C:\Users\ayubb\Pictures\IMG\left_2026_07_29_19_34_05_467.jpg, C:\Users\ayubb\Pictures\IMG\right_2026_07_29_19_34_05_467.jpg, 0, 1, 0, 30.19031
C:\Users\ayubb\Pictures\IMG\center_2026_07_29_19_34_05_570.jpg, C:\Users\ayubb\Pictures\IMG\left_2026_07_29_19_34_05_570.jpg, C:\Users\ayubb\Pictures\IMG\right_2026_07_29_19_34_05_570.jpg, 0, 1, 0, 30.19023
C:\Users\ayubb\Pictures\IMG\center_2026_07_29_19_34_05_670.jpg, C:\Users\ayubb\Pictures\IMG\left_2026_07_29_19_34_05_670.jpg, C:\Users\ayubb\Pictures\IMG\right_2026_07_29_19_34_05_670.jpg, 0, 1, 0, 30.19038
C:\Users\ayubb\Pictures\IMG\center_2026_07_29_19_34_05_770.jpg, C:\Users\ayubb\Pictures\IMG\left_2026_07_29_19_34_05_770.jpg, C:\Users\ayubb\Pictures\IMG\right_2026_07_29_19_34_05_770.jpg, -0.2646477, 1, 0, 30.17233
C:\Users\ayubb\Pictures\IMG\center_2026_07_29_19_34_05_872.jpg, C:\Users\ayubb\Pictures\IMG\left_2026_07_29_19_34_05_872.jpg, C:\Users\ayubb\Pictures\IMG\right_2026_07_29_19_34_05_872.jpg, -0.3735966, 1, 0, 30.17072
C:\Users\ayubb\Pictures\IMG\center_2026_07_29_19_34_05_974.jpg, C:\Users\ayubb\Pictures\IMG\left_2026_07_29_19_34_05_974.jpg, C:\Users\ayubb\Pictures\IMG\right_2026_07_29_19_34_05_974.jpg, -0.07176235, 1, 0, 30.19095
C:\Users\ayubb\Pictures\IMG\center_2026_07_29_19_34_06_076.jpg, C:\Users\ayubb\Pictures\IMG\left_2026_07_29_19_34_06_076.jpg, C:\Users\ayubb\Pictures\IMG\right_2026_07_29_19_34_06_076.jpg, 0, 1, 0, 30.18964
C:\Users\ayubb\Pictures\IMG\center_2026_07_29_19_34_06_177.jpg, C:\Users\ayubb\Pictures\IMG\left_2026_07_29_19_34_06_177.jpg, C:\Users\ayubb\Pictures\IMG\right_2026_07_29_19_34_06_177.jpg, 0, 1, 0, 30.19025
C:\Users\ayubb\Pictures\IMG\center_2026_07_29_19_34_06_277.jpg, C:\Users\ayubb\Pictures\IMG\left_2026_07_29_19_34_06_277.jpg, C:\Users\ayubb\Pictures\IMG\right_2026_07_29_19_34_06_277.jpg, 0, 1, 0, 30.19029
C:\Users\ayubb\Pictures\IMG\center_2026_07_29_19_34_06_379.jpg, C:\Users\ayubb\Pictures\IMG\left_2026_07_29_19_34_06_379.jpg, C:\Users\ayubb\Pictures\IMG\right_2026_07_29_19_34_06_379.jpg, 0, 1, 0, 30.19031
C:\Users\ayubb\Pictures\IMG\center_2026_07_29_19_34_06_482.jpg, C:\Users\ayubb\Pictures\IMG\left_2026_07_29_19_34_06_482.jpg, C:\Users\ayubb\Pictures\IMG\right_2026_07_29_19_34_06_482.jpg, -0.0398175, 1, 0, 30.18994
C:\Users\ayubb\Pictures\IMG\center_2026_07_29_19_34_06_582.jpg, C:\Users\ayubb\Pictures\IMG\left_2026_07_29_19_34_06_582.jpg, C:\Users\ayubb\Pictures\IMG\right_2026_07_29_19_34_06_582.jpg, -0.3344067, 1, 0, 30.16352
C:\Users\ayubb\Pictures\IMG\center_2026_07_29_19_34_06_685.jpg, C:\Users\ayubb\Pictures\IMG\left_2026_07_29_19_34_06_685.jpg, C:\Users\ayubb\Pictures\IMG\right_2026_07_29_19_34_06_685.jpg, -0.06943975, 1, 0, 30.19115
C:\Users\ayubb\Pictures\IMG\center_2026_07_29_19_34_06_784.jpg, C:\Users\ayubb\Pictures\IMG\left_2026_07_29_19_34_06_784.jpg, C:\Users\ayubb\Pictures\IMG\right_2026_07_29_19_34_06_784.jpg, 0, 1, 0, 30.1898
C:\Users\ayubb\Pictures\IMG\center_2026_07_29_19_34_06_886.jpg, C:\Users\ayubb\Pictures\IMG\left_2026_07_29_19_34_06_886.jpg, C:\Users\ayubb\Pictures\IMG\right_2026_07_29_19_34_06_886.jpg, 0, 1, 0, 30.1902
C:\Users\ayubb\Pictures\IMG\center_2026_07_29_19_34_06_987.jpg, C:\Users\ayubb\Pictures\IMG\left_2026_07_29_19_34_06_987.jpg, C:\Users\ayubb\Pictures\IMG\right_2026_07_29_19_34_06_987.jpg, -0.1656153, 1, 0, 30.18384
C:\Users\ayubb\Pictures\IMG\center_2026_07_29_19_34_07_089.jpg, C:\Users\ayubb\Pictures\IMG\left_2026_07_29_19_34_07_089.jpg, C:\Users\ayubb\Pictures\IMG\right_2026_07_29_19_34_07_089.jpg, -0.1718265, 1, 0, 30.18864
C:\Users\ayubb\Pictures\IMG\center_2026_07_29_19_34_07_190.jpg, C:\Users\ayubb\Pictures\IMG\left_2026_07_29_19_34_07_190.jpg, C:\Users\ayubb\Pictures\IMG\right_2026_07_29_19_34_07_190.jpg, 0, 1, 0, 30.18968
C:\Users\ayubb\Pictures\IMG\center_2026_07_29_19_34_07_291.jpg, C:\Users\ayubb\Pictures\IMG\left_2026_07_29_19_34_07_291.jpg, C:\Users\ayubb\Pictures\IMG\right_2026_07_29_19_34_07_291.jpg, 0, 1, 0, 30.18996
C:\Users\ayubb\Pictures\IMG\center_2026_07_29_19_34_07_392.jpg, C:\Users\ayubb\Pictures\IMG\left_2026_07_29_19_34_07_392.jpg, C:\Users\ayubb\Pictures\IMG\right_2026_07_29_19_34_07_392.jpg, 0, 1, 0, 30.1887
C:\Users\ayubb\Pictures\IMG\center_2026_07_29_19_34_07_493.jpg, C:\Users\ayubb\Pictures\IMG\left_2026_07_29_19_34_07_493.jpg, C:\Users\ayubb\Pictures\IMG\right_2026_07_29_19_34_07_493.jpg, 0, 1, 0, 30.19012
C:\Users\ayubb\Pictures\IMG\center_2026_07_29_19_34_07_593.jpg, C:\Users\ayubb\Pictures\IMG\left_2026_07_29_19_34_07_593.jpg, C:\Users\ayubb\Pictures\IMG\right_2026_07_29_19_34_07_593.jpg, 0, 1, 0, 30.18957
C:\Users\ayubb\Pictures\IMG\center_2026_07_29_19_34_07_694.jpg, C:\Users\ayubb\Pictures\IMG\left_2026_07_29_19_34_07_694.jpg, C:\Users\ayubb\Pictures\IMG\right_2026_07_29_19_34_07_694.jpg, 0, 1, 0, 30.19068
C:\Users\ayubb\Pictures\IMG\center_2026_07_29_19_34_07_795.jpg, C:\Users\ayubb\Pictures\IMG\left_2026_07_29_19_34_07_795.jpg, C:\Users\ayubb\Pictures\IMG\right_2026_07_29_19_34_07_795.jpg, -0.2579118, 1, 0, 30.17298
C:\Users\ayubb\Pictures\IMG\center_2026_07_29_19_34_07_896.jpg, C:\Users\ayubb\Pictures\IMG\left_2026_07_29_19_34_07_896.jpg, C:\Users\ayubb\Pictures\IMG\right_2026_07_29_19_34_07_896.jpg, 0, 1, 0, 30.18958
C:\Users\ayubb\Pictures\IMG\center_2026_07_29_19_34_07_997.jpg, C:\Users\ayubb\Pictures\IMG\left_2026_07_29_19_34_07_997.jpg, C:\Users\ayubb\Pictures\IMG\right_2026_07_29_19_34_07_997.jpg, 0, 1, 0, 30.19013
C:\Users\ayubb\Pictures\IMG\center_2026_07_29_19_34_08_099.jpg, C:\Users\ayubb\Pictures\IMG\left_2026_07_29_19_34_08_099.jpg, C:\Users\ayubb\Pictures\IMG\right_2026_07_29_19_34_08_099.jpg, -0.0575466, 1, 0, 30.18972
C:\Users\ayubb\Pictures\IMG\center_2026_07_29_19_34_08_201.jpg, C:\Users\ayubb\Pictures\IMG\left_2026_07_29_19_34_08_201.jpg, C:\Users\ayubb\Pictures\IMG\right_2026_07_29_19_34_08_201.jpg, -0.3171612, 1, 0, 30.16808
C:\Users\ayubb\Pictures\IMG\center_2026_07_29_19_34_08_302.jpg, C:\Users\ayubb\Pictures\IMG\left_2026_07_29_19_34_08_302.jpg, C:\Users\ayubb\Pictures\IMG\right_2026_07_29_19_34_08_302.jpg, -0.0206577, 1, 0, 30.19
C:\Users\ayubb\Pictures\IMG\center_2026_07_29_19_34_08_402.jpg, C:\Users\ayubb\Pictures\IMG\left_2026_07_29_19_34_08_402.jpg, C:\Users\ayubb\Pictures\IMG\right_2026_07_29_19_34_08_402.jpg, -0.0677805, 1, 0, 30.19113
C:\Users\ayubb\Pictures\IMG\center_2026_07_29_19_34_08_505.jpg, C:\Users\ayubb\Pictures\IMG\left_2026_07_29_19_34_08_505.jpg, C:\Users\ayubb\Pictures\IMG\right_2026_07_29_19_34_08_505.jpg, -0.3723985, 1, 0, 30.16235
C:\Users\ayubb\Pictures\IMG\center_2026_07_29_19_34_08_607.jpg, C:\Users\ayubb\Pictures\IMG\left_2026_07_29_19_34_08_607.jpg, C:\Users\ayubb\Pictures\IMG\right_2026_07_29_19_34_08_607.jpg, -0.07450239, 1, 0, 30.1915
C:\Users\ayubb\Pictures\IMG\center_2026_07_29_19_34_08_708.jpg, C:\Users\ayubb\Pictures\IMG\left_2026_07_29_19_34_08_708.jpg, C:\Users\ayubb\Pictures\IMG\right_2026_07_29_19_34_08_708.jpg, -0.0551325, 1, 0, 30.18998
C:\Users\ayubb\Pictures\IMG\center_2026_07_29_19_34_08_809.jpg, C:\Users\ayubb\Pictures\IMG\left_2026_07_29_19_34_08_809.jpg, C:\Users\ayubb\Pictures\IMG\right_2026_07_29_19_34_08_809.jpg, -0.2641838, 1, 0, 30.17768
C:\Users\ayubb\Pictures\IMG\center_2026_07_29_19_34_08_910.jpg, C:\Users\ayubb\Pictures\IMG\left_2026_07_29_19_34_08_910.jpg, C:\Users\ayubb\Pictures\IMG\right_2026_07_29_19_34_08_910.jpg, 0, 1, 0, 30.18691
C:\Users\ayubb\Pictures\IMG\center_2026_07_29_19_34_09_010.jpg, C:\Users\ayubb\Pictures\IMG\left_2026_07_29_19_34_09_010.jpg, C:\Users\ayubb\Pictures\IMG\right_2026_07_29_19_34_09_010.jpg, 0, 1, 0, 30.19011
C:\Users\ayubb\Pictures\IMG\center_2026_07_29_19_34_09_112.jpg, C:\Users\ayubb\Pictures\IMG\left_2026_07_29_19_34_09_112.jpg, C:\Users\ayubb\Pictures\IMG\right_2026_07_29_19_34_09_112.jpg, -0.0873774, 1, 0, 30.18779
C:\Users\ayubb\Pictures\IMG\center_2026_07_29_19_34_09_212.jpg, C:\Users\ayubb\Pictures\IMG\left_2026_07_29_19_34_09_212.jpg, C:\Users\ayubb\Pictures\IMG\right_2026_07_29_19_34_09_212.jpg, -0.2825448, 1, 0, 30.17336
C:\Users\ayubb\Pictures\IMG\center_2026_07_29_19_34_09_315.jpg, C:\Users\ayubb\Pictures\IMG\left_2026_07_29_19_34_09_315.jpg, C:\Users\ayubb\Pictures\IMG\right_2026_07_29_19_34_09_315.jpg, 0, 1, 0, 30.18893
C:\Users\ayubb\Pictures\IMG\center_2026_07_29_19_34_09_417.jpg, C:\Users\ayubb\Pictures\IMG\left_2026_07_29_19_34_09_417.jpg, C:\Users\ayubb\Pictures\IMG\right_2026_07_29_19_34_09_417.jpg, 0, 1, 0, 30.18992
C:\Users\ayubb\Pictures\IMG\center_2026_07_29_19_34_09_518.jpg, C:\Users\ayubb\Pictures\IMG\left_2026_07_29_19_34_09_518.jpg, C:\Users\ayubb\Pictures\IMG\right_2026_07_29_19_34_09_518.jpg, 0, 1, 0, 30.19002
C:\Users\ayubb\Pictures\IMG\center_2026_07_29_19_34_09_618.jpg, C:\Users\ayubb\Pictures\IMG\left_2026_07_29_19_34_09_618.jpg, C:\Users\ayubb\Pictures\IMG\right_2026_07_29_19_34_09_618.jpg, 0, 1, 0, 30.19106
C:\Users\ayubb\Pictures\IMG\center_2026_07_29_19_34_09_721.jpg, C:\Users\ayubb\Pictures\IMG\left_2026_07_29_19_34_09_721.jpg, C:\Users\ayubb\Pictures\IMG\right_2026_07_29_19_34_09_721.jpg, 0, 1, 0, 30.19037
C:\Users\ayubb\Pictures\IMG\center_2026_07_29_19_34_09_823.jpg, C:\Users\ayubb\Pictures\IMG\left_2026_07_29_19_34_09_823.jpg, C:\Users\ayubb\Pictures\IMG\right_2026_07_29_19_34_09_823.jpg, -0.1593318, 1, 0, 30.18399
C:\Users\ayubb\Pictures\IMG\center_2026_07_29_19_34_09_923.jpg, C:\Users\ayubb\Pictures\IMG\left_2026_07_29_19_34_09_923.jpg, C:\Users\ayubb\Pictures\IMG\right_2026_07_29_19_34_09_923.jpg, -0.408172, 1, 0, 30.15507
C:\Users\ayubb\Pictures\IMG\center_2026_07_29_19_34_10_025.jpg, C:\Users\ayubb\Pictures\IMG\left_2026_07_29_19_34_10_025.jpg, C:\Users\ayubb\Pictures\IMG\right_2026_07_29_19_34_10_025.jpg, -0.1073752, 1, 0, 30.19183
C:\Users\ayubb\Pictures\IMG\center_2026_07_29_19_34_10_127.jpg, C:\Users\ayubb\Pictures\IMG\left_2026_07_29_19_34_10_127.jpg, C:\Users\ayubb\Pictures\IMG\right_2026_07_29_19_34_10_127.jpg, 0, 1, 0, 30.18903
C:\Users\ayubb\Pictures\IMG\center_2026_07_29_19_34_10_227.jpg, C:\Users\ayubb\Pictures\IMG\left_2026_07_29_19_34_10_227.jpg, C:\Users\ayubb\Pictures\IMG\right_2026_07_29_19_34_10_227.jpg, 0, 1, 0, 30.18995
C:\Users\ayubb\Pictures\IMG\center_2026_07_29_19_34_10_329.jpg, C:\Users\ayubb\Pictures\IMG\left_2026_07_29_19_34_10_329.jpg, C:\Users\ayubb\Pictures\IMG\right_2026_07_29_19_34_10_329.jpg, -0.1155249, 1, 0, 30.18803
C:\Users\ayubb\Pictures\IMG\center_2026_07_29_19_34_10_429.jpg, C:\Users\ayubb\Pictures\IMG\left_2026_07_29_19_34_10_429.jpg, C:\Users\ayubb\Pictures\IMG\right_2026_07_29_19_34_10_429.jpg, -0.08547782, 1, 0, 30.19045
C:\Users\ayubb\Pictures\IMG\center_2026_07_29_19_34_10_530.jpg, C:\Users\ayubb\Pictures\IMG\left_2026_07_29_19_34_10_530.jpg, C:\Users\ayubb\Pictures\IMG\right_2026_07_29_19_34_10_530.jpg, 0, 1, 0, 30.19075
C:\Users\ayubb\Pictures\IMG\center_2026_07_29_19_34_10_630.jpg, C:\Users\ayubb\Pictures\IMG\left_2026_07_29_19_34_10_630.jpg, C:\Users\ayubb\Pictures\IMG\right_2026_07_29_19_34_10_630.jpg, -0.1070919, 1, 0, 30.18829
C:\Users\ayubb\Pictures\IMG\center_2026_07_29_19_34_10_733.jpg, C:\Users\ayubb\Pictures\IMG\left_2026_07_29_19_34_10_733.jpg, C:\Users\ayubb\Pictures\IMG\right_2026_07_29_19_34_10_733.jpg, -0.2429304, 1, 0, 30.17964
C:\Users\ayubb\Pictures\IMG\center_2026_07_29_19_34_10_835.jpg, C:\Users\ayubb\Pictures\IMG\left_2026_07_29_19_34_10_835.jpg, C:\Users\ayubb\Pictures\IMG\right_2026_07_29_19_34_10_835.jpg, 0, 1, 0, 30.18863
C:\Users\ayubb\Pictures\IMG\center_2026_07_29_19_34_10_936.jpg, C:\Users\ayubb\Pictures\IMG\left_2026_07_29_19_34_10_936.jpg, C:\Users\ayubb\Pictures\IMG\right_2026_07_29_19_34_10_936.jpg, -0.3001181, 1, 0, 30.17552
C:\Users\ayubb\Pictures\IMG\center_2026_07_29_19_34_11_035.jpg, C:\Users\ayubb\Pictures\IMG\left_2026_07_29_19_34_11_035.jpg, C:\Users\ayubb\Pictures\IMG\right_2026_07_29_19_34_11_035.jpg, -0.106748, 1, 0, 30.19185
C:\Users\ayubb\Pictures\IMG\center_2026_07_29_19_34_11_138.jpg, C:\Users\ayubb\Pictures\IMG\left_2026_07_29_19_34_11_138.jpg, C:\Users\ayubb\Pictures\IMG\right_2026_07_29_19_34_11_138.jpg, -0.1826271, 1, 0, 30.18755
C:\Users\ayubb\Pictures\IMG\center_2026_07_29_19_34_11_239.jpg, C:\Users\ayubb\Pictures\IMG\left_2026_07_29_19_34_11_239.jpg, C:\Users\ayubb\Pictures\IMG\right_2026_07_29_19_34_11_239.jpg, -0.1109976, 1, 0, 30.19115
C:\Users\ayubb\Pictures\IMG\center_2026_07_29_19_34_11_342.jpg, C:\Users\ayubb\Pictures\IMG\left_2026_07_29_19_34_11_342.jpg, C:\Users\ayubb\Pictures\IMG\right_2026_07_29_19_34_11_342.jpg, -0.144912, 1, 0, 30.18864
C:\Users\ayubb\Pictures\IMG\center_2026_07_29_19_34_11_443.jpg, C:\Users\ayubb\Pictures\IMG\left_2026_07_29_19_34_11_443.jpg, C:\Users\ayubb\Pictures\IMG\right_2026_07_29_19_34_11_443.jpg, -0.2392266, 1, 0, 30.18467
C:\Users\ayubb\Pictures\IMG\center_2026_07_29_19_34_11_546.jpg, C:\Users\ayubb\Pictures\IMG\left_2026_07_29_19_34_11_546.jpg, C:\Users\ayubb\Pictures\IMG\right_2026_07_29_19_34_11_546.jpg, -0.164877, 1, 0, 30.18899
C:\Users\ayubb\Pictures\IMG\center_2026_07_29_19_34_11_647.jpg, C:\Users\ayubb\Pictures\IMG\left_2026_07_29_19_34_11_647.jpg, C:\Users\ayubb\Pictures\IMG\right_2026_07_29_19_34_11_647.jpg, -0.1244974, 1, 0, 30.19147
C:\Users\ayubb\Pictures\IMG\center_2026_07_29_19_34_11_748.jpg, C:\Users\ayubb\Pictures\IMG\left_2026_07_29_19_34_11_748.jpg, C:\Users\ayubb\Pictures\IMG\right_2026_07_29_19_34_11_748.jpg, 0, 1, 0, 30.18887
C:\Users\ayubb\Pictures\IMG\center_2026_07_29_19_34_11_849.jpg, C:\Users\ayubb\Pictures\IMG\left_2026_07_29_19_34_11_849.jpg, C:\Users\ayubb\Pictures\IMG\right_2026_07_29_19_34_11_849.jpg, 0, 1, 0, 30.1903
C:\Users\ayubb\Pictures\IMG\center_2026_07_29_19_34_11_951.jpg, C:\Users\ayubb\Pictures\IMG\left_2026_07_29_19_34_11_951.jpg, C:\Users\ayubb\Pictures\IMG\right_2026_07_29_19_34_11_951.jpg, 0, 1, 0, 30.19004
C:\Users\ayubb\Pictures\IMG\center_2026_07_29_19_34_12_051.jpg, C:\Users\ayubb\Pictures\IMG\left_2026_07_29_19_34_12_051.jpg, C:\Users\ayubb\Pictures\IMG\right_2026_07_29_19_34_12_051.jpg, 0, 1, 0, 30.18998
C:\Users\ayubb\Pictures\IMG\center_2026_07_29_19_34_12_153.jpg, C:\Users\ayubb\Pictures\IMG\left_2026_07_29_19_34_12_153.jpg, C:\Users\ayubb\Pictures\IMG\right_2026_07_29_19_34_12_153.jpg, 0, 1, 0, 30.19001
C:\Users\ayubb\Pictures\IMG\center_2026_07_29_19_34_12_254.jpg, C:\Users\ayubb\Pictures\IMG\left_2026_07_29_19_34_12_254.jpg, C:\Users\ayubb\Pictures\IMG\right_2026_07_29_19_34_12_254.jpg, 0.1787919, 1, 0, 30.18304
C:\Users\ayubb\Pictures\IMG\center_2026_07_29_19_34_12_357.jpg, C:\Users\ayubb\Pictures\IMG\left_2026_07_29_19_34_12_357.jpg, C:\Users\ayubb\Pictures\IMG\right_2026_07_29_19_34_12_357.jpg, 0.025686, 1, 0, 30.19034
C:\Users\ayubb\Pictures\IMG\center_2026_07_29_19_34_12_458.jpg, C:\Users\ayubb\Pictures\IMG\left_2026_07_29_19_34_12_458.jpg, C:\Users\ayubb\Pictures\IMG\right_2026_07_29_19_34_12_458.jpg, 0, 1, 0, 30.19101
C:\Users\ayubb\Pictures\IMG\center_2026_07_29_19_34_12_560.jpg, C:\Users\ayubb\Pictures\IMG\left_2026_07_29_19_34_12_560.jpg, C:\Users\ayubb\Pictures\IMG\right_2026_07_29_19_34_12_560.jpg, 0, 1, 0, 30.19061
C:\Users\ayubb\Pictures\IMG\center_2026_07_29_19_34_12_661.jpg, C:\Users\ayubb\Pictures\IMG\left_2026_07_29_19_34_12_661.jpg, C:\Users\ayubb\Pictures\IMG\right_2026_07_29_19_34_12_661.jpg, -0.1578426, 1, 0, 30.18276
C:\Users\ayubb\Pictures\IMG\center_2026_07_29_19_34_12_761.jpg, C:\Users\ayubb\Pictures\IMG\left_2026_07_29_19_34_12_761.jpg, C:\Users\ayubb\Pictures\IMG\right_2026_07_29_19_34_12_761.jpg, -0.3611022, 1, 0, 30.16214
C:\Users\ayubb\Pictures\IMG\center_2026_07_29_19_34_12_862.jpg, C:\Users\ayubb\Pictures\IMG\left_2026_07_29_19_34_12_862.jpg, C:\Users\ayubb\Pictures\IMG\right_2026_07_29_19_34_12_862.jpg, -0.05844006, 1, 0, 30.19078
C:\Users\ayubb\Pictures\IMG\center_2026_07_29_19_34_12_962.jpg, C:\Users\ayubb\Pictures\IMG\left_2026_07_29_19_34_12_962.jpg, C:\Users\ayubb\Pictures\IMG\right_2026_07_29_19_34_12_962.jpg, 0, 1, 0, 30.18993
C:\Users\ayubb\Pictures\IMG\center_2026_07_29_19_34_13_064.jpg, C:\Users\ayubb\Pictures\IMG\left_2026_07_29_19_34_13_064.jpg, C:\Users\ayubb\Pictures\IMG\right_2026_07_29_19_34_13_064.jpg, -0.2335059, 1, 0, 30.17957
C:\Users\ayubb\Pictures\IMG\center_2026_07_29_19_34_13_166.jpg, C:\Users\ayubb\Pictures\IMG\left_2026_07_29_19_34_13_166.jpg, C:\Users\ayubb\Pictures\IMG\right_2026_07_29_19_34_13_166.jpg, 0, 1, 0, 30.19014
C:\Users\ayubb\Pictures\IMG\center_2026_07_29_19_34_13_267.jpg, C:\Users\ayubb\Pictures\IMG\left_2026_07_29_19_34_13_267.jpg, C:\Users\ayubb\Pictures\IMG\right_2026_07_29_19_34_13_267.jpg, 0, 1, 0, 30.19035
C:\Users\ayubb\Pictures\IMG\center_2026_07_29_19_34_13_367.jpg, C:\Users\ayubb\Pictures\IMG\left_2026_07_29_19_34_13_367.jpg, C:\Users\ayubb\Pictures\IMG\right_2026_07_29_19_34_13_367.jpg, 0.0077004, 1, 0, 30.19038
C:\Users\ayubb\Pictures\IMG\center_2026_07_29_19_34_13_469.jpg, C:\Users\ayubb\Pictures\IMG\left_2026_07_29_19_34_13_469.jpg, C:\Users\ayubb\Pictures\IMG\right_2026_07_29_19_34_13_469.jpg, 0.122037, 1, 0, 30.18717
C:\Users\ayubb\Pictures\IMG\center_2026_07_29_19_34_13_569.jpg, C:\Users\ayubb\Pictures\IMG\left_2026_07_29_19_34_13_569.jpg, C:\Users\ayubb\Pictures\IMG\right_2026_07_29_19_34_13_569.jpg, 0, 1, 0, 30.19015
C:\Users\ayubb\Pictures\IMG\center_2026_07_29_19_34_13_672.jpg, C:\Users\ayubb\Pictures\IMG\left_2026_07_29_19_34_13_672.jpg, C:\Users\ayubb\Pictures\IMG\right_2026_07_29_19_34_13_672.jpg, -0.0083232, 1, 0, 30.19074
C:\Users\ayubb\Pictures\IMG\center_2026_07_29_19_34_13_773.jpg, C:\Users\ayubb\Pictures\IMG\left_2026_07_29_19_34_13_773.jpg, C:\Users\ayubb\Pictures\IMG\right_2026_07_29_19_34_13_773.jpg, -0.3029736, 1, 0, 30.1665
C:\Users\ayubb\Pictures\IMG\center_2026_07_29_19_34_13_874.jpg, C:\Users\ayubb\Pictures\IMG\left_2026_07_29_19_34_13_874.jpg, C:\Users\ayubb\Pictures\IMG\right_2026_07_29_19_34_13_874.jpg, -0.2261733, 1, 0, 30.18824
C:\Users\ayubb\Pictures\IMG\center_2026_07_29_19_34_13_976.jpg, C:\Users\ayubb\Pictures\IMG\left_2026_07_29_19_34_13_976.jpg, C:\Users\ayubb\Pictures\IMG\right_2026_07_29_19_34_13_976.jpg, 0, 1, 0, 30.18917
C:\Users\ayubb\Pictures\IMG\center_2026_07_29_19_34_14_077.jpg, C:\Users\ayubb\Pictures\IMG\left_2026_07_29_19_34_14_077.jpg, C:\Users\ayubb\Pictures\IMG\right_2026_07_29_19_34_14_077.jpg, 0, 1, 0, 30.19026
C:\Users\ayubb\Pictures\IMG\center_2026_07_29_19_34_14_177.jpg, C:\Users\ayubb\Pictures\IMG\left_2026_07_29_19_34_14_177.jpg, C:\Users\ayubb\Pictures\IMG\right_2026_07_29_19_34_14_177.jpg, 0, 1, 0, 30.19041
C:\Users\ayubb\Pictures\IMG\center_2026_07_29_19_34_14_279.jpg, C:\Users\ayubb\Pictures\IMG\left_2026_07_29_19_34_14_279.jpg, C:\Users\ayubb\Pictures\IMG\right_2026_07_29_19_34_14_279.jpg, 0, 1, 0, 30.19017
C:\Users\ayubb\Pictures\IMG\center_2026_07_29_19_34_14_379.jpg, C:\Users\ayubb\Pictures\IMG\left_2026_07_29_19_34_14_379.jpg, C:\Users\ayubb\Pictures\IMG\right_2026_07_29_19_34_14_379.jpg, -0.257397, 1, 0, 30.17347
C:\Users\ayubb\Pictures\IMG\center_2026_07_29_19_34_14_479.jpg, C:\Users\ayubb\Pictures\IMG\left_2026_07_29_19_34_14_479.jpg, C:\Users\ayubb\Pictures\IMG\right_2026_07_29_19_34_14_479.jpg, -0.1420012, 1, 0, 30.19043
C:\Users\ayubb\Pictures\IMG\center_2026_07_29_19_34_14_579.jpg, C:\Users\ayubb\Pictures\IMG\left_2026_07_29_19_34_14_579.jpg, C:\Users\ayubb\Pictures\IMG\right_2026_07_29_19_34_14_579.jpg, 0, 1, 0, 30.18941
C:\Users\ayubb\Pictures\IMG\center_2026_07_29_19_34_14_681.jpg, C:\Users\ayubb\Pictures\IMG\left_2026_07_29_19_34_14_681.jpg, C:\Users\ayubb\Pictures\IMG\right_2026_07_29_19_34_14_681.jpg, 0, 1, 0, 30.19021
C:\Users\ayubb\Pictures\IMG\center_2026_07_29_19_34_14_783.jpg, C:\Users\ayubb\Pictures\IMG\left_2026_07_29_19_34_14_783.jpg, C:\Users\ayubb\Pictures\IMG\right_2026_07_29_19_34_14_783.jpg, 0, 1, 0, 30.19032
C:\Users\ayubb\Pictures\IMG\center_2026_07_29_19_34_14_884.jpg, C:\Users\ayubb\Pictures\IMG\left_2026_07_29_19_34_14_884.jpg, C:\Users\ayubb\Pictures\IMG\right_2026_07_29_19_34_14_884.jpg, 0, 1, 0, 30.19032
C:\Users\ayubb\Pictures\IMG\center_2026_07_29_19_34_14_985.jpg, C:\Users\ayubb\Pictures\IMG\left_2026_07_29_19_34_14_985.jpg, C:\Users\ayubb\Pictures\IMG\right_2026_07_29_19_34_14_985.jpg, 0, 1, 0, 30.19029
C:\Users\ayubb\Pictures\IMG\center_2026_07_29_19_34_15_087.jpg, C:\Users\ayubb\Pictures\IMG\left_2026_07_29_19_34_15_087.jpg, C:\Users\ayubb\Pictures\IMG\right_2026_07_29_19_34_15_087.jpg, 0, 1, 0, 30.19044
C:\Users\ayubb\Pictures\IMG\center_2026_07_29_19_34_15_187.jpg, C:\Users\ayubb\Pictures\IMG\left_2026_07_29_19_34_15_187.jpg, C:\Users\ayubb\Pictures\IMG\right_2026_07_29_19_34_15_187.jpg, 0, 1, 0, 30.19029
C:\Users\ayubb\Pictures\IMG\center_2026_07_29_19_34_15_288.jpg, C:\Users\ayubb\Pictures\IMG\left_2026_07_29_19_34_15_288.jpg, C:\Users\ayubb\Pictures\IMG\right_2026_07_29_19_34_15_288.jpg, 0, 1, 0, 30.19032
C:\Users\ayubb\Pictures\IMG\center_2026_07_29_19_34_15_390.jpg, C:\Users\ayubb\Pictures\IMG\left_2026_07_29_19_34_15_390.jpg, C:\Users\ayubb\Pictures\IMG\right_2026_07_29_19_34_15_390.jpg, 0, 1, 0, 30.19029
C:\Users\ayubb\Pictures\IMG\center_2026_07_29_19_34_15_491.jpg, C:\Users\ayubb\Pictures\IMG\left_2026_07_29_19_34_15_491.jpg, C:\Users\ayubb\Pictures\IMG\right_2026_07_29_19_34_15_491.jpg, 0, 1, 0, 30.19031
C:\Users\ayubb\Pictures\IMG\center_2026_07_29_19_34_15_592.jpg, C:\Users\ayubb\Pictures\IMG\left_2026_07_29_19_34_15_592.jpg, C:\Users\ayubb\Pictures\IMG\right_2026_07_29_19_34_15_592.jpg, -0.1792404, 1, 0, 30.18153
C:\Users\ayubb\Pictures\IMG\center_2026_07_29_19_34_15_694.jpg, C:\Users\ayubb\Pictures\IMG\left_2026_07_29_19_34_15_694.jpg, C:\Users\ayubb\Pictures\IMG\right_2026_07_29_19_34_15_694.jpg, -0.2274822, 1, 0, 30.18508
C:\Users\ayubb\Pictures\IMG\center_2026_07_29_19_34_15_793.jpg, C:\Users\ayubb\Pictures\IMG\left_2026_07_29_19_34_15_793.jpg, C:\Users\ayubb\Pictures\IMG\right_2026_07_29_19_34_15_793.jpg, 0, 1, 0, 30.18843
C:\Users\ayubb\Pictures\IMG\center_2026_07_29_19_34_15_895.jpg, C:\Users\ayubb\Pictures\IMG\left_2026_07_29_19_34_15_895.jpg, C:\Users\ayubb\Pictures\IMG\right_2026_07_29_19_34_15_895.jpg, 0, 1, 0, 30.19021
C:\Users\ayubb\Pictures\IMG\center_2026_07_29_19_34_15_998.jpg, C:\Users\ayubb\Pictures\IMG\left_2026_07_29_19_34_15_998.jpg, C:\Users\ayubb\Pictures\IMG\right_2026_07_29_19_34_15_998.jpg, 0, 1, 0, 30.19026
C:\Users\ayubb\Pictures\IMG\center_2026_07_29_19_34_16_100.jpg, C:\Users\ayubb\Pictures\IMG\left_2026_07_29_19_34_16_100.jpg, C:\Users\ayubb\Pictures\IMG\right_2026_07_29_19_34_16_100.jpg, 0, 1, 0, 30.1903
C:\Users\ayubb\Pictures\IMG\center_2026_07_29_19_34_16_201.jpg, C:\Users\ayubb\Pictures\IMG\left_2026_07_29_19_34_16_201.jpg, C:\Users\ayubb\Pictures\IMG\right_2026_07_29_19_34_16_201.jpg, -0.0923463, 1, 0, 30.18825
C:\Users\ayubb\Pictures\IMG\center_2026_07_29_19_34_16_302.jpg, C:\Users\ayubb\Pictures\IMG\left_2026_07_29_19_34_16_302.jpg, C:\Users\ayubb\Pictures\IMG\right_2026_07_29_19_34_16_302.jpg, -0.3191136, 1, 0, 30.16778
C:\Users\ayubb\Pictures\IMG\center_2026_07_29_19_34_16_403.jpg, C:\Users\ayubb\Pictures\IMG\left_2026_07_29_19_34_16_403.jpg, C:\Users\ayubb\Pictures\IMG\right_2026_07_29_19_34_16_403.jpg, -0.01970122, 1, 0, 30.18967
C:\Users\ayubb\Pictures\IMG\center_2026_07_29_19_34_16_503.jpg, C:\Users\ayubb\Pictures\IMG\left_2026_07_29_19_34_16_503.jpg, C:\Users\ayubb\Pictures\IMG\right_2026_07_29_19_34_16_503.jpg, 0, 1, 0, 30.18992
C:\Users\ayubb\Pictures\IMG\center_2026_07_29_19_34_16_603.jpg, C:\Users\ayubb\Pictures\IMG\left_2026_07_29_19_34_16_603.jpg, C:\Users\ayubb\Pictures\IMG\right_2026_07_29_19_34_16_603.jpg, 0.0938484, 1, 0, 30.18691
C:\Users\ayubb\Pictures\IMG\center_2026_07_29_19_34_16_705.jpg, C:\Users\ayubb\Pictures\IMG\left_2026_07_29_19_34_16_705.jpg, C:\Users\ayubb\Pictures\IMG\right_2026_07_29_19_34_16_705.jpg, 0, 1, 0, 30.19033
C:\Users\ayubb\Pictures\IMG\center_2026_07_29_19_34_16_806.jpg, C:\Users\ayubb\Pictures\IMG\left_2026_07_29_19_34_16_806.jpg, C:\Users\ayubb\Pictures\IMG\right_2026_07_29_19_34_16_806.jpg, 0, 1, 0, 30.19027
C:\Users\ayubb\Pictures\IMG\center_2026_07_29_19_34_16_907.jpg, C:\Users\ayubb\Pictures\IMG\left_2026_07_29_19_34_16_907.jpg, C:\Users\ayubb\Pictures\IMG\right_2026_07_29_19_34_16_907.jpg, 0, 1, 0, 30.1903
C:\Users\ayubb\Pictures\IMG\center_2026_07_29_19_34_17_008.jpg, C:\Users\ayubb\Pictures\IMG\left_2026_07_29_19_34_17_008.jpg, C:\Users\ayubb\Pictures\IMG\right_2026_07_29_19_34_17_008.jpg, 0, 1, 0, 30.1903
C:\Users\ayubb\Pictures\IMG\center_2026_07_29_19_34_17_108.jpg, C:\Users\ayubb\Pictures\IMG\left_2026_07_29_19_34_17_108.jpg, C:\Users\ayubb\Pictures\IMG\right_2026_07_29_19_34_17_108.jpg, 0, 1, 0, 30.19031
C:\Users\ayubb\Pictures\IMG\center_2026_07_29_19_34_17_209.jpg, C:\Users\ayubb\Pictures\IMG\left_2026_07_29_19_34_17_209.jpg, C:\Users\ayubb\Pictures\IMG\right_2026_07_29_19_34_17_209.jpg, 0, 1, 0, 30.19042
C:\Users\ayubb\Pictures\IMG\center_2026_07_29_19_34_17_309.jpg, C:\Users\ayubb\Pictures\IMG\left_2026_07_29_19_34_17_309.jpg, C:\Users\ayubb\Pictures\IMG\right_2026_07_29_19_34_17_309.jpg, 0, 1, 0, 30.19022
C:\Users\ayubb\Pictures\IMG\center_2026_07_29_19_34_17_410.jpg, C:\Users\ayubb\Pictures\IMG\left_2026_07_29_19_34_17_410.jpg, C:\Users\ayubb\Pictures\IMG\right_2026_07_29_19_34_17_410.jpg, 0, 1, 0, 30.19028
C:\Users\ayubb\Pictures\IMG\center_2026_07_29_19_34_17_512.jpg, C:\Users\ayubb\Pictures\IMG\left_2026_07_29_19_34_17_512.jpg, C:\Users\ayubb\Pictures\IMG\right_2026_07_29_19_34_17_512.jpg, 0, 1, 0, 30.19022
C:\Users\ayubb\Pictures\IMG\center_2026_07_29_19_34_17_613.jpg, C:\Users\ayubb\Pictures\IMG\left_2026_07_29_19_34_17_613.jpg, C:\Users\ayubb\Pictures\IMG\right_2026_07_29_19_34_17_613.jpg, 0, 1, 0, 30.19062
C:\Users\ayubb\Pictures\IMG\center_2026_07_29_19_34_17_715.jpg, C:\Users\ayubb\Pictures\IMG\left_2026_07_29_19_34_17_715.jpg, C:\Users\ayubb\Pictures\IMG\right_2026_07_29_19_34_17_715.jpg, 0, 1, 0, 30.19037
C:\Users\ayubb\Pictures\IMG\center_2026_07_29_19_34_17_818.jpg, C:\Users\ayubb\Pictures\IMG\left_2026_07_29_19_34_17_818.jpg, C:\Users\ayubb\Pictures\IMG\right_2026_07_29_19_34_17_818.jpg, 0, 1, 0, 30.19056
C:\Users\ayubb\Pictures\IMG\center_2026_07_29_19_34_17_919.jpg, C:\Users\ayubb\Pictures\IMG\left_2026_07_29_19_34_17_919.jpg, C:\Users\ayubb\Pictures\IMG\right_2026_07_29_19_34_17_919.jpg, 0, 1, 0, 30.19022
C:\Users\ayubb\Pictures\IMG\center_2026_07_29_19_34_18_023.jpg, C:\Users\ayubb\Pictures\IMG\left_2026_07_29_19_34_18_023.jpg, C:\Users\ayubb\Pictures\IMG\right_2026_07_29_19_34_18_023.jpg, 0, 1, 0, 30.19031
C:\Users\ayubb\Pictures\IMG\center_2026_07_29_19_34_18_123.jpg, C:\Users\ayubb\Pictures\IMG\left_2026_07_29_19_34_18_123.jpg, C:\Users\ayubb\Pictures\IMG\right_2026_07_29_19_34_18_123.jpg, 0, 1, 0, 30.19025
C:\Users\ayubb\Pictures\IMG\center_2026_07_29_19_34_18_223.jpg, C:\Users\ayubb\Pictures\IMG\left_2026_07_29_19_34_18_223.jpg, C:\Users\ayubb\Pictures\IMG\right_2026_07_29_19_34_18_223.jpg, 0, 1, 0, 30.1903
C:\Users\ayubb\Pictures\IMG\center_2026_07_29_19_34_18_325.jpg, C:\Users\ayubb\Pictures\IMG\left_2026_07_29_19_34_18_325.jpg, C:\Users\ayubb\Pictures\IMG\right_2026_07_29_19_34_18_325.jpg, 0.0160068, 1, 0, 30.19025
C:\Users\ayubb\Pictures\IMG\center_2026_07_29_19_34_18_426.jpg, C:\Users\ayubb\Pictures\IMG\left_2026_07_29_19_34_18_426.jpg, C:\Users\ayubb\Pictures\IMG\right_2026_07_29_19_34_18_426.jpg, 0.2508177, 1, 0, 30.17449
C:\Users\ayubb\Pictures\IMG\center_2026_07_29_19_34_18_527.jpg, C:\Users\ayubb\Pictures\IMG\left_2026_07_29_19_34_18_527.jpg, C:\Users\ayubb\Pictures\IMG\right_2026_07_29_19_34_18_527.jpg, -0.240903, 1, 0, 30.16905
C:\Users\ayubb\Pictures\IMG\center_2026_07_29_19_34_18_628.jpg, C:\Users\ayubb\Pictures\IMG\left_2026_07_29_19_34_18_628.jpg, C:\Users\ayubb\Pictures\IMG\right_2026_07_29_19_34_18_628.jpg, -0.4092308, 1, 0, 30.15568
C:\Users\ayubb\Pictures\IMG\center_2026_07_29_19_34_18_730.jpg, C:\Users\ayubb\Pictures\IMG\left_2026_07_29_19_34_18_730.jpg, C:\Users\ayubb\Pictures\IMG\right_2026_07_29_19_34_18_730.jpg, 0.25899, 1, 0, 30.15946
C:\Users\ayubb\Pictures\IMG\center_2026_07_29_19_34_18_831.jpg, C:\Users\ayubb\Pictures\IMG\left_2026_07_29_19_34_18_831.jpg, C:\Users\ayubb\Pictures\IMG\right_2026_07_29_19_34_18_831.jpg, 0, 1, 0, 30.1901
C:\Users\ayubb\Pictures\IMG\center_2026_07_29_19_34_18_933.jpg, C:\Users\ayubb\Pictures\IMG\left_2026_07_29_19_34_18_933.jpg, C:\Users\ayubb\Pictures\IMG\right_2026_07_29_19_34_18_933.jpg, 0, 1, 0, 30.19025
C:\Users\ayubb\Pictures\IMG\center_2026_07_29_19_34_19_034.jpg, C:\Users\ayubb\Pictures\IMG\left_2026_07_29_19_34_19_034.jpg, C:\Users\ayubb\Pictures\IMG\right_2026_07_29_19_34_19_034.jpg, 0, 1, 0, 30.19027
C:\Users\ayubb\Pictures\IMG\center_2026_07_29_19_34_19_135.jpg, C:\Users\ayubb\Pictures\IMG\left_2026_07_29_19_34_19_135.jpg, C:\Users\ayubb\Pictures\IMG\right_2026_07_29_19_34_19_135.jpg, 0, 1, 0, 30.1903
C:\Users\ayubb\Pictures\IMG\center_2026_07_29_19_34_19_235.jpg, C:\Users\ayubb\Pictures\IMG\left_2026_07_29_19_34_19_235.jpg, C:\Users\ayubb\Pictures\IMG\right_2026_07_29_19_34_19_235.jpg, -0.0703782, 1, 0, 30.18907
C:\Users\ayubb\Pictures\IMG\center_2026_07_29_19_34_19_335.jpg, C:\Users\ayubb\Pictures\IMG\left_2026_07_29_19_34_19_335.jpg, C:\Users\ayubb\Pictures\IMG\right_2026_07_29_19_34_19_335.jpg, -0.1975683, 1, 0, 30.18278
C:\Users\ayubb\Pictures\IMG\center_2026_07_29_19_34_19_437.jpg, C:\Users\ayubb\Pictures\IMG\left_2026_07_29_19_34_19_437.jpg, C:\Users\ayubb\Pictures\IMG\right_2026_07_29_19_34_19_437.jpg, 0, 1, 0, 30.18979
C:\Users\ayubb\Pictures\IMG\center_2026_07_29_19_34_19_537.jpg, C:\Users\ayubb\Pictures\IMG\left_2026_07_29_19_34_19_537.jpg, C:\Users\ayubb\Pictures\IMG\right_2026_07_29_19_34_19_537.jpg, 0, 1, 0, 30.19017
C:\Users\ayubb\Pictures\IMG\center_2026_07_29_19_34_19_639.jpg, C:\Users\ayubb\Pictures\IMG\left_2026_07_29_19_34_19_639.jpg, C:\Users\ayubb\Pictures\IMG\right_2026_07_29_19_34_19_639.jpg, 0, 1, 0, 30.1903
C:\Users\ayubb\Pictures\IMG\center_2026_07_29_19_34_19_740.jpg, C:\Users\ayubb\Pictures\IMG\left_2026_07_29_19_34_19_740.jpg, C:\Users\ayubb\Pictures\IMG\right_2026_07_29_19_34_19_740.jpg, 0, 1, 0, 30.19032
C:\Users\ayubb\Pictures\IMG\center_2026_07_29_19_34_19_842.jpg, C:\Users\ayubb\Pictures\IMG\left_2026_07_29_19_34_19_842.jpg, C:\Users\ayubb\Pictures\IMG\right_2026_07_29_19_34_19_842.jpg, 0, 1, 0, 30.19029
C:\Users\ayubb\Pictures\IMG\center_2026_07_29_19_34_19_945.jpg, C:\Users\ayubb\Pictures\IMG\left_2026_07_29_19_34_19_945.jpg, C:\Users\ayubb\Pictures\IMG\right_2026_07_29_19_34_19_945.jpg, -0.009591, 1, 0, 30.19028
C:\Users\ayubb\Pictures\IMG\center_2026_07_29_19_34_20_046.jpg, C:\Users\ayubb\Pictures\IMG\left_2026_07_29_19_34_20_046.jpg, C:\Users\ayubb\Pictures\IMG\right_2026_07_29_19_34_20_046.jpg, -0.1929714, 1, 0, 30.18698
C:\Users\ayubb\Pictures\IMG\center_2026_07_29_19_34_20_147.jpg, C:\Users\ayubb\Pictures\IMG\left_2026_07_29_19_34_20_147.jpg, C:\Users\ayubb\Pictures\IMG\right_2026_07_29_19_34_20_147.jpg, 0, 1, 0, 30.21453
C:\Users\ayubb\Pictures\IMG\center_2026_07_29_19_34_20_248.jpg, C:\Users\ayubb\Pictures\IMG\left_2026_07_29_19_34_20_248.jpg, C:\Users\ayubb\Pictures\IMG\right_2026_07_29_19_34_20_248.jpg, 0, 1, 0, 30.08279
C:\Users\ayubb\Pictures\IMG\center_2026_07_29_19_34_20_350.jpg, C:\Users\ayubb\Pictures\IMG\left_2026_07_29_19_34_20_350.jpg, C:\Users\ayubb\Pictures\IMG\right_2026_07_29_19_34_20_350.jpg, 0, 1, 0, 30.18966
C:\Users\ayubb\Pictures\IMG\center_2026_07_29_19_34_20_450.jpg, C:\Users\ayubb\Pictures\IMG\left_2026_07_29_19_34_20_450.jpg, C:\Users\ayubb\Pictures\IMG\right_2026_07_29_19_34_20_450.jpg, 0, 1, 0, 30.189
C:\Users\ayubb\Pictures\IMG\center_2026_07_29_19_34_20_551.jpg, C:\Users\ayubb\Pictures\IMG\left_2026_07_29_19_34_20_551.jpg, C:\Users\ayubb\Pictures\IMG\right_2026_07_29_19_34_20_551.jpg, 0, 1, 0, 30.18979
C:\Users\ayubb\Pictures\IMG\center_2026_07_29_19_34_20_654.jpg, C:\Users\ayubb\Pictures\IMG\left_2026_07_29_19_34_20_654.jpg, C:\Users\ayubb\Pictures\IMG\right_2026_07_29_19_34_20_654.jpg, 0, 1, 0, 30.18991
C:\Users\ayubb\Pictures\IMG\center_2026_07_29_19_34_20_756.jpg, C:\Users\ayubb\Pictures\IMG\left_2026_07_29_19_34_20_756.jpg, C:\Users\ayubb\Pictures\IMG\right_2026_07_29_19_34_20_756.jpg, 0, 1, 0, 30.18991
C:\Users\ayubb\Pictures\IMG\center_2026_07_29_19_34_20_859.jpg, C:\Users\ayubb\Pictures\IMG\left_2026_07_29_19_34_20_859.jpg, C:\Users\ayubb\Pictures\IMG\right_2026_07_29_19_34_20_859.jpg, 0, 1, 0, 30.18989
C:\Users\ayubb\Pictures\IMG\center_2026_07_29_19_34_20_960.jpg, C:\Users\ayubb\Pictures\IMG\left_2026_07_29_19_34_20_960.jpg, C:\Users\ayubb\Pictures\IMG\right_2026_07_29_19_34_20_960.jpg, 0, 1, 0, 30.18988
C:\Users\ayubb\Pictures\IMG\center_2026_07_29_19_34_21_061.jpg, C:\Users\ayubb\Pictures\IMG\left_2026_07_29_19_34_21_061.jpg, C:\Users\ayubb\Pictures\IMG\right_2026_07_29_19_34_21_061.jpg, 0, 1, 0, 30.18988
C:\Users\ayubb\Pictures\IMG\center_2026_07_29_19_34_21_163.jpg, C:\Users\ayubb\Pictures\IMG\left_2026_07_29_19_34_21_163.jpg, C:\Users\ayubb\Pictures\IMG\right_2026_07_29_19_34_21_163.jpg, 0, 1, 0, 30.18987
C:\Users\ayubb\Pictures\IMG\center_2026_07_29_19_34_21_265.jpg, C:\Users\ayubb\Pictures\IMG\left_2026_07_29_19_34_21_265.jpg, C:\Users\ayubb\Pictures\IMG\right_2026_07_29_19_34_21_265.jpg, 0, 1, 0, 30.18988
C:\Users\ayubb\Pictures\IMG\center_2026_07_29_19_34_21_366.jpg, C:\Users\ayubb\Pictures\IMG\left_2026_07_29_19_34_21_366.jpg, C:\Users\ayubb\Pictures\IMG\right_2026_07_29_19_34_21_366.jpg, 0, 1, 0, 30.18988
C:\Users\ayubb\Pictures\IMG\center_2026_07_29_19_34_21_469.jpg, C:\Users\ayubb\Pictures\IMG\left_2026_07_29_19_34_21_469.jpg, C:\Users\ayubb\Pictures\IMG\right_2026_07_29_19_34_21_469.jpg, 0, 1, 0, 30.18988
C:\Users\ayubb\Pictures\IMG\center_2026_07_29_19_34_21_570.jpg, C:\Users\ayubb\Pictures\IMG\left_2026_07_29_19_34_21_570.jpg, C:\Users\ayubb\Pictures\IMG\right_2026_07_29_19_34_21_570.jpg, 0, 1, 0, 30.18987
C:\Users\ayubb\Pictures\IMG\center_2026_07_29_19_34_21_671.jpg, C:\Users\ayubb\Pictures\IMG\left_2026_07_29_19_34_21_671.jpg, C:\Users\ayubb\Pictures\IMG\right_2026_07_29_19_34_21_671.jpg, 0, 1, 0, 30.18988
C:\Users\ayubb\Pictures\IMG\center_2026_07_29_19_34_21_774.jpg, C:\Users\ayubb\Pictures\IMG\left_2026_07_29_19_34_21_774.jpg, C:\Users\ayubb\Pictures\IMG\right_2026_07_29_19_34_21_774.jpg, -0.2643015, 1, 0, 30.17241
C:\Users\ayubb\Pictures\IMG\center_2026_07_29_19_34_21_877.jpg, C:\Users\ayubb\Pictures\IMG\left_2026_07_29_19_34_21_877.jpg, C:\Users\ayubb\Pictures\IMG\right_2026_07_29_19_34_21_877.jpg, 0, 1, 0, 30.18884
C:\Users\ayubb\Pictures\IMG\center_2026_07_29_19_34_21_977.jpg, C:\Users\ayubb\Pictures\IMG\left_2026_07_29_19_34_21_977.jpg, C:\Users\ayubb\Pictures\IMG\right_2026_07_29_19_34_21_977.jpg, 0, 1, 0, 30.18981
C:\Users\ayubb\Pictures\IMG\center_2026_07_29_19_34_22_078.jpg, C:\Users\ayubb\Pictures\IMG\left_2026_07_29_19_34_22_078.jpg, C:\Users\ayubb\Pictures\IMG\right_2026_07_29_19_34_22_078.jpg, 0, 1, 0, 30.18992
C:\Users\ayubb\Pictures\IMG\center_2026_07_29_19_34_22_179.jpg, C:\Users\ayubb\Pictures\IMG\left_2026_07_29_19_34_22_179.jpg, C:\Users\ayubb\Pictures\IMG\right_2026_07_29_19_34_22_179.jpg, 0, 1, 0, 30.18994
C:\Users\ayubb\Pictures\IMG\center_2026_07_29_19_34_22_280.jpg, C:\Users\ayubb\Pictures\IMG\left_2026_07_29_19_34_22_280.jpg, C:\Users\ayubb\Pictures\IMG\right_2026_07_29_19_34_22_280.jpg, 0, 1, 0, 30.18995
C:\Users\ayubb\Pictures\IMG\center_2026_07_29_19_34_22_381.jpg, C:\Users\ayubb\Pictures\IMG\left_2026_07_29_19_34_22_381.jpg, C:\Users\ayubb\Pictures\IMG\right_2026_07_29_19_34_22_381.jpg, 0, 1, 0, 30.18995
C:\Users\ayubb\Pictures\IMG\center_2026_07_29_19_34_22_485.jpg, C:\Users\ayubb\Pictures\IMG\left_2026_07_29_19_34_22_485.jpg, C:\Users\ayubb\Pictures\IMG\right_2026_07_29_19_34_22_485.jpg, 0, 1, 0, 30.18999
C:\Users\ayubb\Pictures\IMG\center_2026_07_29_19_34_22_587.jpg, C:\Users\ayubb\Pictures\IMG\left_2026_07_29_19_34_22_587.jpg, C:\Users\ayubb\Pictures\IMG\right_2026_07_29_19_34_22_587.jpg, 0, 1, 0, 30.18998
C:\Users\ayubb\Pictures\IMG\center_2026_07_29_19_34_22_687.jpg, C:\Users\ayubb\Pictures\IMG\left_2026_07_29_19_34_22_687.jpg, C:\Users\ayubb\Pictures\IMG\right_2026_07_29_19_34_22_687.jpg, 0, 1, 0, 30.18997
C:\Users\ayubb\Pictures\IMG\center_2026_07_29_19_34_22_790.jpg, C:\Users\ayubb\Pictures\IMG\left_2026_07_29_19_34_22_790.jpg, C:\Users\ayubb\Pictures\IMG\right_2026_07_29_19_34_22_790.jpg, 0, 1, 0, 30.18998
C:\Users\ayubb\Pictures\IMG\center_2026_07_29_19_34_22_890.jpg, C:\Users\ayubb\Pictures\IMG\left_2026_07_29_19_34_22_890.jpg, C:\Users\ayubb\Pictures\IMG\right_2026_07_29_19_34_22_890.jpg, 0.0820356, 1, 0, 30.18827
C:\Users\ayubb\Pictures\IMG\center_2026_07_29_19_34_22_992.jpg, C:\Users\ayubb\Pictures\IMG\left_2026_07_29_19_34_22_992.jpg, C:\Users\ayubb\Pictures\IMG\right_2026_07_29_19_34_22_992.jpg, 0, 1, 0, 30.18994
C:\Users\ayubb\Pictures\IMG\center_2026_07_29_19_34_23_094.jpg, C:\Users\ayubb\Pictures\IMG\left_2026_07_29_19_34_23_094.jpg, C:\Users\ayubb\Pictures\IMG\right_2026_07_29_19_34_23_094.jpg, 0, 1, 0, 30.18995
C:\Users\ayubb\Pictures\IMG\center_2026_07_29_19_34_23_194.jpg, C:\Users\ayubb\Pictures\IMG\left_2026_07_29_19_34_23_194.jpg, C:\Users\ayubb\Pictures\IMG\right_2026_07_29_19_34_23_194.jpg, 0, 1, 0, 30.18997
C:\Users\ayubb\Pictures\IMG\center_2026_07_29_19_34_23_297.jpg, C:\Users\ayubb\Pictures\IMG\left_2026_07_29_19_34_23_297.jpg, C:\Users\ayubb\Pictures\IMG\right_2026_07_29_19_34_23_297.jpg, 0, 1, 0, 30.18996
C:\Users\ayubb\Pictures\IMG\center_2026_07_29_19_34_23_398.jpg, C:\Users\ayubb\Pictures\IMG\left_2026_07_29_19_34_23_398.jpg, C:\Users\ayubb\Pictures\IMG\right_2026_07_29_19_34_23_398.jpg, 0.1200342, 1, 0, 30.18713
C:\Users\ayubb\Pictures\IMG\center_2026_07_29_19_34_23_500.jpg, C:\Users\ayubb\Pictures\IMG\left_2026_07_29_19_34_23_500.jpg, C:\Users\ayubb\Pictures\IMG\right_2026_07_29_19_34_23_500.jpg, 0, 1, 0, 30.18972
C:\Users\ayubb\Pictures\IMG\center_2026_07_29_19_34_23_602.jpg, C:\Users\ayubb\Pictures\IMG\left_2026_07_29_19_34_23_602.jpg, C:\Users\ayubb\Pictures\IMG\right_2026_07_29_19_34_23_602.jpg, -0.0413154, 1, 0, 30.1893
C:\Users\ayubb\Pictures\IMG\center_2026_07_29_19_34_23_703.jpg, C:\Users\ayubb\Pictures\IMG\left_2026_07_29_19_34_23_703.jpg, C:\Users\ayubb\Pictures\IMG\right_2026_07_29_19_34_23_703.jpg, -0.3390554, 1, 0, 30.16167
C:\Users\ayubb\Pictures\IMG\center_2026_07_29_19_34_23_806.jpg, C:\Users\ayubb\Pictures\IMG\left_2026_07_29_19_34_23_806.jpg, C:\Users\ayubb\Pictures\IMG\right_2026_07_29_19_34_23_806.jpg, -0.08344353, 1, 0, 30.19076
C:\Users\ayubb\Pictures\IMG\center_2026_07_29_19_34_23_908.jpg, C:\Users\ayubb\Pictures\IMG\left_2026_07_29_19_34_23_908.jpg, C:\Users\ayubb\Pictures\IMG\right_2026_07_29_19_34_23_908.jpg, 0.0210021, 1, 0, 30.18874
C:\Users\ayubb\Pictures\IMG\center_2026_07_29_19_34_24_009.jpg, C:\Users\ayubb\Pictures\IMG\left_2026_07_29_19_34_24_009.jpg, C:\Users\ayubb\Pictures\IMG\right_2026_07_29_19_34_24_009.jpg, 0.0969306, 1, 0, 30.18763
C:\Users\ayubb\Pictures\IMG\center_2026_07_29_19_34_24_110.jpg, C:\Users\ayubb\Pictures\IMG\left_2026_07_29_19_34_24_110.jpg, C:\Users\ayubb\Pictures\IMG\right_2026_07_29_19_34_24_110.jpg, 0, 1, 0, 30.1899
C:\Users\ayubb\Pictures\IMG\center_2026_07_29_19_34_24_210.jpg, C:\Users\ayubb\Pictures\IMG\left_2026_07_29_19_34_24_210.jpg, C:\Users\ayubb\Pictures\IMG\right_2026_07_29_19_34_24_210.jpg, 0, 1, 0, 30.18997
C:\Users\ayubb\Pictures\IMG\center_2026_07_29_19_34_24_311.jpg, C:\Users\ayubb\Pictures\IMG\left_2026_07_29_19_34_24_311.jpg, C:\Users\ayubb\Pictures\IMG\right_2026_07_29_19_34_24_311.jpg, 0.2624889, 1, 0, 30.17293
C:\Users\ayubb\Pictures\IMG\center_2026_07_29_19_34_24_413.jpg, C:\Users\ayubb\Pictures\IMG\left_2026_07_29_19_34_24_413.jpg, C:\Users\ayubb\Pictures\IMG\right_2026_07_29_19_34_24_413.jpg, 0, 1, 0, 30.18921
C:\Users\ayubb\Pictures\IMG\center_2026_07_29_19_34_24_514.jpg, C:\Users\ayubb\Pictures\IMG\left_2026_07_29_19_34_24_514.jpg, C:\Users\ayubb\Pictures\IMG\right_2026_07_29_19_34_24_514.jpg, 0, 1, 0, 30.18972
C:\Users\ayubb\Pictures\IMG\center_2026_07_29_19_34_24_617.jpg, C:\Users\ayubb\Pictures\IMG\left_2026_07_29_19_34_24_617.jpg, C:\Users\ayubb\Pictures\IMG\right_2026_07_29_19_34_24_617.jpg, -0.08485441, 1, 0, 30.18757
C:\Users\ayubb\Pictures\IMG\center_2026_07_29_19_34_24_718.jpg, C:\Users\ayubb\Pictures\IMG\left_2026_07_29_19_34_24_718.jpg, C:\Users\ayubb\Pictures\IMG\right_2026_07_29_19_34_24_718.jpg, -0.3256161, 1, 0, 30.16494
C:\Users\ayubb\Pictures\IMG\center_2026_07_29_19_34_24_818.jpg, C:\Users\ayubb\Pictures\IMG\left_2026_07_29_19_34_24_818.jpg, C:\Users\ayubb\Pictures\IMG\right_2026_07_29_19_34_24_818.jpg, -0.02320381, 1, 0, 30.18932
C:\Users\ayubb\Pictures\IMG\center_2026_07_29_19_34_24_919.jpg, C:\Users\ayubb\Pictures\IMG\left_2026_07_29_19_34_24_919.jpg, C:\Users\ayubb\Pictures\IMG\right_2026_07_29_19_34_24_919.jpg, 0.0506991, 1, 0, 30.18781
C:\Users\ayubb\Pictures\IMG\center_2026_07_29_19_34_25_021.jpg, C:\Users\ayubb\Pictures\IMG\left_2026_07_29_19_34_25_021.jpg, C:\Users\ayubb\Pictures\IMG\right_2026_07_29_19_34_25_021.jpg, 0.0241905, 1, 0, 30.18991
C:\Users\ayubb\Pictures\IMG\center_2026_07_29_19_34_25_123.jpg, C:\Users\ayubb\Pictures\IMG\left_2026_07_29_19_34_25_123.jpg, C:\Users\ayubb\Pictures\IMG\right_2026_07_29_19_34_25_123.jpg, 0, 1, 0, 30.18997
C:\Users\ayubb\Pictures\IMG\center_2026_07_29_19_34_25_224.jpg, C:\Users\ayubb\Pictures\IMG\left_2026_07_29_19_34_25_224.jpg, C:\Users\ayubb\Pictures\IMG\right_2026_07_29_19_34_25_224.jpg, 0, 1, 0, 30.19
C:\Users\ayubb\Pictures\IMG\center_2026_07_29_19_34_25_325.jpg, C:\Users\ayubb\Pictures\IMG\left_2026_07_29_19_34_25_325.jpg, C:\Users\ayubb\Pictures\IMG\right_2026_07_29_19_34_25_325.jpg, 0, 1, 0, 30.19002
C:\Users\ayubb\Pictures\IMG\center_2026_07_29_19_34_25_425.jpg, C:\Users\ayubb\Pictures\IMG\left_2026_07_29_19_34_25_425.jpg, C:\Users\ayubb\Pictures\IMG\right_2026_07_29_19_34_25_425.jpg, 0, 1, 0, 30.19001
C:\Users\ayubb\Pictures\IMG\center_2026_07_29_19_34_25_526.jpg, C:\Users\ayubb\Pictures\IMG\left_2026_07_29_19_34_25_526.jpg, C:\Users\ayubb\Pictures\IMG\right_2026_07_29_19_34_25_526.jpg, 0, 1, 0, 30.19001
C:\Users\ayubb\Pictures\IMG\center_2026_07_29_19_34_25_627.jpg, C:\Users\ayubb\Pictures\IMG\left_2026_07_29_19_34_25_627.jpg, C:\Users\ayubb\Pictures\IMG\right_2026_07_29_19_34_25_627.jpg, 0, 1, 0, 30.19002
C:\Users\ayubb\Pictures\IMG\center_2026_07_29_19_34_25_728.jpg, C:\Users\ayubb\Pictures\IMG\left_2026_07_29_19_34_25_728.jpg, C:\Users\ayubb\Pictures\IMG\right_2026_07_29_19_34_25_728.jpg, 0, 1, 0, 30.19002
C:\Users\ayubb\Pictures\IMG\center_2026_07_29_19_34_25_828.jpg, C:\Users\ayubb\Pictures\IMG\left_2026_07_29_19_34_25_828.jpg, C:\Users\ayubb\Pictures\IMG\right_2026_07_29_19_34_25_828.jpg, 0.07759289, 1, 0, 30.18852
C:\Users\ayubb\Pictures\IMG\center_2026_07_29_19_34_25_929.jpg, C:\Users\ayubb\Pictures\IMG\left_2026_07_29_19_34_25_929.jpg, C:\Users\ayubb\Pictures\IMG\right_2026_07_29_19_34_25_929.jpg, 0.1223802, 1, 0, 30.18878
C:\Users\ayubb\Pictures\IMG\center_2026_07_29_19_34_26_032.jpg, C:\Users\ayubb\Pictures\IMG\left_2026_07_29_19_34_26_032.jpg, C:\Users\ayubb\Pictures\IMG\right_2026_07_29_19_34_26_032.jpg, 0, 1, 0, 30.18962
C:\Users\ayubb\Pictures\IMG\center_2026_07_29_19_34_26_133.jpg, C:\Users\ayubb\Pictures\IMG\left_2026_07_29_19_34_26_133.jpg, C:\Users\ayubb\Pictures\IMG\right_2026_07_29_19_34_26_133.jpg, 0, 1, 0, 30.18991
C:\Users\ayubb\Pictures\IMG\center_2026_07_29_19_34_26_235.jpg, C:\Users\ayubb\Pictures\IMG\left_2026_07_29_19_34_26_235.jpg, C:\Users\ayubb\Pictures\IMG\right_2026_07_29_19_34_26_235.jpg, 0, 1, 0, 30.18992
C:\Users\ayubb\Pictures\IMG\center_2026_07_29_19_34_26_339.jpg, C:\Users\ayubb\Pictures\IMG\left_2026_07_29_19_34_26_339.jpg, C:\Users\ayubb\Pictures\IMG\right_2026_07_29_19_34_26_339.jpg, -0.2565945, 1, 0, 30.17273
C:\Users\ayubb\Pictures\IMG\center_2026_07_29_19_34_26_440.jpg, C:\Users\ayubb\Pictures\IMG\left_2026_07_29_19_34_26_440.jpg, C:\Users\ayubb\Pictures\IMG\right_2026_07_29_19_34_26_440.jpg, -0.2201298, 1, 0, 30.18649
C:\Users\ayubb\Pictures\IMG\center_2026_07_29_19_34_26_541.jpg, C:\Users\ayubb\Pictures\IMG\left_2026_07_29_19_34_26_541.jpg, C:\Users\ayubb\Pictures\IMG\right_2026_07_29_19_34_26_541.jpg, 0, 1, 0, 30.18782
C:\Users\ayubb\Pictures\IMG\center_2026_07_29_19_34_26_642.jpg, C:\Users\ayubb\Pictures\IMG\left_2026_07_29_19_34_26_642.jpg, C:\Users\ayubb\Pictures\IMG\right_2026_07_29_19_34_26_642.jpg, 0.0762984, 1, 0, 30.18472
C:\Users\ayubb\Pictures\IMG\center_2026_07_29_19_34_26_744.jpg, C:\Users\ayubb\Pictures\IMG\left_2026_07_29_19_34_26_744.jpg, C:\Users\ayubb\Pictures\IMG\right_2026_07_29_19_34_26_744.jpg, 0, 1, 0, 30.19009
C:\Users\ayubb\Pictures\IMG\center_2026_07_29_19_34_26_848.jpg, C:\Users\ayubb\Pictures\IMG\left_2026_07_29_19_34_26_848.jpg, C:\Users\ayubb\Pictures\IMG\right_2026_07_29_19_34_26_848.jpg, 0, 1, 0, 30.19008
C:\Users\ayubb\Pictures\IMG\center_2026_07_29_19_34_26_950.jpg, C:\Users\ayubb\Pictures\IMG\left_2026_07_29_19_34_26_950.jpg, C:\Users\ayubb\Pictures\IMG\right_2026_07_29_19_34_26_950.jpg, 0.2183988, 1, 0, 30.17719
C:\Users\ayubb\Pictures\IMG\center_2026_07_29_19_34_27_053.jpg, C:\Users\ayubb\Pictures\IMG\left_2026_07_29_19_34_27_053.jpg, C:\Users\ayubb\Pictures\IMG\right_2026_07_29_19_34_27_053.jpg, 0.1558973, 1, 0, 30.18916
C:\Users\ayubb\Pictures\IMG\center_2026_07_29_19_34_27_153.jpg, C:\Users\ayubb\Pictures\IMG\left_2026_07_29_19_34_27_153.jpg, C:\Users\ayubb\Pictures\IMG\right_2026_07_29_19_34_27_153.jpg, 0, 1, 0, 30.18913
C:\Users\ayubb\Pictures\IMG\center_2026_07_29_19_34_27_256.jpg, C:\Users\ayubb\Pictures\IMG\left_2026_07_29_19_34_27_256.jpg, C:\Users\ayubb\Pictures\IMG\right_2026_07_29_19_34_27_256.jpg, 0, 1, 0, 30.18982
C:\Users\ayubb\Pictures\IMG\center_2026_07_29_19_34_27_359.jpg, C:\Users\ayubb\Pictures\IMG\left_2026_07_29_19_34_27_359.jpg, C:\Users\ayubb\Pictures\IMG\right_2026_07_29_19_34_27_359.jpg, 0, 1, 0, 30.18997
C:\Users\ayubb\Pictures\IMG\center_2026_07_29_19_34_27_462.jpg, C:\Users\ayubb\Pictures\IMG\left_2026_07_29_19_34_27_462.jpg, C:\Users\ayubb\Pictures\IMG\right_2026_07_29_19_34_27_462.jpg, 0, 1, 0, 30.18998
C:\Users\ayubb\Pictures\IMG\center_2026_07_29_19_34_27_565.jpg, C:\Users\ayubb\Pictures\IMG\left_2026_07_29_19_34_27_565.jpg, C:\Users\ayubb\Pictures\IMG\right_2026_07_29_19_34_27_565.jpg, 0, 1, 0, 30.18995
C:\Users\ayubb\Pictures\IMG\center_2026_07_29_19_34_27_667.jpg, C:\Users\ayubb\Pictures\IMG\left_2026_07_29_19_34_27_667.jpg, C:\Users\ayubb\Pictures\IMG\right_2026_07_29_19_34_27_667.jpg, 0, 1, 0, 30.18995
C:\Users\ayubb\Pictures\IMG\center_2026_07_29_19_34_27_769.jpg, C:\Users\ayubb\Pictures\IMG\left_2026_07_29_19_34_27_769.jpg, C:\Users\ayubb\Pictures\IMG\right_2026_07_29_19_34_27_769.jpg, 0, 1, 0, 30.18994
C:\Users\ayubb\Pictures\IMG\center_2026_07_29_19_34_27_871.jpg, C:\Users\ayubb\Pictures\IMG\left_2026_07_29_19_34_27_871.jpg, C:\Users\ayubb\Pictures\IMG\right_2026_07_29_19_34_27_871.jpg, 0, 1, 0, 30.18998
C:\Users\ayubb\Pictures\IMG\center_2026_07_29_19_34_27_973.jpg, C:\Users\ayubb\Pictures\IMG\left_2026_07_29_19_34_27_973.jpg, C:\Users\ayubb\Pictures\IMG\right_2026_07_29_19_34_27_973.jpg, 0, 1, 0, 30.18996
C:\Users\ayubb\Pictures\IMG\center_2026_07_29_19_34_28_076.jpg, C:\Users\ayubb\Pictures\IMG\left_2026_07_29_19_34_28_076.jpg, C:\Users\ayubb\Pictures\IMG\right_2026_07_29_19_34_28_076.jpg, 0, 1, 0, 30.18995
C:\Users\ayubb\Pictures\IMG\center_2026_07_29_19_34_28_178.jpg, C:\Users\ayubb\Pictures\IMG\left_2026_07_29_19_34_28_178.jpg, C:\Users\ayubb\Pictures\IMG\right_2026_07_29_19_34_28_178.jpg, 0, 1, 0, 30.49841
C:\Users\ayubb\Pictures\IMG\center_2026_07_29_19_34_28_278.jpg, C:\Users\ayubb\Pictures\IMG\left_2026_07_29_19_34_28_278.jpg, C:\Users\ayubb\Pictures\IMG\right_2026_07_29_19_34_28_278.jpg, 0, 1, 0, 30.09781
C:\Users\ayubb\Pictures\IMG\center_2026_07_29_19_34_28_381.jpg, C:\Users\ayubb\Pictures\IMG\left_2026_07_29_19_34_28_381.jpg, C:\Users\ayubb\Pictures\IMG\right_2026_07_29_19_34_28_381.jpg, 0, 1, 0, 30.54652
C:\Users\ayubb\Pictures\IMG\center_2026_07_29_19_34_28_482.jpg, C:\Users\ayubb\Pictures\IMG\left_2026_07_29_19_34_28_482.jpg, C:\Users\ayubb\Pictures\IMG\right_2026_07_29_19_34_28_482.jpg, 0, 1, 0, 30.1909
C:\Users\ayubb\Pictures\IMG\center_2026_07_29_19_34_28_586.jpg, C:\Users\ayubb\Pictures\IMG\left_2026_07_29_19_34_28_586.jpg, C:\Users\ayubb\Pictures\IMG\right_2026_07_29_19_34_28_586.jpg, 0, 1, 0, 30.18977
C:\Users\ayubb\Pictures\IMG\center_2026_07_29_19_34_28_687.jpg, C:\Users\ayubb\Pictures\IMG\left_2026_07_29_19_34_28_687.jpg, C:\Users\ayubb\Pictures\IMG\right_2026_07_29_19_34_28_687.jpg, 0, 1, 0, 30.19064
C:\Users\ayubb\Pictures\IMG\center_2026_07_29_19_34_28_789.jpg, C:\Users\ayubb\Pictures\IMG\left_2026_07_29_19_34_28_789.jpg, C:\Users\ayubb\Pictures\IMG\right_2026_07_29_19_34_28_789.jpg, -0.0491469, 1, 0, 30.18992
C:\Users\ayubb\Pictures\IMG\center_2026_07_29_19_34_28_891.jpg, C:\Users\ayubb\Pictures\IMG\left_2026_07_29_19_34_28_891.jpg, C:\Users\ayubb\Pictures\IMG\right_2026_07_29_19_34_28_891.jpg, -0.2848008, 1, 0, 30.17146
C:\Users\ayubb\Pictures\IMG\center_2026_07_29_19_34_28_992.jpg, C:\Users\ayubb\Pictures\IMG\left_2026_07_29_19_34_28_992.jpg, C:\Users\ayubb\Pictures\IMG\right_2026_07_29_19_34_28_992.jpg, 0, 1, 0, 30.18902
C:\Users\ayubb\Pictures\IMG\center_2026_07_29_19_34_29_093.jpg, C:\Users\ayubb\Pictures\IMG\left_2026_07_29_19_34_29_093.jpg, C:\Users\ayubb\Pictures\IMG\right_2026_07_29_19_34_29_093.jpg, 0, 1, 0, 30.19002
C:\Users\ayubb\Pictures\IMG\center_2026_07_29_19_34_29_193.jpg, C:\Users\ayubb\Pictures\IMG\left_2026_07_29_19_34_29_193.jpg, C:\Users\ayubb\Pictures\IMG\right_2026_07_29_19_34_29_193.jpg, 0, 1, 0, 30.19025
C:\Users\ayubb\Pictures\IMG\center_2026_07_29_19_34_29_294.jpg, C:\Users\ayubb\Pictures\IMG\left_2026_07_29_19_34_29_294.jpg, C:\Users\ayubb\Pictures\IMG\right_2026_07_29_19_34_29_294.jpg, 0, 1, 0, 30.1903
C:\Users\ayubb\Pictures\IMG\center_2026_07_29_19_34_29_396.jpg, C:\Users\ayubb\Pictures\IMG\left_2026_07_29_19_34_29_396.jpg, C:\Users\ayubb\Pictures\IMG\right_2026_07_29_19_34_29_396.jpg, 0, 1, 0, 30.19024
C:\Users\ayubb\Pictures\IMG\center_2026_07_29_19_34_29_499.jpg, C:\Users\ayubb\Pictures\IMG\left_2026_07_29_19_34_29_499.jpg, C:\Users\ayubb\Pictures\IMG\right_2026_07_29_19_34_29_499.jpg, 0, 1, 0, 30.19028
C:\Users\ayubb\Pictures\IMG\center_2026_07_29_19_34_29_599.jpg, C:\Users\ayubb\Pictures\IMG\left_2026_07_29_19_34_29_599.jpg, C:\Users\ayubb\Pictures\IMG\right_2026_07_29_19_34_29_599.jpg, 0, 1, 0, 30.1904
C:\Users\ayubb\Pictures\IMG\center_2026_07_29_19_34_29_701.jpg, C:\Users\ayubb\Pictures\IMG\left_2026_07_29_19_34_29_701.jpg, C:\Users\ayubb\Pictures\IMG\right_2026_07_29_19_34_29_701.jpg, 0, 1, 0, 30.19027
C:\Users\ayubb\Pictures\IMG\center_2026_07_29_19_34_29_802.jpg, C:\Users\ayubb\Pictures\IMG\left_2026_07_29_19_34_29_802.jpg, C:\Users\ayubb\Pictures\IMG\right_2026_07_29_19_34_29_802.jpg, 0, 1, 0, 30.19031
C:\Users\ayubb\Pictures\IMG\center_2026_07_29_19_34_29_903.jpg, C:\Users\ayubb\Pictures\IMG\left_2026_07_29_19_34_29_903.jpg, C:\Users\ayubb\Pictures\IMG\right_2026_07_29_19_34_29_903.jpg, 0, 1, 0, 30.19029
C:\Users\ayubb\Pictures\IMG\center_2026_07_29_19_34_30_006.jpg, C:\Users\ayubb\Pictures\IMG\left_2026_07_29_19_34_30_006.jpg, C:\Users\ayubb\Pictures\IMG\right_2026_07_29_19_34_30_006.jpg, 0, 1, 0, 30.19056
C:\Users\ayubb\Pictures\IMG\center_2026_07_29_19_34_30_105.jpg, C:\Users\ayubb\Pictures\IMG\left_2026_07_29_19_34_30_105.jpg, C:\Users\ayubb\Pictures\IMG\right_2026_07_29_19_34_30_105.jpg, 0, 1, 0, 30.19029
C:\Users\ayubb\Pictures\IMG\center_2026_07_29_19_34_30_207.jpg, C:\Users\ayubb\Pictures\IMG\left_2026_07_29_19_34_30_207.jpg, C:\Users\ayubb\Pictures\IMG\right_2026_07_29_19_34_30_207.jpg, 0, 1, 0, 30.19031
C:\Users\ayubb\Pictures\IMG\center_2026_07_29_19_34_30_309.jpg, C:\Users\ayubb\Pictures\IMG\left_2026_07_29_19_34_30_309.jpg, C:\Users\ayubb\Pictures\IMG\right_2026_07_29_19_34_30_309.jpg, -0.2996172, 1, 0, 30.16794
C:\Users\ayubb\Pictures\IMG\center_2026_07_29_19_34_30_410.jpg, C:\Users\ayubb\Pictures\IMG\left_2026_07_29_19_34_30_410.jpg, C:\Users\ayubb\Pictures\IMG\right_2026_07_29_19_34_30_410.jpg, -0.2170894, 1, 0, 30.18819
C:\Users\ayubb\Pictures\IMG\center_2026_07_29_19_34_30_514.jpg, C:\Users\ayubb\Pictures\IMG\left_2026_07_29_19_34_30_514.jpg, C:\Users\ayubb\Pictures\IMG\right_2026_07_29_19_34_30_514.jpg, 0, 1, 0, 30.18811
C:\Users\ayubb\Pictures\IMG\center_2026_07_29_19_34_30_616.jpg, C:\Users\ayubb\Pictures\IMG\left_2026_07_29_19_34_30_616.jpg, C:\Users\ayubb\Pictures\IMG\right_2026_07_29_19_34_30_616.jpg, 0, 1, 0, 30.19002
C:\Users\ayubb\Pictures\IMG\center_2026_07_29_19_34_30_716.jpg, C:\Users\ayubb\Pictures\IMG\left_2026_07_29_19_34_30_716.jpg, C:\Users\ayubb\Pictures\IMG\right_2026_07_29_19_34_30_716.jpg, -0.0420669, 1, 0, 30.19009
C:\Users\ayubb\Pictures\IMG\center_2026_07_29_19_34_30_819.jpg, C:\Users\ayubb\Pictures\IMG\left_2026_07_29_19_34_30_819.jpg, C:\Users\ayubb\Pictures\IMG\right_2026_07_29_19_34_30_819.jpg, -0.348138, 1, 0, 30.1631
C:\Users\ayubb\Pictures\IMG\center_2026_07_29_19_34_30_920.jpg, C:\Users\ayubb\Pictures\IMG\left_2026_07_29_19_34_30_920.jpg, C:\Users\ayubb\Pictures\IMG\right_2026_07_29_19_34_30_920.jpg, -0.05399823, 1, 0, 30.19092
C:\Users\ayubb\Pictures\IMG\center_2026_07_29_19_34_31_020.jpg, C:\Users\ayubb\Pictures\IMG\left_2026_07_29_19_34_31_020.jpg, C:\Users\ayubb\Pictures\IMG\right_2026_07_29_19_34_31_020.jpg, 0, 1, 0, 30.18988
C:\Users\ayubb\Pictures\IMG\center_2026_07_29_19_34_31_123.jpg, C:\Users\ayubb\Pictures\IMG\left_2026_07_29_19_34_31_123.jpg, C:\Users\ayubb\Pictures\IMG\right_2026_07_29_19_34_31_123.jpg, -0.1541016, 1, 0, 30.18597
C:\Users\ayubb\Pictures\IMG\center_2026_07_29_19_34_31_224.jpg, C:\Users\ayubb\Pictures\IMG\left_2026_07_29_19_34_31_224.jpg, C:\Users\ayubb\Pictures\IMG\right_2026_07_29_19_34_31_224.jpg, -0.3449349, 1, 0, 30.16759
C:\Users\ayubb\Pictures\IMG\center_2026_07_29_19_34_31_326.jpg, C:\Users\ayubb\Pictures\IMG\left_2026_07_29_19_34_31_326.jpg, C:\Users\ayubb\Pictures\IMG\right_2026_07_29_19_34_31_326.jpg, -0.03876477, 1, 0, 30.19025
C:\Users\ayubb\Pictures\IMG\center_2026_07_29_19_34_31_429.jpg, C:\Users\ayubb\Pictures\IMG\left_2026_07_29_19_34_31_429.jpg, C:\Users\ayubb\Pictures\IMG\right_2026_07_29_19_34_31_429.jpg, -0.0134709, 1, 0, 30.19002
C:\Users\ayubb\Pictures\IMG\center_2026_07_29_19_34_31_529.jpg, C:\Users\ayubb\Pictures\IMG\left_2026_07_29_19_34_31_529.jpg, C:\Users\ayubb\Pictures\IMG\right_2026_07_29_19_34_31_529.jpg, -0.3148182, 1, 0, 30.17048
C:\Users\ayubb\Pictures\IMG\center_2026_07_29_19_34_31_632.jpg, C:\Users\ayubb\Pictures\IMG\left_2026_07_29_19_34_31_632.jpg, C:\Users\ayubb\Pictures\IMG\right_2026_07_29_19_34_31_632.jpg, -0.2693046, 1, 0, 30.18724
C:\Users\ayubb\Pictures\IMG\center_2026_07_29_19_34_31_733.jpg, C:\Users\ayubb\Pictures\IMG\left_2026_07_29_19_34_31_733.jpg, C:\Users\ayubb\Pictures\IMG\right_2026_07_29_19_34_31_733.jpg, 0, 1, 0, 30.18756
C:\Users\ayubb\Pictures\IMG\center_2026_07_29_19_34_31_834.jpg, C:\Users\ayubb\Pictures\IMG\left_2026_07_29_19_34_31_834.jpg, C:\Users\ayubb\Pictures\IMG\right_2026_07_29_19_34_31_834.jpg, -0.0109776, 1, 0, 30.19008
C:\Users\ayubb\Pictures\IMG\center_2026_07_29_19_34_31_935.jpg, C:\Users\ayubb\Pictures\IMG\left_2026_07_29_19_34_31_935.jpg, C:\Users\ayubb\Pictures\IMG\right_2026_07_29_19_34_31_935.jpg, -0.3015288, 1, 0, 30.1723
C:\Users\ayubb\Pictures\IMG\center_2026_07_29_19_34_32_037.jpg, C:\Users\ayubb\Pictures\IMG\left_2026_07_29_19_34_32_037.jpg, C:\Users\ayubb\Pictures\IMG\right_2026_07_29_19_34_32_037.jpg, -0.04929996, 1, 0, 30.19103
C:\Users\ayubb\Pictures\IMG\center_2026_07_29_19_34_32_138.jpg, C:\Users\ayubb\Pictures\IMG\left_2026_07_29_19_34_32_138.jpg, C:\Users\ayubb\Pictures\IMG\right_2026_07_29_19_34_32_138.jpg, 0, 1, 0, 30.19001
C:\Users\ayubb\Pictures\IMG\center_2026_07_29_19_34_32_241.jpg, C:\Users\ayubb\Pictures\IMG\left_2026_07_29_19_34_32_241.jpg, C:\Users\ayubb\Pictures\IMG\right_2026_07_29_19_34_32_241.jpg, 0, 1, 0, 30.19142
C:\Users\ayubb\Pictures\IMG\center_2026_07_29_19_34_32_343.jpg, C:\Users\ayubb\Pictures\IMG\left_2026_07_29_19_34_32_343.jpg, C:\Users\ayubb\Pictures\IMG\right_2026_07_29_19_34_32_343.jpg, -0.186372, 1, 0, 30.18234
C:\Users\ayubb\Pictures\IMG\center_2026_07_29_19_34_32_443.jpg, C:\Users\ayubb\Pictures\IMG\left_2026_07_29_19_34_32_443.jpg, C:\Users\ayubb\Pictures\IMG\right_2026_07_29_19_34_32_443.jpg, -0.2254838, 1, 0, 30.1861
C:\Users\ayubb\Pictures\IMG\center_2026_07_29_19_34_32_545.jpg, C:\Users\ayubb\Pictures\IMG\left_2026_07_29_19_34_32_545.jpg, C:\Users\ayubb\Pictures\IMG\right_2026_07_29_19_34_32_545.jpg, 0, 1, 0, 30.18873
C:\Users\ayubb\Pictures\IMG\center_2026_07_29_19_34_32_646.jpg, C:\Users\ayubb\Pictures\IMG\left_2026_07_29_19_34_32_646.jpg, C:\Users\ayubb\Pictures\IMG\right_2026_07_29_19_34_32_646.jpg, 0, 1, 0, 30.18879
C:\Users\ayubb\Pictures\IMG\center_2026_07_29_19_34_32_750.jpg, C:\Users\ayubb\Pictures\IMG\left_2026_07_29_19_34_32_750.jpg, C:\Users\ayubb\Pictures\IMG\right_2026_07_29_19_34_32_750.jpg, -0.2747073, 1, 0, 30.1737
C:\Users\ayubb\Pictures\IMG\center_2026_07_29_19_34_32_852.jpg, C:\Users\ayubb\Pictures\IMG\left_2026_07_29_19_34_32_852.jpg, C:\Users\ayubb\Pictures\IMG\right_2026_07_29_19_34_32_852.jpg, -0.5686893, 1, 0, 30.13292
C:\Users\ayubb\Pictures\IMG\center_2026_07_29_19_34_32_954.jpg, C:\Users\ayubb\Pictures\IMG\left_2026_07_29_19_34_32_954.jpg, C:\Users\ayubb\Pictures\IMG\right_2026_07_29_19_34_32_954.jpg, -0.2583063, 1, 0, 30.19157
C:\Users\ayubb\Pictures\IMG\center_2026_07_29_19_34_33_056.jpg, C:\Users\ayubb\Pictures\IMG\left_2026_07_29_19_34_33_056.jpg, C:\Users\ayubb\Pictures\IMG\right_2026_07_29_19_34_33_056.jpg, -0.1921902, 1, 0, 30.19124
C:\Users\ayubb\Pictures\IMG\center_2026_07_29_19_34_33_159.jpg, C:\Users\ayubb\Pictures\IMG\left_2026_07_29_19_34_33_159.jpg, C:\Users\ayubb\Pictures\IMG\right_2026_07_29_19_34_33_159.jpg, -0.4518534, 1, 0, 30.15973
C:\Users\ayubb\Pictures\IMG\center_2026_07_29_19_34_33_259.jpg, C:\Users\ayubb\Pictures\IMG\left_2026_07_29_19_34_33_259.jpg, C:\Users\ayubb\Pictures\IMG\right_2026_07_29_19_34_33_259.jpg, -0.1500884, 1, 0, 30.19453
C:\Users\ayubb\Pictures\IMG\center_2026_07_29_19_34_33_362.jpg, C:\Users\ayubb\Pictures\IMG\left_2026_07_29_19_34_33_362.jpg, C:\Users\ayubb\Pictures\IMG\right_2026_07_29_19_34_33_362.jpg, 0, 1, 0, 30.18872
C:\Users\ayubb\Pictures\IMG\center_2026_07_29_19_34_33_462.jpg, C:\Users\ayubb\Pictures\IMG\left_2026_07_29_19_34_33_462.jpg, C:\Users\ayubb\Pictures\IMG\right_2026_07_29_19_34_33_462.jpg, -0.0710595, 1, 0, 30.18741
C:\Users\ayubb\Pictures\IMG\center_2026_07_29_19_34_33_565.jpg, C:\Users\ayubb\Pictures\IMG\left_2026_07_29_19_34_33_565.jpg, C:\Users\ayubb\Pictures\IMG\right_2026_07_29_19_34_33_565.jpg, -0.3209276, 1, 0, 30.17132
C:\Users\ayubb\Pictures\IMG\center_2026_07_29_19_34_33_668.jpg, C:\Users\ayubb\Pictures\IMG\left_2026_07_29_19_34_33_668.jpg, C:\Users\ayubb\Pictures\IMG\right_2026_07_29_19_34_33_668.jpg, -0.02441664, 1, 0, 30.19065
C:\Users\ayubb\Pictures\IMG\center_2026_07_29_19_34_33_771.jpg, C:\Users\ayubb\Pictures\IMG\left_2026_07_29_19_34_33_771.jpg, C:\Users\ayubb\Pictures\IMG\right_2026_07_29_19_34_33_771.jpg, -0.1808331, 1, 0, 30.18437
C:\Users\ayubb\Pictures\IMG\center_2026_07_29_19_34_33_874.jpg, C:\Users\ayubb\Pictures\IMG\left_2026_07_29_19_34_33_874.jpg, C:\Users\ayubb\Pictures\IMG\right_2026_07_29_19_34_33_874.jpg, -0.4813911, 1, 0, 30.14963
C:\Users\ayubb\Pictures\IMG\center_2026_07_29_19_34_33_975.jpg, C:\Users\ayubb\Pictures\IMG\left_2026_07_29_19_34_33_975.jpg, C:\Users\ayubb\Pictures\IMG\right_2026_07_29_19_34_33_975.jpg, -0.5024602, 1, 0, 30.17046
C:\Users\ayubb\Pictures\IMG\center_2026_07_29_19_34_34_076.jpg, C:\Users\ayubb\Pictures\IMG\left_2026_07_29_19_34_34_076.jpg, C:\Users\ayubb\Pictures\IMG\right_2026_07_29_19_34_34_076.jpg, -0.1519246, 1, 0, 30.19557
C:\Users\ayubb\Pictures\IMG\center_2026_07_29_19_34_34_178.jpg, C:\Users\ayubb\Pictures\IMG\left_2026_07_29_19_34_34_178.jpg, C:\Users\ayubb\Pictures\IMG\right_2026_07_29_19_34_34_178.jpg, 0, 1, 0, 30.19007
C:\Users\ayubb\Pictures\IMG\center_2026_07_29_19_34_34_281.jpg, C:\Users\ayubb\Pictures\IMG\left_2026_07_29_19_34_34_281.jpg, C:\Users\ayubb\Pictures\IMG\right_2026_07_29_19_34_34_281.jpg, -0.2951112, 1, 0, 30.17584
C:\Users\ayubb\Pictures\IMG\center_2026_07_29_19_34_34_383.jpg, C:\Users\ayubb\Pictures\IMG\left_2026_07_29_19_34_34_383.jpg, C:\Users\ayubb\Pictures\IMG\right_2026_07_29_19_34_34_383.jpg, -0.01331309, 1, 0, 30.18976
C:\Users\ayubb\Pictures\IMG\center_2026_07_29_19_34_34_487.jpg, C:\Users\ayubb\Pictures\IMG\left_2026_07_29_19_34_34_487.jpg, C:\Users\ayubb\Pictures\IMG\right_2026_07_29_19_34_34_487.jpg, 0, 1, 0, 30.18889
C:\Users\ayubb\Pictures\IMG\center_2026_07_29_19_34_34_590.jpg, C:\Users\ayubb\Pictures\IMG\left_2026_07_29_19_34_34_590.jpg, C:\Users\ayubb\Pictures\IMG\right_2026_07_29_19_34_34_590.jpg, -0.0357, 1, 0, 30.19037
C:\Users\ayubb\Pictures\IMG\center_2026_07_29_19_34_34_692.jpg, C:\Users\ayubb\Pictures\IMG\left_2026_07_29_19_34_34_692.jpg, C:\Users\ayubb\Pictures\IMG\right_2026_07_29_19_34_34_692.jpg, -0.2931402, 1, 0, 30.17083
C:\Users\ayubb\Pictures\IMG\center_2026_07_29_19_34_34_795.jpg, C:\Users\ayubb\Pictures\IMG\left_2026_07_29_19_34_34_795.jpg, C:\Users\ayubb\Pictures\IMG\right_2026_07_29_19_34_34_795.jpg, -0.002559332, 1, 0, 30.18987
C:\Users\ayubb\Pictures\IMG\center_2026_07_29_19_34_34_896.jpg, C:\Users\ayubb\Pictures\IMG\left_2026_07_29_19_34_34_896.jpg, C:\Users\ayubb\Pictures\IMG\right_2026_07_29_19_34_34_896.jpg, 0, 1, 0, 30.19073
C:\Users\ayubb\Pictures\IMG\center_2026_07_29_19_34_35_000.jpg, C:\Users\ayubb\Pictures\IMG\left_2026_07_29_19_34_35_000.jpg, C:\Users\ayubb\Pictures\IMG\right_2026_07_29_19_34_35_000.jpg, -0.1688106, 1, 0, 30.18373
C:\Users\ayubb\Pictures\IMG\center_2026_07_29_19_34_35_101.jpg, C:\Users\ayubb\Pictures\IMG\left_2026_07_29_19_34_35_101.jpg, C:\Users\ayubb\Pictures\IMG\right_2026_07_29_19_34_35_101.jpg, -0.2137161, 1, 0, 30.18696
C:\Users\ayubb\Pictures\IMG\center_2026_07_29_19_34_35_203.jpg, C:\Users\ayubb\Pictures\IMG\left_2026_07_29_19_34_35_203.jpg, C:\Users\ayubb\Pictures\IMG\right_2026_07_29_19_34_35_203.jpg, 0, 1, 0, 30.18919
C:\Users\ayubb\Pictures\IMG\center_2026_07_29_19_34_35_303.jpg, C:\Users\ayubb\Pictures\IMG\left_2026_07_29_19_34_35_303.jpg, C:\Users\ayubb\Pictures\IMG\right_2026_07_29_19_34_35_303.jpg, -0.2004858, 1, 0, 30.18346
C:\Users\ayubb\Pictures\IMG\center_2026_07_29_19_34_35_403.jpg, C:\Users\ayubb\Pictures\IMG\left_2026_07_29_19_34_35_403.jpg, C:\Users\ayubb\Pictures\IMG\right_2026_07_29_19_34_35_403.jpg, -0.09649375, 1, 0, 30.19114
C:\Users\ayubb\Pictures\IMG\center_2026_07_29_19_34_35_505.jpg, C:\Users\ayubb\Pictures\IMG\left_2026_07_29_19_34_35_505.jpg, C:\Users\ayubb\Pictures\IMG\right_2026_07_29_19_34_35_505.jpg, 0, 1, 0, 30.18982
C:\Users\ayubb\Pictures\IMG\center_2026_07_29_19_34_35_606.jpg, C:\Users\ayubb\Pictures\IMG\left_2026_07_29_19_34_35_606.jpg, C:\Users\ayubb\Pictures\IMG\right_2026_07_29_19_34_35_606.jpg, 0, 1, 0, 30.19029
C:\Users\ayubb\Pictures\IMG\center_2026_07_29_19_34_35_708.jpg, C:\Users\ayubb\Pictures\IMG\left_2026_07_29_19_34_35_708.jpg, C:\Users\ayubb\Pictures\IMG\right_2026_07_29_19_34_35_708.jpg, 0, 1, 0, 30.19029
C:\Users\ayubb\Pictures\IMG\center_2026_07_29_19_34_35_810.jpg, C:\Users\ayubb\Pictures\IMG\left_2026_07_29_19_34_35_810.jpg, C:\Users\ayubb\Pictures\IMG\right_2026_07_29_19_34_35_810.jpg, 0, 1, 0, 30.1903
C:\Users\ayubb\Pictures\IMG\center_2026_07_29_19_34_35_911.jpg, C:\Users\ayubb\Pictures\IMG\left_2026_07_29_19_34_35_911.jpg, C:\Users\ayubb\Pictures\IMG\right_2026_07_29_19_34_35_911.jpg, 0, 1, 0, 30.19031
C:\Users\ayubb\Pictures\IMG\center_2026_07_29_19_34_36_013.jpg, C:\Users\ayubb\Pictures\IMG\left_2026_07_29_19_34_36_013.jpg, C:\Users\ayubb\Pictures\IMG\right_2026_07_29_19_34_36_013.jpg, 0, 1, 0, 30.19029
C:\Users\ayubb\Pictures\IMG\center_2026_07_29_19_34_36_116.jpg, C:\Users\ayubb\Pictures\IMG\left_2026_07_29_19_34_36_116.jpg, C:\Users\ayubb\Pictures\IMG\right_2026_07_29_19_34_36_116.jpg, -0.2057049, 1, 0, 30.17877
C:\Users\ayubb\Pictures\IMG\center_2026_07_29_19_34_36_218.jpg, C:\Users\ayubb\Pictures\IMG\left_2026_07_29_19_34_36_218.jpg, C:\Users\ayubb\Pictures\IMG\right_2026_07_29_19_34_36_218.jpg, -0.2417601, 1, 0, 30.18485
C:\Users\ayubb\Pictures\IMG\center_2026_07_29_19_34_36_322.jpg, C:\Users\ayubb\Pictures\IMG\left_2026_07_29_19_34_36_322.jpg, C:\Users\ayubb\Pictures\IMG\right_2026_07_29_19_34_36_322.jpg, 0, 1, 0, 30.18787
C:\Users\ayubb\Pictures\IMG\center_2026_07_29_19_34_36_422.jpg, C:\Users\ayubb\Pictures\IMG\left_2026_07_29_19_34_36_422.jpg, C:\Users\ayubb\Pictures\IMG\right_2026_07_29_19_34_36_422.jpg, 0, 1, 0, 30.19004
C:\Users\ayubb\Pictures\IMG\center_2026_07_29_19_34_36_522.jpg, C:\Users\ayubb\Pictures\IMG\left_2026_07_29_19_34_36_522.jpg, C:\Users\ayubb\Pictures\IMG\right_2026_07_29_19_34_36_522.jpg, 0, 1, 0, 30.19028
C:\Users\ayubb\Pictures\IMG\center_2026_07_29_19_34_36_625.jpg, C:\Users\ayubb\Pictures\IMG\left_2026_07_29_19_34_36_625.jpg, C:\Users\ayubb\Pictures\IMG\right_2026_07_29_19_34_36_625.jpg, 0, 1, 0, 30.19028
C:\Users\ayubb\Pictures\IMG\center_2026_07_29_19_34_36_726.jpg, C:\Users\ayubb\Pictures\IMG\left_2026_07_29_19_34_36_726.jpg, C:\Users\ayubb\Pictures\IMG\right_2026_07_29_19_34_36_726.jpg, 0, 1, 0, 30.19024
C:\Users\ayubb\Pictures\IMG\center_2026_07_29_19_34_36_828.jpg, C:\Users\ayubb\Pictures\IMG\left_2026_07_29_19_34_36_828.jpg, C:\Users\ayubb\Pictures\IMG\right_2026_07_29_19_34_36_828.jpg, 0, 1, 0, 30.19028
C:\Users\ayubb\Pictures\IMG\center_2026_07_29_19_34_36_928.jpg, C:\Users\ayubb\Pictures\IMG\left_2026_07_29_19_34_36_928.jpg, C:\Users\ayubb\Pictures\IMG\right_2026_07_29_19_34_36_928.jpg, 0, 1, 0, 30.19032
C:\Users\ayubb\Pictures\IMG\center_2026_07_29_19_34_37_028.jpg, C:\Users\ayubb\Pictures\IMG\left_2026_07_29_19_34_37_028.jpg, C:\Users\ayubb\Pictures\IMG\right_2026_07_29_19_34_37_028.jpg, 0, 1, 0, 30.19029
C:\Users\ayubb\Pictures\IMG\center_2026_07_29_19_34_37_131.jpg, C:\Users\ayubb\Pictures\IMG\left_2026_07_29_19_34_37_131.jpg, C:\Users\ayubb\Pictures\IMG\right_2026_07_29_19_34_37_131.jpg, -0.0432393, 1, 0, 30.18987
C:\Users\ayubb\Pictures\IMG\center_2026_07_29_19_34_37_235.jpg, C:\Users\ayubb\Pictures\IMG\left_2026_07_29_19_34_37_235.jpg, C:\Users\ayubb\Pictures\IMG\right_2026_07_29_19_34_37_235.jpg, -0.2565696, 1, 0, 30.17439
C:\Users\ayubb\Pictures\IMG\center_2026_07_29_19_34_37_334.jpg, C:\Users\ayubb\Pictures\IMG\left_2026_07_29_19_34_37_334.jpg, C:\Users\ayubb\Pictures\IMG\right_2026_07_29_19_34_37_334.jpg, 0, 1, 0, 30.18903
C:\Users\ayubb\Pictures\IMG\center_2026_07_29_19_34_37_437.jpg, C:\Users\ayubb\Pictures\IMG\left_2026_07_29_19_34_37_437.jpg, C:\Users\ayubb\Pictures\IMG\right_2026_07_29_19_34_37_437.jpg, 0, 1, 0, 30.19019
C:\Users\ayubb\Pictures\IMG\center_2026_07_29_19_34_37_538.jpg, C:\Users\ayubb\Pictures\IMG\left_2026_07_29_19_34_37_538.jpg, C:\Users\ayubb\Pictures\IMG\right_2026_07_29_19_34_37_538.jpg, 0, 1, 0, 30.19027
C:\Users\ayubb\Pictures\IMG\center_2026_07_29_19_34_37_640.jpg, C:\Users\ayubb\Pictures\IMG\left_2026_07_29_19_34_37_640.jpg, C:\Users\ayubb\Pictures\IMG\right_2026_07_29_19_34_37_640.jpg, 0, 1, 0, 30.19029
C:\Users\ayubb\Pictures\IMG\center_2026_07_29_19_34_37_741.jpg, C:\Users\ayubb\Pictures\IMG\left_2026_07_29_19_34_37_741.jpg, C:\Users\ayubb\Pictures\IMG\right_2026_07_29_19_34_37_741.jpg, 0, 1, 0, 30.19031
C:\Users\ayubb\Pictures\IMG\center_2026_07_29_19_34_37_843.jpg, C:\Users\ayubb\Pictures\IMG\left_2026_07_29_19_34_37_843.jpg, C:\Users\ayubb\Pictures\IMG\right_2026_07_29_19_34_37_843.jpg, 0, 1, 0, 30.19028
C:\Users\ayubb\Pictures\IMG\center_2026_07_29_19_34_37_945.jpg, C:\Users\ayubb\Pictures\IMG\left_2026_07_29_19_34_37_945.jpg, C:\Users\ayubb\Pictures\IMG\right_2026_07_29_19_34_37_945.jpg, 0, 1, 0, 30.19031
C:\Users\ayubb\Pictures\IMG\center_2026_07_29_19_34_38_045.jpg, C:\Users\ayubb\Pictures\IMG\left_2026_07_29_19_34_38_045.jpg, C:\Users\ayubb\Pictures\IMG\right_2026_07_29_19_34_38_045.jpg, 0, 1, 0, 30.19032
C:\Users\ayubb\Pictures\IMG\center_2026_07_29_19_34_38_146.jpg, C:\Users\ayubb\Pictures\IMG\left_2026_07_29_19_34_38_146.jpg, C:\Users\ayubb\Pictures\IMG\right_2026_07_29_19_34_38_146.jpg, 0, 1, 0, 30.19028
C:\Users\ayubb\Pictures\IMG\center_2026_07_29_19_34_38_248.jpg, C:\Users\ayubb\Pictures\IMG\left_2026_07_29_19_34_38_248.jpg, C:\Users\ayubb\Pictures\IMG\right_2026_07_29_19_34_38_248.jpg, 0, 1, 0, 30.1903
C:\Users\ayubb\Pictures\IMG\center_2026_07_29_19_34_38_350.jpg, C:\Users\ayubb\Pictures\IMG\left_2026_07_29_19_34_38_350.jpg, C:\Users\ayubb\Pictures\IMG\right_2026_07_29_19_34_38_350.jpg, 0, 1, 0, 30.19032
C:\Users\ayubb\Pictures\IMG\center_2026_07_29_19_34_38_452.jpg, C:\Users\ayubb\Pictures\IMG\left_2026_07_29_19_34_38_452.jpg, C:\Users\ayubb\Pictures\IMG\right_2026_07_29_19_34_38_452.jpg, 0, 1, 0, 30.19028
C:\Users\ayubb\Pictures\IMG\center_2026_07_29_19_34_38_556.jpg, C:\Users\ayubb\Pictures\IMG\left_2026_07_29_19_34_38_556.jpg, C:\Users\ayubb\Pictures\IMG\right_2026_07_29_19_34_38_556.jpg, -0.0731685, 1, 0, 30.18903
C:\Users\ayubb\Pictures\IMG\center_2026_07_29_19_34_38_657.jpg, C:\Users\ayubb\Pictures\IMG\left_2026_07_29_19_34_38_657.jpg, C:\Users\ayubb\Pictures\IMG\right_2026_07_29_19_34_38_657.jpg, -0.2034983, 1, 0, 30.1856
C:\Users\ayubb\Pictures\IMG\center_2026_07_29_19_34_38_759.jpg, C:\Users\ayubb\Pictures\IMG\left_2026_07_29_19_34_38_759.jpg, C:\Users\ayubb\Pictures\IMG\right_2026_07_29_19_34_38_759.jpg, 0, 1, 0, 30.18909
C:\Users\ayubb\Pictures\IMG\center_2026_07_29_19_34_38_861.jpg, C:\Users\ayubb\Pictures\IMG\left_2026_07_29_19_34_38_861.jpg, C:\Users\ayubb\Pictures\IMG\right_2026_07_29_19_34_38_861.jpg, 0, 1, 0, 30.19013
C:\Users\ayubb\Pictures\IMG\center_2026_07_29_19_34_38_962.jpg, C:\Users\ayubb\Pictures\IMG\left_2026_07_29_19_34_38_962.jpg, C:\Users\ayubb\Pictures\IMG\right_2026_07_29_19_34_38_962.jpg, 0, 1, 0, 30.19027
C:\Users\ayubb\Pictures\IMG\center_2026_07_29_19_34_39_065.jpg, C:\Users\ayubb\Pictures\IMG\left_2026_07_29_19_34_39_065.jpg, C:\Users\ayubb\Pictures\IMG\right_2026_07_29_19_34_39_065.jpg, 0, 1, 0, 30.19028
C:\Users\ayubb\Pictures\IMG\center_2026_07_29_19_34_39_165.jpg, C:\Users\ayubb\Pictures\IMG\left_2026_07_29_19_34_39_165.jpg, C:\Users\ayubb\Pictures\IMG\right_2026_07_29_19_34_39_165.jpg, 0, 1, 0, 30.19029
C:\Users\ayubb\Pictures\IMG\center_2026_07_29_19_34_39_268.jpg, C:\Users\ayubb\Pictures\IMG\left_2026_07_29_19_34_39_268.jpg, C:\Users\ayubb\Pictures\IMG\right_2026_07_29_19_34_39_268.jpg, 0, 1, 0, 30.19029
C:\Users\ayubb\Pictures\IMG\center_2026_07_29_19_34_39_372.jpg, C:\Users\ayubb\Pictures\IMG\left_2026_07_29_19_34_39_372.jpg, C:\Users\ayubb\Pictures\IMG\right_2026_07_29_19_34_39_372.jpg, 0, 1, 0, 30.19032
C:\Users\ayubb\Pictures\IMG\center_2026_07_29_19_34_39_474.jpg, C:\Users\ayubb\Pictures\IMG\left_2026_07_29_19_34_39_474.jpg, C:\Users\ayubb\Pictures\IMG\right_2026_07_29_19_34_39_474.jpg, 0, 1, 0, 30.1903
C:\Users\ayubb\Pictures\IMG\center_2026_07_29_19_34_39_576.jpg, C:\Users\ayubb\Pictures\IMG\left_2026_07_29_19_34_39_576.jpg, C:\Users\ayubb\Pictures\IMG\right_2026_07_29_19_34_39_576.jpg, 0.2586369, 1, 0, 30.17373
C:\Users\ayubb\Pictures\IMG\center_2026_07_29_19_34_39_678.jpg, C:\Users\ayubb\Pictures\IMG\left_2026_07_29_19_34_39_678.jpg, C:\Users\ayubb\Pictures\IMG\right_2026_07_29_19_34_39_678.jpg, 0, 1, 0, 30.18913
C:\Users\ayubb\Pictures\IMG\center_2026_07_29_19_34_39_779.jpg, C:\Users\ayubb\Pictures\IMG\left_2026_07_29_19_34_39_779.jpg, C:\Users\ayubb\Pictures\IMG\right_2026_07_29_19_34_39_779.jpg, 0, 1, 0, 30.19011
C:\Users\ayubb\Pictures\IMG\center_2026_07_29_19_34_39_881.jpg, C:\Users\ayubb\Pictures\IMG\left_2026_07_29_19_34_39_881.jpg, C:\Users\ayubb\Pictures\IMG\right_2026_07_29_19_34_39_881.jpg, 0, 1, 0, 30.19028
C:\Users\ayubb\Pictures\IMG\center_2026_07_29_19_34_39_984.jpg, C:\Users\ayubb\Pictures\IMG\left_2026_07_29_19_34_39_984.jpg, C:\Users\ayubb\Pictures\IMG\right_2026_07_29_19_34_39_984.jpg, 0, 1, 0, 30.19028
C:\Users\ayubb\Pictures\IMG\center_2026_07_29_19_34_40_087.jpg, C:\Users\ayubb\Pictures\IMG\left_2026_07_29_19_34_40_087.jpg, C:\Users\ayubb\Pictures\IMG\right_2026_07_29_19_34_40_087.jpg, 0, 1, 0, 30.19031
C:\Users\ayubb\Pictures\IMG\center_2026_07_29_19_34_40_190.jpg, C:\Users\ayubb\Pictures\IMG\left_2026_07_29_19_34_40_190.jpg, C:\Users\ayubb\Pictures\IMG\right_2026_07_29_19_34_40_190.jpg, 0, 1, 0, 30.19029
C:\Users\ayubb\Pictures\IMG\center_2026_07_29_19_34_40_290.jpg, C:\Users\ayubb\Pictures\IMG\left_2026_07_29_19_34_40_290.jpg, C:\Users\ayubb\Pictures\IMG\right_2026_07_29_19_34_40_290.jpg, 0, 1, 0, 30.19036
C:\Users\ayubb\Pictures\IMG\center_2026_07_29_19_34_40_392.jpg, C:\Users\ayubb\Pictures\IMG\left_2026_07_29_19_34_40_392.jpg, C:\Users\ayubb\Pictures\IMG\right_2026_07_29_19_34_40_392.jpg, 0.1365678, 1, 0, 30.1852
C:\Users\ayubb\Pictures\IMG\center_2026_07_29_19_34_40_494.jpg, C:\Users\ayubb\Pictures\IMG\left_2026_07_29_19_34_40_494.jpg, C:\Users\ayubb\Pictures\IMG\right_2026_07_29_19_34_40_494.jpg, 0, 1, 0, 30.18986
C:\Users\ayubb\Pictures\IMG\center_2026_07_29_19_34_40_595.jpg, C:\Users\ayubb\Pictures\IMG\left_2026_07_29_19_34_40_595.jpg, C:\Users\ayubb\Pictures\IMG\right_2026_07_29_19_34_40_595.jpg, 0, 1, 0, 30.19007
C:\Users\ayubb\Pictures\IMG\center_2026_07_29_19_34_40_695.jpg, C:\Users\ayubb\Pictures\IMG\left_2026_07_29_19_34_40_695.jpg, C:\Users\ayubb\Pictures\IMG\right_2026_07_29_19_34_40_695.jpg, 0, 1, 0, 30.19018
C:\Users\ayubb\Pictures\IMG\center_2026_07_29_19_34_40_795.jpg, C:\Users\ayubb\Pictures\IMG\left_2026_07_29_19_34_40_795.jpg, C:\Users\ayubb\Pictures\IMG\right_2026_07_29_19_34_40_795.jpg, 0.1496379, 1, 0, 30.18406
C:\Users\ayubb\Pictures\IMG\center_2026_07_29_19_34_40_897.jpg, C:\Users\ayubb\Pictures\IMG\left_2026_07_29_19_34_40_897.jpg, C:\Users\ayubb\Pictures\IMG\right_2026_07_29_19_34_40_897.jpg, 0.2644501, 1, 0, 30.18276
C:\Users\ayubb\Pictures\IMG\center_2026_07_29_19_34_40_999.jpg, C:\Users\ayubb\Pictures\IMG\left_2026_07_29_19_34_40_999.jpg, C:\Users\ayubb\Pictures\IMG\right_2026_07_29_19_34_40_999.jpg, 0, 1, 0, 30.18788
C:\Users\ayubb\Pictures\IMG\center_2026_07_29_19_34_41_100.jpg, C:\Users\ayubb\Pictures\IMG\left_2026_07_29_19_34_41_100.jpg, C:\Users\ayubb\Pictures\IMG\right_2026_07_29_19_34_41_100.jpg, 0, 1, 0, 30.18991
C:\Users\ayubb\Pictures\IMG\center_2026_07_29_19_34_41_201.jpg, C:\Users\ayubb\Pictures\IMG\left_2026_07_29_19_34_41_201.jpg, C:\Users\ayubb\Pictures\IMG\right_2026_07_29_19_34_41_201.jpg, 0, 1, 0, 30.19002
C:\Users\ayubb\Pictures\IMG\center_2026_07_29_19_34_41_302.jpg, C:\Users\ayubb\Pictures\IMG\left_2026_07_29_19_34_41_302.jpg, C:\Users\ayubb\Pictures\IMG\right_2026_07_29_19_34_41_302.jpg, 0, 1, 0, 30.18995
C:\Users\ayubb\Pictures\IMG\center_2026_07_29_19_34_41_403.jpg, C:\Users\ayubb\Pictures\IMG\left_2026_07_29_19_34_41_403.jpg, C:\Users\ayubb\Pictures\IMG\right_2026_07_29_19_34_41_403.jpg, 0.2626767, 1, 0, 30.17319
C:\Users\ayubb\Pictures\IMG\center_2026_07_29_19_34_41_505.jpg, C:\Users\ayubb\Pictures\IMG\left_2026_07_29_19_34_41_505.jpg, C:\Users\ayubb\Pictures\IMG\right_2026_07_29_19_34_41_505.jpg, 0, 1, 0, 30.18926
C:\Users\ayubb\Pictures\IMG\center_2026_07_29_19_34_41_607.jpg, C:\Users\ayubb\Pictures\IMG\left_2026_07_29_19_34_41_607.jpg, C:\Users\ayubb\Pictures\IMG\right_2026_07_29_19_34_41_607.jpg, 0, 1, 0, 30.19065
C:\Users\ayubb\Pictures\IMG\center_2026_07_29_19_34_41_711.jpg, C:\Users\ayubb\Pictures\IMG\left_2026_07_29_19_34_41_711.jpg, C:\Users\ayubb\Pictures\IMG\right_2026_07_29_19_34_41_711.jpg, 0.1369575, 1, 0, 30.18598
C:\Users\ayubb\Pictures\IMG\center_2026_07_29_19_34_41_813.jpg, C:\Users\ayubb\Pictures\IMG\left_2026_07_29_19_34_41_813.jpg, C:\Users\ayubb\Pictures\IMG\right_2026_07_29_19_34_41_813.jpg, 0.09247175, 1, 0, 30.19019
C:\Users\ayubb\Pictures\IMG\center_2026_07_29_19_34_41_914.jpg, C:\Users\ayubb\Pictures\IMG\left_2026_07_29_19_34_41_914.jpg, C:\Users\ayubb\Pictures\IMG\right_2026_07_29_19_34_41_914.jpg, 0, 1, 0, 30.19031
C:\Users\ayubb\Pictures\IMG\center_2026_07_29_19_34_42_017.jpg, C:\Users\ayubb\Pictures\IMG\left_2026_07_29_19_34_42_017.jpg, C:\Users\ayubb\Pictures\IMG\right_2026_07_29_19_34_42_017.jpg, 0.2063721, 1, 0, 30.18027
C:\Users\ayubb\Pictures\IMG\center_2026_07_29_19_34_42_117.jpg, C:\Users\ayubb\Pictures\IMG\left_2026_07_29_19_34_42_117.jpg, C:\Users\ayubb\Pictures\IMG\right_2026_07_29_19_34_42_117.jpg, 0.1634398, 1, 0, 30.18965
C:\Users\ayubb\Pictures\IMG\center_2026_07_29_19_34_42_219.jpg, C:\Users\ayubb\Pictures\IMG\left_2026_07_29_19_34_42_219.jpg, C:\Users\ayubb\Pictures\IMG\right_2026_07_29_19_34_42_219.jpg, 0, 1, 0, 30.18944
C:\Users\ayubb\Pictures\IMG\center_2026_07_29_19_34_42_320.jpg, C:\Users\ayubb\Pictures\IMG\left_2026_07_29_19_34_42_320.jpg, C:\Users\ayubb\Pictures\IMG\right_2026_07_29_19_34_42_320.jpg, 0.2247207, 1, 0, 30.18139
C:\Users\ayubb\Pictures\IMG\center_2026_07_29_19_34_42_422.jpg, C:\Users\ayubb\Pictures\IMG\left_2026_07_29_19_34_42_422.jpg, C:\Users\ayubb\Pictures\IMG\right_2026_07_29_19_34_42_422.jpg, 0.2227005, 1, 0, 30.18802
C:\Users\ayubb\Pictures\IMG\center_2026_07_29_19_34_42_522.jpg, C:\Users\ayubb\Pictures\IMG\left_2026_07_29_19_34_42_522.jpg, C:\Users\ayubb\Pictures\IMG\right_2026_07_29_19_34_42_522.jpg, 0, 1, 0, 30.18926
C:\Users\ayubb\Pictures\IMG\center_2026_07_29_19_34_42_624.jpg, C:\Users\ayubb\Pictures\IMG\left_2026_07_29_19_34_42_624.jpg, C:\Users\ayubb\Pictures\IMG\right_2026_07_29_19_34_42_624.jpg, 0.2867247, 1, 0, 30.1763
C:\Users\ayubb\Pictures\IMG\center_2026_07_29_19_34_42_727.jpg, C:\Users\ayubb\Pictures\IMG\left_2026_07_29_19_34_42_727.jpg, C:\Users\ayubb\Pictures\IMG\right_2026_07_29_19_34_42_727.jpg, 0.1000926, 1, 0, 30.19292
C:\Users\ayubb\Pictures\IMG\center_2026_07_29_19_34_42_829.jpg, C:\Users\ayubb\Pictures\IMG\left_2026_07_29_19_34_42_829.jpg, C:\Users\ayubb\Pictures\IMG\right_2026_07_29_19_34_42_829.jpg, 0.1396515, 1, 0, 30.18986
C:\Users\ayubb\Pictures\IMG\center_2026_07_29_19_34_42_931.jpg, C:\Users\ayubb\Pictures\IMG\left_2026_07_29_19_34_42_931.jpg, C:\Users\ayubb\Pictures\IMG\right_2026_07_29_19_34_42_931.jpg, 0.4428777, 1, 0, 30.15624
C:\Users\ayubb\Pictures\IMG\center_2026_07_29_19_34_43_032.jpg, C:\Users\ayubb\Pictures\IMG\left_2026_07_29_19_34_43_032.jpg, C:\Users\ayubb\Pictures\IMG\right_2026_07_29_19_34_43_032.jpg, 0.7394233, 1, 0, 30.10818
C:\Users\ayubb\Pictures\IMG\center_2026_07_29_19_34_43_133.jpg, C:\Users\ayubb\Pictures\IMG\left_2026_07_29_19_34_43_133.jpg, C:\Users\ayubb\Pictures\IMG\right_2026_07_29_19_34_43_133.jpg, 0.9634384, 1, 0, 30.09216
C:\Users\ayubb\Pictures\IMG\center_2026_07_29_19_34_43_236.jpg, C:\Users\ayubb\Pictures\IMG\left_2026_07_29_19_34_43_236.jpg, C:\Users\ayubb\Pictures\IMG\right_2026_07_29_19_34_43_236.jpg, 0.6600595, 1, 0, 30.18313
C:\Users\ayubb\Pictures\IMG\center_2026_07_29_19_34_43_337.jpg, C:\Users\ayubb\Pictures\IMG\left_2026_07_29_19_34_43_337.jpg, C:\Users\ayubb\Pictures\IMG\right_2026_07_29_19_34_43_337.jpg, 0.3086742, 1, 0, 30.20433
C:\Users\ayubb\Pictures\IMG\center_2026_07_29_19_34_43_439.jpg, C:\Users\ayubb\Pictures\IMG\left_2026_07_29_19_34_43_439.jpg, C:\Users\ayubb\Pictures\IMG\right_2026_07_29_19_34_43_439.jpg, 0.002376884, 1, 0, 30.18222
C:\Users\ayubb\Pictures\IMG\center_2026_07_29_19_34_43_542.jpg, C:\Users\ayubb\Pictures\IMG\left_2026_07_29_19_34_43_542.jpg, C:\Users\ayubb\Pictures\IMG\right_2026_07_29_19_34_43_542.jpg, 0, 1, 0, 30.18943
C:\Users\ayubb\Pictures\IMG\center_2026_07_29_19_34_43_645.jpg, C:\Users\ayubb\Pictures\IMG\left_2026_07_29_19_34_43_645.jpg, C:\Users\ayubb\Pictures\IMG\right_2026_07_29_19_34_43_645.jpg, 0, 1, 0, 30.18945
C:\Users\ayubb\Pictures\IMG\center_2026_07_29_19_34_43_748.jpg, C:\Users\ayubb\Pictures\IMG\left_2026_07_29_19_34_43_748.jpg, C:\Users\ayubb\Pictures\IMG\right_2026_07_29_19_34_43_748.jpg, 0, 1, 0, 30.19097
C:\Users\ayubb\Pictures\IMG\center_2026_07_29_19_34_43_849.jpg, C:\Users\ayubb\Pictures\IMG\left_2026_07_29_19_34_43_849.jpg, C:\Users\ayubb\Pictures\IMG\right_2026_07_29_19_34_43_849.jpg, 0, 1, 0, 30.1899
C:\Users\ayubb\Pictures\IMG\center_2026_07_29_19_34_43_951.jpg, C:\Users\ayubb\Pictures\IMG\left_2026_07_29_19_34_43_951.jpg, C:\Users\ayubb\Pictures\IMG\right_2026_07_29_19_34_43_951.jpg, 0.1336215, 1, 0, 30.18585
C:\Users\ayubb\Pictures\IMG\center_2026_07_29_19_34_44_053.jpg, C:\Users\ayubb\Pictures\IMG\left_2026_07_29_19_34_44_053.jpg, C:\Users\ayubb\Pictures\IMG\right_2026_07_29_19_34_44_053.jpg, 0.4310801, 1, 0, 30.15051
C:\Users\ayubb\Pictures\IMG\center_2026_07_29_19_34_44_155.jpg, C:\Users\ayubb\Pictures\IMG\left_2026_07_29_19_34_44_155.jpg, C:\Users\ayubb\Pictures\IMG\right_2026_07_29_19_34_44_155.jpg, 0.5312055, 1, 0, 30.15605
C:\Users\ayubb\Pictures\IMG\center_2026_07_29_19_34_44_255.jpg, C:\Users\ayubb\Pictures\IMG\left_2026_07_29_19_34_44_255.jpg, C:\Users\ayubb\Pictures\IMG\right_2026_07_29_19_34_44_255.jpg, 0.2297916, 1, 0, 30.19514
C:\Users\ayubb\Pictures\IMG\center_2026_07_29_19_34_44_356.jpg, C:\Users\ayubb\Pictures\IMG\left_2026_07_29_19_34_44_356.jpg, C:\Users\ayubb\Pictures\IMG\right_2026_07_29_19_34_44_356.jpg, 0, 1, 0, 30.1864
C:\Users\ayubb\Pictures\IMG\center_2026_07_29_19_34_44_456.jpg, C:\Users\ayubb\Pictures\IMG\left_2026_07_29_19_34_44_456.jpg, C:\Users\ayubb\Pictures\IMG\right_2026_07_29_19_34_44_456.jpg, 0, 1, 0, 30.18986
C:\Users\ayubb\Pictures\IMG\center_2026_07_29_19_34_44_558.jpg, C:\Users\ayubb\Pictures\IMG\left_2026_07_29_19_34_44_558.jpg, C:\Users\ayubb\Pictures\IMG\right_2026_07_29_19_34_44_558.jpg, 0, 1, 0, 30.19099
C:\Users\ayubb\Pictures\IMG\center_2026_07_29_19_34_44_661.jpg, C:\Users\ayubb\Pictures\IMG\left_2026_07_29_19_34_44_661.jpg, C:\Users\ayubb\Pictures\IMG\right_2026_07_29_19_34_44_661.jpg, 0, 1, 0, 30.19036
C:\Users\ayubb\Pictures\IMG\center_2026_07_29_19_34_44_762.jpg, C:\Users\ayubb\Pictures\IMG\left_2026_07_29_19_34_44_762.jpg, C:\Users\ayubb\Pictures\IMG\right_2026_07_29_19_34_44_762.jpg, 0.1497321, 1, 0, 30.18439
C:\Users\ayubb\Pictures\IMG\center_2026_07_29_19_34_44_866.jpg, C:\Users\ayubb\Pictures\IMG\left_2026_07_29_19_34_44_866.jpg, C:\Users\ayubb\Pictures\IMG\right_2026_07_29_19_34_44_866.jpg, 0, 1, 0, 30.19045
C:\Users\ayubb\Pictures\IMG\center_2026_07_29_19_34_44_966.jpg, C:\Users\ayubb\Pictures\IMG\left_2026_07_29_19_34_44_966.jpg, C:\Users\ayubb\Pictures\IMG\right_2026_07_29_19_34_44_966.jpg, 0, 1, 0, 30.19033
C:\Users\ayubb\Pictures\IMG\center_2026_07_29_19_34_45_067.jpg, C:\Users\ayubb\Pictures\IMG\left_2026_07_29_19_34_45_067.jpg, C:\Users\ayubb\Pictures\IMG\right_2026_07_29_19_34_45_067.jpg, -0.1199721, 1, 0, 30.18664
C:\Users\ayubb\Pictures\IMG\center_2026_07_29_19_34_45_170.jpg, C:\Users\ayubb\Pictures\IMG\left_2026_07_29_19_34_45_170.jpg, C:\Users\ayubb\Pictures\IMG\right_2026_07_29_19_34_45_170.jpg, -0.3966443, 1, 0, 30.15622
C:\Users\ayubb\Pictures\IMG\center_2026_07_29_19_34_45_273.jpg, C:\Users\ayubb\Pictures\IMG\left_2026_07_29_19_34_45_273.jpg, C:\Users\ayubb\Pictures\IMG\right_2026_07_29_19_34_45_273.jpg, 0.0914385, 1, 0, 30.17651
C:\Users\ayubb\Pictures\IMG\center_2026_07_29_19_34_45_375.jpg, C:\Users\ayubb\Pictures\IMG\left_2026_07_29_19_34_45_375.jpg, C:\Users\ayubb\Pictures\IMG\right_2026_07_29_19_34_45_375.jpg, 0.3951246, 1, 0, 30.14531
C:\Users\ayubb\Pictures\IMG\center_2026_07_29_19_34_45_477.jpg, C:\Users\ayubb\Pictures\IMG\left_2026_07_29_19_34_45_477.jpg, C:\Users\ayubb\Pictures\IMG\right_2026_07_29_19_34_45_477.jpg, 0.0430644, 1, 0, 30.1908
C:\Users\ayubb\Pictures\IMG\center_2026_07_29_19_34_45_578.jpg, C:\Users\ayubb\Pictures\IMG\left_2026_07_29_19_34_45_578.jpg, C:\Users\ayubb\Pictures\IMG\right_2026_07_29_19_34_45_578.jpg, 0, 1, 0, 30.18951
C:\Users\ayubb\Pictures\IMG\center_2026_07_29_19_34_45_680.jpg, C:\Users\ayubb\Pictures\IMG\left_2026_07_29_19_34_45_680.jpg, C:\Users\ayubb\Pictures\IMG\right_2026_07_29_19_34_45_680.jpg, -0.1224753, 1, 0, 30.18467
C:\Users\ayubb\Pictures\IMG\center_2026_07_29_19_34_45_780.jpg, C:\Users\ayubb\Pictures\IMG\left_2026_07_29_19_34_45_780.jpg, C:\Users\ayubb\Pictures\IMG\right_2026_07_29_19_34_45_780.jpg, -0.422238, 1, 0, 30.15042
C:\Users\ayubb\Pictures\IMG\center_2026_07_29_19_34_45_883.jpg, C:\Users\ayubb\Pictures\IMG\left_2026_07_29_19_34_45_883.jpg, C:\Users\ayubb\Pictures\IMG\right_2026_07_29_19_34_45_883.jpg, 0.0852, 1, 0, 30.1735
C:\Users\ayubb\Pictures\IMG\center_2026_07_29_19_34_45_983.jpg, C:\Users\ayubb\Pictures\IMG\left_2026_07_29_19_34_45_983.jpg, C:\Users\ayubb\Pictures\IMG\right_2026_07_29_19_34_45_983.jpg, 0.3863928, 1, 0, 30.14008
C:\Users\ayubb\Pictures\IMG\center_2026_07_29_19_34_46_083.jpg, C:\Users\ayubb\Pictures\IMG\left_2026_07_29_19_34_46_083.jpg, C:\Users\ayubb\Pictures\IMG\right_2026_07_29_19_34_46_083.jpg, 0.6779813, 1, 0, 30.11364
C:\Users\ayubb\Pictures\IMG\center_2026_07_29_19_34_46_187.jpg, C:\Users\ayubb\Pictures\IMG\left_2026_07_29_19_34_46_187.jpg, C:\Users\ayubb\Pictures\IMG\right_2026_07_29_19_34_46_187.jpg, 0.9847775, 1, 0, 30.08652
C:\Users\ayubb\Pictures\IMG\center_2026_07_29_19_34_46_289.jpg, C:\Users\ayubb\Pictures\IMG\left_2026_07_29_19_34_46_289.jpg, C:\Users\ayubb\Pictures\IMG\right_2026_07_29_19_34_46_289.jpg, 0.7130399, 1, 0, 30.16312
C:\Users\ayubb\Pictures\IMG\center_2026_07_29_19_34_46_392.jpg, C:\Users\ayubb\Pictures\IMG\left_2026_07_29_19_34_46_392.jpg, C:\Users\ayubb\Pictures\IMG\right_2026_07_29_19_34_46_392.jpg, 0.4161161, 1, 0, 30.20207
C:\Users\ayubb\Pictures\IMG\center_2026_07_29_19_34_46_493.jpg, C:\Users\ayubb\Pictures\IMG\left_2026_07_29_19_34_46_493.jpg, C:\Users\ayubb\Pictures\IMG\right_2026_07_29_19_34_46_493.jpg, -0.2819865, 1, 0, 30.1428
C:\Users\ayubb\Pictures\IMG\center_2026_07_29_19_34_46_593.jpg, C:\Users\ayubb\Pictures\IMG\left_2026_07_29_19_34_46_593.jpg, C:\Users\ayubb\Pictures\IMG\right_2026_07_29_19_34_46_593.jpg, -0.2171019, 1, 0, 30.1645
C:\Users\ayubb\Pictures\IMG\center_2026_07_29_19_34_46_694.jpg, C:\Users\ayubb\Pictures\IMG\left_2026_07_29_19_34_46_694.jpg, C:\Users\ayubb\Pictures\IMG\right_2026_07_29_19_34_46_694.jpg, -0.1321347, 1, 0, 30.18683
C:\Users\ayubb\Pictures\IMG\center_2026_07_29_19_34_46_795.jpg, C:\Users\ayubb\Pictures\IMG\left_2026_07_29_19_34_46_795.jpg, C:\Users\ayubb\Pictures\IMG\right_2026_07_29_19_34_46_795.jpg, -0.4306547, 1, 0, 30.15373
C:\Users\ayubb\Pictures\IMG\center_2026_07_29_19_34_46_897.jpg, C:\Users\ayubb\Pictures\IMG\left_2026_07_29_19_34_46_897.jpg, C:\Users\ayubb\Pictures\IMG\right_2026_07_29_19_34_46_897.jpg, -0.5673708, 1, 0, 30.15697
C:\Users\ayubb\Pictures\IMG\center_2026_07_29_19_34_46_998.jpg, C:\Users\ayubb\Pictures\IMG\left_2026_07_29_19_34_46_998.jpg, C:\Users\ayubb\Pictures\IMG\right_2026_07_29_19_34_46_998.jpg, -0.2662881, 1, 0, 30.19587
C:\Users\ayubb\Pictures\IMG\center_2026_07_29_19_34_47_101.jpg, C:\Users\ayubb\Pictures\IMG\left_2026_07_29_19_34_47_101.jpg, C:\Users\ayubb\Pictures\IMG\right_2026_07_29_19_34_47_101.jpg, 0, 1, 0, 30.18389
C:\Users\ayubb\Pictures\IMG\center_2026_07_29_19_34_47_203.jpg, C:\Users\ayubb\Pictures\IMG\left_2026_07_29_19_34_47_203.jpg, C:\Users\ayubb\Pictures\IMG\right_2026_07_29_19_34_47_203.jpg, 0, 1, 0, 30.18979
C:\Users\ayubb\Pictures\IMG\center_2026_07_29_19_34_47_305.jpg, C:\Users\ayubb\Pictures\IMG\left_2026_07_29_19_34_47_305.jpg, C:\Users\ayubb\Pictures\IMG\right_2026_07_29_19_34_47_305.jpg, 0, 1, 0, 30.19051
C:\Users\ayubb\Pictures\IMG\center_2026_07_29_19_34_47_407.jpg, C:\Users\ayubb\Pictures\IMG\left_2026_07_29_19_34_47_407.jpg, C:\Users\ayubb\Pictures\IMG\right_2026_07_29_19_34_47_407.jpg, 0, 1, 0, 30.19048
C:\Users\ayubb\Pictures\IMG\center_2026_07_29_19_34_47_510.jpg, C:\Users\ayubb\Pictures\IMG\left_2026_07_29_19_34_47_510.jpg, C:\Users\ayubb\Pictures\IMG\right_2026_07_29_19_34_47_510.jpg, 0, 1, 0, 30.19061
C:\Users\ayubb\Pictures\IMG\center_2026_07_29_19_34_47_613.jpg, C:\Users\ayubb\Pictures\IMG\left_2026_07_29_19_34_47_613.jpg, C:\Users\ayubb\Pictures\IMG\right_2026_07_29_19_34_47_613.jpg, 0, 1, 0, 30.1906
C:\Users\ayubb\Pictures\IMG\center_2026_07_29_19_34_47_715.jpg, C:\Users\ayubb\Pictures\IMG\left_2026_07_29_19_34_47_715.jpg, C:\Users\ayubb\Pictures\IMG\right_2026_07_29_19_34_47_715.jpg, 0, 1, 0, 30.19063
C:\Users\ayubb\Pictures\IMG\center_2026_07_29_19_34_47_816.jpg, C:\Users\ayubb\Pictures\IMG\left_2026_07_29_19_34_47_816.jpg, C:\Users\ayubb\Pictures\IMG\right_2026_07_29_19_34_47_816.jpg, 0, 1, 0, 30.19062
C:\Users\ayubb\Pictures\IMG\center_2026_07_29_19_34_47_918.jpg, C:\Users\ayubb\Pictures\IMG\left_2026_07_29_19_34_47_918.jpg, C:\Users\ayubb\Pictures\IMG\right_2026_07_29_19_34_47_918.jpg, 0, 1, 0, 30.1907
C:\Users\ayubb\Pictures\IMG\center_2026_07_29_19_34_48_021.jpg, C:\Users\ayubb\Pictures\IMG\left_2026_07_29_19_34_48_021.jpg, C:\Users\ayubb\Pictures\IMG\right_2026_07_29_19_34_48_021.jpg, 0, 1, 0, 30.19043
C:\Users\ayubb\Pictures\IMG\center_2026_07_29_19_34_48_122.jpg, C:\Users\ayubb\Pictures\IMG\left_2026_07_29_19_34_48_122.jpg, C:\Users\ayubb\Pictures\IMG\right_2026_07_29_19_34_48_122.jpg, 0, 1, 0, 30.19041
C:\Users\ayubb\Pictures\IMG\center_2026_07_29_19_34_48_223.jpg, C:\Users\ayubb\Pictures\IMG\left_2026_07_29_19_34_48_223.jpg, C:\Users\ayubb\Pictures\IMG\right_2026_07_29_19_34_48_223.jpg, 0, 1, 0, 30.18995
C:\Users\ayubb\Pictures\IMG\center_2026_07_29_19_34_48_324.jpg, C:\Users\ayubb\Pictures\IMG\left_2026_07_29_19_34_48_324.jpg, C:\Users\ayubb\Pictures\IMG\right_2026_07_29_19_34_48_324.jpg, 0, 1, 0, 30.19027
C:\Users\ayubb\Pictures\IMG\center_2026_07_29_19_34_48_427.jpg, C:\Users\ayubb\Pictures\IMG\left_2026_07_29_19_34_48_427.jpg, C:\Users\ayubb\Pictures\IMG\right_2026_07_29_19_34_48_427.jpg, 0, 1, 0, 30.19033
C:\Users\ayubb\Pictures\IMG\center_2026_07_29_19_34_48_528.jpg, C:\Users\ayubb\Pictures\IMG\left_2026_07_29_19_34_48_528.jpg, C:\Users\ayubb\Pictures\IMG\right_2026_07_29_19_34_48_528.jpg, 0, 1, 0, 30.19033
C:\Users\ayubb\Pictures\IMG\center_2026_07_29_19_34_48_627.jpg, C:\Users\ayubb\Pictures\IMG\left_2026_07_29_19_34_48_627.jpg, C:\Users\ayubb\Pictures\IMG\right_2026_07_29_19_34_48_627.jpg, 0, 1, 0, 30.19031
C:\Users\ayubb\Pictures\IMG\center_2026_07_29_19_34_48_730.jpg, C:\Users\ayubb\Pictures\IMG\left_2026_07_29_19_34_48_730.jpg, C:\Users\ayubb\Pictures\IMG\right_2026_07_29_19_34_48_730.jpg, 0, 1, 0, 30.19029
C:\Users\ayubb\Pictures\IMG\center_2026_07_29_19_34_48_830.jpg, C:\Users\ayubb\Pictures\IMG\left_2026_07_29_19_34_48_830.jpg, C:\Users\ayubb\Pictures\IMG\right_2026_07_29_19_34_48_830.jpg, 0, 1, 0, 30.1903
C:\Users\ayubb\Pictures\IMG\center_2026_07_29_19_34_48_932.jpg, C:\Users\ayubb\Pictures\IMG\left_2026_07_29_19_34_48_932.jpg, C:\Users\ayubb\Pictures\IMG\right_2026_07_29_19_34_48_932.jpg, 0, 1, 0, 30.1903
C:\Users\ayubb\Pictures\IMG\center_2026_07_29_19_34_49_032.jpg, C:\Users\ayubb\Pictures\IMG\left_2026_07_29_19_34_49_032.jpg, C:\Users\ayubb\Pictures\IMG\right_2026_07_29_19_34_49_032.jpg, 0, 1, 0, 30.19031
C:\Users\ayubb\Pictures\IMG\center_2026_07_29_19_34_49_133.jpg, C:\Users\ayubb\Pictures\IMG\left_2026_07_29_19_34_49_133.jpg, C:\Users\ayubb\Pictures\IMG\right_2026_07_29_19_34_49_133.jpg, 0, 1, 0, 30.19041
C:\Users\ayubb\Pictures\IMG\center_2026_07_29_19_34_49_236.jpg, C:\Users\ayubb\Pictures\IMG\left_2026_07_29_19_34_49_236.jpg, C:\Users\ayubb\Pictures\IMG\right_2026_07_29_19_34_49_236.jpg, 0, 1, 0, 30.19032
C:\Users\ayubb\Pictures\IMG\center_2026_07_29_19_34_49_339.jpg, C:\Users\ayubb\Pictures\IMG\left_2026_07_29_19_34_49_339.jpg, C:\Users\ayubb\Pictures\IMG\right_2026_07_29_19_34_49_339.jpg, 0, 1, 0, 30.19042
C:\Users\ayubb\Pictures\IMG\center_2026_07_29_19_34_49_440.jpg, C:\Users\ayubb\Pictures\IMG\left_2026_07_29_19_34_49_440.jpg, C:\Users\ayubb\Pictures\IMG\right_2026_07_29_19_34_49_440.jpg, 0, 1, 0, 30.19024
C:\Users\ayubb\Pictures\IMG\center_2026_07_29_19_34_49_543.jpg, C:\Users\ayubb\Pictures\IMG\left_2026_07_29_19_34_49_543.jpg, C:\Users\ayubb\Pictures\IMG\right_2026_07_29_19_34_49_543.jpg, 0, 1, 0, 30.1903
C:\Users\ayubb\Pictures\IMG\center_2026_07_29_19_34_49_645.jpg, C:\Users\ayubb\Pictures\IMG\left_2026_07_29_19_34_49_645.jpg, C:\Users\ayubb\Pictures\IMG\right_2026_07_29_19_34_49_645.jpg, 0, 1, 0, 30.19031
C:\Users\ayubb\Pictures\IMG\center_2026_07_29_19_34_49_745.jpg, C:\Users\ayubb\Pictures\IMG\left_2026_07_29_19_34_49_745.jpg, C:\Users\ayubb\Pictures\IMG\right_2026_07_29_19_34_49_745.jpg, 0, 1, 0, 30.19028
C:\Users\ayubb\Pictures\IMG\center_2026_07_29_19_34_49_847.jpg, C:\Users\ayubb\Pictures\IMG\left_2026_07_29_19_34_49_847.jpg, C:\Users\ayubb\Pictures\IMG\right_2026_07_29_19_34_49_847.jpg, 0, 1, 0, 30.19031
C:\Users\ayubb\Pictures\IMG\center_2026_07_29_19_34_49_950.jpg, C:\Users\ayubb\Pictures\IMG\left_2026_07_29_19_34_49_950.jpg, C:\Users\ayubb\Pictures\IMG\right_2026_07_29_19_34_49_950.jpg, 0, 1, 0, 30.19014
C:\Users\ayubb\Pictures\IMG\center_2026_07_29_19_34_50_052.jpg, C:\Users\ayubb\Pictures\IMG\left_2026_07_29_19_34_50_052.jpg, C:\Users\ayubb\Pictures\IMG\right_2026_07_29_19_34_50_052.jpg, -0.2718303, 1, 0, 30.17162
C:\Users\ayubb\Pictures\IMG\center_2026_07_29_19_34_50_153.jpg, C:\Users\ayubb\Pictures\IMG\left_2026_07_29_19_34_50_153.jpg, C:\Users\ayubb\Pictures\IMG\right_2026_07_29_19_34_50_153.jpg, -0.2878512, 1, 0, 30.18327
C:\Users\ayubb\Pictures\IMG\center_2026_07_29_19_34_50_254.jpg, C:\Users\ayubb\Pictures\IMG\left_2026_07_29_19_34_50_254.jpg, C:\Users\ayubb\Pictures\IMG\right_2026_07_29_19_34_50_254.jpg, 0, 1, 0, 30.18764
C:\Users\ayubb\Pictures\IMG\center_2026_07_29_19_34_50_356.jpg, C:\Users\ayubb\Pictures\IMG\left_2026_07_29_19_34_50_356.jpg, C:\Users\ayubb\Pictures\IMG\right_2026_07_29_19_34_50_356.jpg, 0, 1, 0, 30.18964
C:\Users\ayubb\Pictures\IMG\center_2026_07_29_19_34_50_456.jpg, C:\Users\ayubb\Pictures\IMG\left_2026_07_29_19_34_50_456.jpg, C:\Users\ayubb\Pictures\IMG\right_2026_07_29_19_34_50_456.jpg, 0, 1, 0, 30.19026
C:\Users\ayubb\Pictures\IMG\center_2026_07_29_19_34_50_558.jpg, C:\Users\ayubb\Pictures\IMG\left_2026_07_29_19_34_50_558.jpg, C:\Users\ayubb\Pictures\IMG\right_2026_07_29_19_34_50_558.jpg, -0.0581346, 1, 0, 30.18968
C:\Users\ayubb\Pictures\IMG\center_2026_07_29_19_34_50_657.jpg, C:\Users\ayubb\Pictures\IMG\left_2026_07_29_19_34_50_657.jpg, C:\Users\ayubb\Pictures\IMG\right_2026_07_29_19_34_50_657.jpg, -0.2817084, 1, 0, 30.172
C:\Users\ayubb\Pictures\IMG\center_2026_07_29_19_34_50_758.jpg, C:\Users\ayubb\Pictures\IMG\left_2026_07_29_19_34_50_758.jpg, C:\Users\ayubb\Pictures\IMG\right_2026_07_29_19_34_50_758.jpg, 0, 1, 0, 30.18924
C:\Users\ayubb\Pictures\IMG\center_2026_07_29_19_34_50_860.jpg, C:\Users\ayubb\Pictures\IMG\left_2026_07_29_19_34_50_860.jpg, C:\Users\ayubb\Pictures\IMG\right_2026_07_29_19_34_50_860.jpg, 0, 1, 0, 30.19006
C:\Users\ayubb\Pictures\IMG\center_2026_07_29_19_34_50_960.jpg, C:\Users\ayubb\Pictures\IMG\left_2026_07_29_19_34_50_960.jpg, C:\Users\ayubb\Pictures\IMG\right_2026_07_29_19_34_50_960.jpg, -0.0117342, 1, 0, 30.19015
C:\Users\ayubb\Pictures\IMG\center_2026_07_29_19_34_51_062.jpg, C:\Users\ayubb\Pictures\IMG\left_2026_07_29_19_34_51_062.jpg, C:\Users\ayubb\Pictures\IMG\right_2026_07_29_19_34_51_062.jpg, -0.3169266, 1, 0, 30.16668
C:\Users\ayubb\Pictures\IMG\center_2026_07_29_19_34_51_165.jpg, C:\Users\ayubb\Pictures\IMG\left_2026_07_29_19_34_51_165.jpg, C:\Users\ayubb\Pictures\IMG\right_2026_07_29_19_34_51_165.jpg, -0.03737275, 1, 0, 30.19063
C:\Users\ayubb\Pictures\IMG\center_2026_07_29_19_34_51_267.jpg, C:\Users\ayubb\Pictures\IMG\left_2026_07_29_19_34_51_267.jpg, C:\Users\ayubb\Pictures\IMG\right_2026_07_29_19_34_51_267.jpg, 0, 1, 0, 30.18972
C:\Users\ayubb\Pictures\IMG\center_2026_07_29_19_34_51_369.jpg, C:\Users\ayubb\Pictures\IMG\left_2026_07_29_19_34_51_369.jpg, C:\Users\ayubb\Pictures\IMG\right_2026_07_29_19_34_51_369.jpg, 0, 1, 0, 30.18993
C:\Users\ayubb\Pictures\IMG\center_2026_07_29_19_34_51_471.jpg, C:\Users\ayubb\Pictures\IMG\left_2026_07_29_19_34_51_471.jpg, C:\Users\ayubb\Pictures\IMG\right_2026_07_29_19_34_51_471.jpg, 0, 1, 0, 30.18962
C:\Users\ayubb\Pictures\IMG\center_2026_07_29_19_34_51_572.jpg, C:\Users\ayubb\Pictures\IMG\left_2026_07_29_19_34_51_572.jpg, C:\Users\ayubb\Pictures\IMG\right_2026_07_29_19_34_51_572.jpg, 0, 1, 0, 30.19037
C:\Users\ayubb\Pictures\IMG\center_2026_07_29_19_34_51_675.jpg, C:\Users\ayubb\Pictures\IMG\left_2026_07_29_19_34_51_675.jpg, C:\Users\ayubb\Pictures\IMG\right_2026_07_29_19_34_51_675.jpg, 0, 1, 0, 30.1886
C:\Users\ayubb\Pictures\IMG\center_2026_07_29_19_34_51_778.jpg, C:\Users\ayubb\Pictures\IMG\left_2026_07_29_19_34_51_778.jpg, C:\Users\ayubb\Pictures\IMG\right_2026_07_29_19_34_51_778.jpg, 0, 1, 0, 30.19052
C:\Users\ayubb\Pictures\IMG\center_2026_07_29_19_34_51_878.jpg, C:\Users\ayubb\Pictures\IMG\left_2026_07_29_19_34_51_878.jpg, C:\Users\ayubb\Pictures\IMG\right_2026_07_29_19_34_51_878.jpg, -0.300344, 1, 0, 30.16736
C:\Users\ayubb\Pictures\IMG\center_2026_07_29_19_34_51_981.jpg, C:\Users\ayubb\Pictures\IMG\left_2026_07_29_19_34_51_981.jpg, C:\Users\ayubb\Pictures\IMG\right_2026_07_29_19_34_51_981.jpg, -0.5994938, 1, 0, 30.12922
C:\Users\ayubb\Pictures\IMG\center_2026_07_29_19_34_52_082.jpg, C:\Users\ayubb\Pictures\IMG\left_2026_07_29_19_34_52_082.jpg, C:\Users\ayubb\Pictures\IMG\right_2026_07_29_19_34_52_082.jpg, -0.4286501, 1, 0, 30.18405
C:\Users\ayubb\Pictures\IMG\center_2026_07_29_19_34_52_183.jpg, C:\Users\ayubb\Pictures\IMG\left_2026_07_29_19_34_52_183.jpg, C:\Users\ayubb\Pictures\IMG\right_2026_07_29_19_34_52_183.jpg, -0.1263524, 1, 0, 30.19028
C:\Users\ayubb\Pictures\IMG\center_2026_07_29_19_34_52_283.jpg, C:\Users\ayubb\Pictures\IMG\left_2026_07_29_19_34_52_283.jpg, C:\Users\ayubb\Pictures\IMG\right_2026_07_29_19_34_52_283.jpg, 0, 1, 0, 30.18806
C:\Users\ayubb\Pictures\IMG\center_2026_07_29_19_34_52_386.jpg, C:\Users\ayubb\Pictures\IMG\left_2026_07_29_19_34_52_386.jpg, C:\Users\ayubb\Pictures\IMG\right_2026_07_29_19_34_52_386.jpg, 0, 1, 0, 30.18983
C:\Users\ayubb\Pictures\IMG\center_2026_07_29_19_34_52_487.jpg, C:\Users\ayubb\Pictures\IMG\left_2026_07_29_19_34_52_487.jpg, C:\Users\ayubb\Pictures\IMG\right_2026_07_29_19_34_52_487.jpg, 0, 1, 0, 30.19128
C:\Users\ayubb\Pictures\IMG\center_2026_07_29_19_34_52_587.jpg, C:\Users\ayubb\Pictures\IMG\left_2026_07_29_19_34_52_587.jpg, C:\Users\ayubb\Pictures\IMG\right_2026_07_29_19_34_52_587.jpg, 0, 1, 0, 30.19044
C:\Users\ayubb\Pictures\IMG\center_2026_07_29_19_34_52_690.jpg, C:\Users\ayubb\Pictures\IMG\left_2026_07_29_19_34_52_690.jpg, C:\Users\ayubb\Pictures\IMG\right_2026_07_29_19_34_52_690.jpg, -0.1743171, 1, 0, 30.18244
C:\Users\ayubb\Pictures\IMG\center_2026_07_29_19_34_52_792.jpg, C:\Users\ayubb\Pictures\IMG\left_2026_07_29_19_34_52_792.jpg, C:\Users\ayubb\Pictures\IMG\right_2026_07_29_19_34_52_792.jpg, -0.476514, 1, 0, 30.14457
C:\Users\ayubb\Pictures\IMG\center_2026_07_29_19_34_52_893.jpg, C:\Users\ayubb\Pictures\IMG\left_2026_07_29_19_34_52_893.jpg, C:\Users\ayubb\Pictures\IMG\right_2026_07_29_19_34_52_893.jpg, -0.7539032, 1, 0, 30.11139
C:\Users\ayubb\Pictures\IMG\center_2026_07_29_19_34_52_996.jpg, C:\Users\ayubb\Pictures\IMG\left_2026_07_29_19_34_52_996.jpg, C:\Users\ayubb\Pictures\IMG\right_2026_07_29_19_34_52_996.jpg, -0.3951102, 1, 0, 30.19529
C:\Users\ayubb\Pictures\IMG\center_2026_07_29_19_34_53_097.jpg, C:\Users\ayubb\Pictures\IMG\left_2026_07_29_19_34_53_097.jpg, C:\Users\ayubb\Pictures\IMG\right_2026_07_29_19_34_53_097.jpg, -0.09441932, 1, 0, 30.19121
C:\Users\ayubb\Pictures\IMG\center_2026_07_29_19_34_53_197.jpg, C:\Users\ayubb\Pictures\IMG\left_2026_07_29_19_34_53_197.jpg, C:\Users\ayubb\Pictures\IMG\right_2026_07_29_19_34_53_197.jpg, 0, 1, 0, 30.18899
C:\Users\ayubb\Pictures\IMG\center_2026_07_29_19_34_53_300.jpg, C:\Users\ayubb\Pictures\IMG\left_2026_07_29_19_34_53_300.jpg, C:\Users\ayubb\Pictures\IMG\right_2026_07_29_19_34_53_300.jpg, 0, 1, 0, 30.18993
C:\Users\ayubb\Pictures\IMG\center_2026_07_29_19_34_53_401.jpg, C:\Users\ayubb\Pictures\IMG\left_2026_07_29_19_34_53_401.jpg, C:\Users\ayubb\Pictures\IMG\right_2026_07_29_19_34_53_401.jpg, 0, 1, 0, 30.19
C:\Users\ayubb\Pictures\IMG\center_2026_07_29_19_34_53_503.jpg, C:\Users\ayubb\Pictures\IMG\left_2026_07_29_19_34_53_503.jpg, C:\Users\ayubb\Pictures\IMG\right_2026_07_29_19_34_53_503.jpg, 0, 1, 0, 30.19077
C:\Users\ayubb\Pictures\IMG\center_2026_07_29_19_34_53_605.jpg, C:\Users\ayubb\Pictures\IMG\left_2026_07_29_19_34_53_605.jpg, C:\Users\ayubb\Pictures\IMG\right_2026_07_29_19_34_53_605.jpg, 0, 1, 0, 30.19034
C:\Users\ayubb\Pictures\IMG\center_2026_07_29_19_34_53_707.jpg, C:\Users\ayubb\Pictures\IMG\left_2026_07_29_19_34_53_707.jpg, C:\Users\ayubb\Pictures\IMG\right_2026_07_29_19_34_53_707.jpg, 0, 1, 0, 30.19137
C:\Users\ayubb\Pictures\IMG\center_2026_07_29_19_34_53_808.jpg, C:\Users\ayubb\Pictures\IMG\left_2026_07_29_19_34_53_808.jpg, C:\Users\ayubb\Pictures\IMG\right_2026_07_29_19_34_53_808.jpg, 0, 1, 0, 30.19076
C:\Users\ayubb\Pictures\IMG\center_2026_07_29_19_34_53_910.jpg, C:\Users\ayubb\Pictures\IMG\left_2026_07_29_19_34_53_910.jpg, C:\Users\ayubb\Pictures\IMG\right_2026_07_29_19_34_53_910.jpg, -0.1832994, 1, 0, 30.18092
C:\Users\ayubb\Pictures\IMG\center_2026_07_29_19_34_54_013.jpg, C:\Users\ayubb\Pictures\IMG\left_2026_07_29_19_34_54_013.jpg, C:\Users\ayubb\Pictures\IMG\right_2026_07_29_19_34_54_013.jpg, -0.4873491, 1, 0, 30.14408
C:\Users\ayubb\Pictures\IMG\center_2026_07_29_19_34_54_114.jpg, C:\Users\ayubb\Pictures\IMG\left_2026_07_29_19_34_54_114.jpg, C:\Users\ayubb\Pictures\IMG\right_2026_07_29_19_34_54_114.jpg, -0.6270826, 1, 0, 30.13587
C:\Users\ayubb\Pictures\IMG\center_2026_07_29_19_34_54_215.jpg, C:\Users\ayubb\Pictures\IMG\left_2026_07_29_19_34_54_215.jpg, C:\Users\ayubb\Pictures\IMG\right_2026_07_29_19_34_54_215.jpg, -0.3312892, 1, 0, 30.19665
C:\Users\ayubb\Pictures\IMG\center_2026_07_29_19_34_54_317.jpg, C:\Users\ayubb\Pictures\IMG\left_2026_07_29_19_34_54_317.jpg, C:\Users\ayubb\Pictures\IMG\right_2026_07_29_19_34_54_317.jpg, 0, 1, 0, 30.18471
C:\Users\ayubb\Pictures\IMG\center_2026_07_29_19_34_54_417.jpg, C:\Users\ayubb\Pictures\IMG\left_2026_07_29_19_34_54_417.jpg, C:\Users\ayubb\Pictures\IMG\right_2026_07_29_19_34_54_417.jpg, 0, 1, 0, 30.18935
C:\Users\ayubb\Pictures\IMG\center_2026_07_29_19_34_54_519.jpg, C:\Users\ayubb\Pictures\IMG\left_2026_07_29_19_34_54_519.jpg, C:\Users\ayubb\Pictures\IMG\right_2026_07_29_19_34_54_519.jpg, 0, 1, 0, 30.19016
C:\Users\ayubb\Pictures\IMG\center_2026_07_29_19_34_54_621.jpg, C:\Users\ayubb\Pictures\IMG\left_2026_07_29_19_34_54_621.jpg, C:\Users\ayubb\Pictures\IMG\right_2026_07_29_19_34_54_621.jpg, 0, 1, 0, 30.19057
C:\Users\ayubb\Pictures\IMG\center_2026_07_29_19_34_54_722.jpg, C:\Users\ayubb\Pictures\IMG\left_2026_07_29_19_34_54_722.jpg, C:\Users\ayubb\Pictures\IMG\right_2026_07_29_19_34_54_722.jpg, 0, 1, 0, 30.19026
C:\Users\ayubb\Pictures\IMG\center_2026_07_29_19_34_54_824.jpg, C:\Users\ayubb\Pictures\IMG\left_2026_07_29_19_34_54_824.jpg, C:\Users\ayubb\Pictures\IMG\right_2026_07_29_19_34_54_824.jpg, 0, 1, 0, 30.19152
C:\Users\ayubb\Pictures\IMG\center_2026_07_29_19_34_54_925.jpg, C:\Users\ayubb\Pictures\IMG\left_2026_07_29_19_34_54_925.jpg, C:\Users\ayubb\Pictures\IMG\right_2026_07_29_19_34_54_925.jpg, -0.1131078, 1, 0, 30.18678
C:\Users\ayubb\Pictures\IMG\center_2026_07_29_19_34_55_028.jpg, C:\Users\ayubb\Pictures\IMG\left_2026_07_29_19_34_55_028.jpg, C:\Users\ayubb\Pictures\IMG\right_2026_07_29_19_34_55_028.jpg, -0.4131816, 1, 0, 30.15282
C:\Users\ayubb\Pictures\IMG\center_2026_07_29_19_34_55_128.jpg, C:\Users\ayubb\Pictures\IMG\left_2026_07_29_19_34_55_128.jpg, C:\Users\ayubb\Pictures\IMG\right_2026_07_29_19_34_55_128.jpg, -0.6355178, 1, 0, 30.12855
C:\Users\ayubb\Pictures\IMG\center_2026_07_29_19_34_55_231.jpg, C:\Users\ayubb\Pictures\IMG\left_2026_07_29_19_34_55_231.jpg, C:\Users\ayubb\Pictures\IMG\right_2026_07_29_19_34_55_231.jpg, -0.3357173, 1, 0, 30.19373
C:\Users\ayubb\Pictures\IMG\center_2026_07_29_19_34_55_333.jpg, C:\Users\ayubb\Pictures\IMG\left_2026_07_29_19_34_55_333.jpg, C:\Users\ayubb\Pictures\IMG\right_2026_07_29_19_34_55_333.jpg, -0.03419512, 1, 0, 30.18721
C:\Users\ayubb\Pictures\IMG\center_2026_07_29_19_34_55_436.jpg, C:\Users\ayubb\Pictures\IMG\left_2026_07_29_19_34_55_436.jpg, C:\Users\ayubb\Pictures\IMG\right_2026_07_29_19_34_55_436.jpg, 0, 1, 0, 30.18925
C:\Users\ayubb\Pictures\IMG\center_2026_07_29_19_34_55_536.jpg, C:\Users\ayubb\Pictures\IMG\left_2026_07_29_19_34_55_536.jpg, C:\Users\ayubb\Pictures\IMG\right_2026_07_29_19_34_55_536.jpg, 0, 1, 0, 30.19032
C:\Users\ayubb\Pictures\IMG\center_2026_07_29_19_34_55_640.jpg, C:\Users\ayubb\Pictures\IMG\left_2026_07_29_19_34_55_640.jpg, C:\Users\ayubb\Pictures\IMG\right_2026_07_29_19_34_55_640.jpg, 0, 1, 0, 30.19032
C:\Users\ayubb\Pictures\IMG\center_2026_07_29_19_34_55_742.jpg, C:\Users\ayubb\Pictures\IMG\left_2026_07_29_19_34_55_742.jpg, C:\Users\ayubb\Pictures\IMG\right_2026_07_29_19_34_55_742.jpg, 0, 1, 0, 30.1904
C:\Users\ayubb\Pictures\IMG\center_2026_07_29_19_34_55_845.jpg, C:\Users\ayubb\Pictures\IMG\left_2026_07_29_19_34_55_845.jpg, C:\Users\ayubb\Pictures\IMG\right_2026_07_29_19_34_55_845.jpg, 0, 1, 0, 30.19007
C:\Users\ayubb\Pictures\IMG\center_2026_07_29_19_34_55_946.jpg, C:\Users\ayubb\Pictures\IMG\left_2026_07_29_19_34_55_946.jpg, C:\Users\ayubb\Pictures\IMG\right_2026_07_29_19_34_55_946.jpg, 0, 1, 0, 30.19024
C:\Users\ayubb\Pictures\IMG\center_2026_07_29_19_34_56_047.jpg, C:\Users\ayubb\Pictures\IMG\left_2026_07_29_19_34_56_047.jpg, C:\Users\ayubb\Pictures\IMG\right_2026_07_29_19_34_56_047.jpg, 0, 1, 0, 30.18991
C:\Users\ayubb\Pictures\IMG\center_2026_07_29_19_34_56_151.jpg, C:\Users\ayubb\Pictures\IMG\left_2026_07_29_19_34_56_151.jpg, C:\Users\ayubb\Pictures\IMG\right_2026_07_29_19_34_56_151.jpg, 0, 1, 0, 30.19046
C:\Users\ayubb\Pictures\IMG\center_2026_07_29_19_34_56_254.jpg, C:\Users\ayubb\Pictures\IMG\left_2026_07_29_19_34_56_254.jpg, C:\Users\ayubb\Pictures\IMG\right_2026_07_29_19_34_56_254.jpg, 0, 1, 0, 30.18874
C:\Users\ayubb\Pictures\IMG\center_2026_07_29_19_34_56_355.jpg, C:\Users\ayubb\Pictures\IMG\left_2026_07_29_19_34_56_355.jpg, C:\Users\ayubb\Pictures\IMG\right_2026_07_29_19_34_56_355.jpg, 0, 1, 0, 30.19024
C:\Users\ayubb\Pictures\IMG\center_2026_07_29_19_34_56_457.jpg, C:\Users\ayubb\Pictures\IMG\left_2026_07_29_19_34_56_457.jpg, C:\Users\ayubb\Pictures\IMG\right_2026_07_29_19_34_56_457.jpg, 0, 1, 0, 30.19035
C:\Users\ayubb\Pictures\IMG\center_2026_07_29_19_34_56_558.jpg, C:\Users\ayubb\Pictures\IMG\left_2026_07_29_19_34_56_558.jpg, C:\Users\ayubb\Pictures\IMG\right_2026_07_29_19_34_56_558.jpg, 0, 1, 0, 30.19
C:\Users\ayubb\Pictures\IMG\center_2026_07_29_19_34_56_660.jpg, C:\Users\ayubb\Pictures\IMG\left_2026_07_29_19_34_56_660.jpg, C:\Users\ayubb\Pictures\IMG\right_2026_07_29_19_34_56_660.jpg, 0, 1, 0, 30.19026
C:\Users\ayubb\Pictures\IMG\center_2026_07_29_19_34_56_763.jpg, C:\Users\ayubb\Pictures\IMG\left_2026_07_29_19_34_56_763.jpg, C:\Users\ayubb\Pictures\IMG\right_2026_07_29_19_34_56_763.jpg, 0, 1, 0, 30.19029
C:\Users\ayubb\Pictures\IMG\center_2026_07_29_19_34_56_863.jpg, C:\Users\ayubb\Pictures\IMG\left_2026_07_29_19_34_56_863.jpg, C:\Users\ayubb\Pictures\IMG\right_2026_07_29_19_34_56_863.jpg, -0.1843743, 1, 0, 30.181
C:\Users\ayubb\Pictures\IMG\center_2026_07_29_19_34_56_966.jpg, C:\Users\ayubb\Pictures\IMG\left_2026_07_29_19_34_56_966.jpg, C:\Users\ayubb\Pictures\IMG\right_2026_07_29_19_34_56_966.jpg, -0.4916939, 1, 0, 30.14225
C:\Users\ayubb\Pictures\IMG\center_2026_07_29_19_34_57_067.jpg, C:\Users\ayubb\Pictures\IMG\left_2026_07_29_19_34_57_067.jpg, C:\Users\ayubb\Pictures\IMG\right_2026_07_29_19_34_57_067.jpg, -0.3961264, 1, 0, 30.18163
C:\Users\ayubb\Pictures\IMG\center_2026_07_29_19_34_57_167.jpg, C:\Users\ayubb\Pictures\IMG\left_2026_07_29_19_34_57_167.jpg, C:\Users\ayubb\Pictures\IMG\right_2026_07_29_19_34_57_167.jpg, -0.09235029, 1, 0, 30.19142
C:\Users\ayubb\Pictures\IMG\center_2026_07_29_19_34_57_270.jpg, C:\Users\ayubb\Pictures\IMG\left_2026_07_29_19_34_57_270.jpg, C:\Users\ayubb\Pictures\IMG\right_2026_07_29_19_34_57_270.jpg, 0, 1, 0, 30.1888
C:\Users\ayubb\Pictures\IMG\center_2026_07_29_19_34_57_370.jpg, C:\Users\ayubb\Pictures\IMG\left_2026_07_29_19_34_57_370.jpg, C:\Users\ayubb\Pictures\IMG\right_2026_07_29_19_34_57_370.jpg, 0, 1, 0, 30.19014
C:\Users\ayubb\Pictures\IMG\center_2026_07_29_19_34_57_471.jpg, C:\Users\ayubb\Pictures\IMG\left_2026_07_29_19_34_57_471.jpg, C:\Users\ayubb\Pictures\IMG\right_2026_07_29_19_34_57_471.jpg, 0, 1, 0, 30.19033
C:\Users\ayubb\Pictures\IMG\center_2026_07_29_19_34_57_573.jpg, C:\Users\ayubb\Pictures\IMG\left_2026_07_29_19_34_57_573.jpg, C:\Users\ayubb\Pictures\IMG\right_2026_07_29_19_34_57_573.jpg, 0, 1, 0, 30.19032
C:\Users\ayubb\Pictures\IMG\center_2026_07_29_19_34_57_675.jpg, C:\Users\ayubb\Pictures\IMG\left_2026_07_29_19_34_57_675.jpg, C:\Users\ayubb\Pictures\IMG\right_2026_07_29_19_34_57_675.jpg, 0, 1, 0, 30.19027
C:\Users\ayubb\Pictures\IMG\center_2026_07_29_19_34_57_776.jpg, C:\Users\ayubb\Pictures\IMG\left_2026_07_29_19_34_57_776.jpg, C:\Users\ayubb\Pictures\IMG\right_2026_07_29_19_34_57_776.jpg, 0, 1, 0, 30.19035
C:\Users\ayubb\Pictures\IMG\center_2026_07_29_19_34_57_879.jpg, C:\Users\ayubb\Pictures\IMG\left_2026_07_29_19_34_57_879.jpg, C:\Users\ayubb\Pictures\IMG\right_2026_07_29_19_34_57_879.jpg, 0, 1, 0, 30.1903
C:\Users\ayubb\Pictures\IMG\center_2026_07_29_19_34_57_980.jpg, C:\Users\ayubb\Pictures\IMG\left_2026_07_29_19_34_57_980.jpg, C:\Users\ayubb\Pictures\IMG\right_2026_07_29_19_34_57_980.jpg, -0.1493583, 1, 0, 30.18419
C:\Users\ayubb\Pictures\IMG\center_2026_07_29_19_34_58_085.jpg, C:\Users\ayubb\Pictures\IMG\left_2026_07_29_19_34_58_085.jpg, C:\Users\ayubb\Pictures\IMG\right_2026_07_29_19_34_58_085.jpg, -0.4491912, 1, 0, 30.14826
C:\Users\ayubb\Pictures\IMG\center_2026_07_29_19_34_58_185.jpg, C:\Users\ayubb\Pictures\IMG\left_2026_07_29_19_34_58_185.jpg, C:\Users\ayubb\Pictures\IMG\right_2026_07_29_19_34_58_185.jpg, -0.1692459, 1, 0, 30.19202
C:\Users\ayubb\Pictures\IMG\center_2026_07_29_19_34_58_289.jpg, C:\Users\ayubb\Pictures\IMG\left_2026_07_29_19_34_58_289.jpg, C:\Users\ayubb\Pictures\IMG\right_2026_07_29_19_34_58_289.jpg, 0, 1, 0, 30.18861
C:\Users\ayubb\Pictures\IMG\center_2026_07_29_19_34_58_391.jpg, C:\Users\ayubb\Pictures\IMG\left_2026_07_29_19_34_58_391.jpg, C:\Users\ayubb\Pictures\IMG\right_2026_07_29_19_34_58_391.jpg, 0, 1, 0, 30.19006
C:\Users\ayubb\Pictures\IMG\center_2026_07_29_19_34_58_493.jpg, C:\Users\ayubb\Pictures\IMG\left_2026_07_29_19_34_58_493.jpg, C:\Users\ayubb\Pictures\IMG\right_2026_07_29_19_34_58_493.jpg, 0, 1, 0, 30.19028
C:\Users\ayubb\Pictures\IMG\center_2026_07_29_19_34_58_595.jpg, C:\Users\ayubb\Pictures\IMG\left_2026_07_29_19_34_58_595.jpg, C:\Users\ayubb\Pictures\IMG\right_2026_07_29_19_34_58_595.jpg, 0, 1, 0, 30.19032
C:\Users\ayubb\Pictures\IMG\center_2026_07_29_19_34_58_697.jpg, C:\Users\ayubb\Pictures\IMG\left_2026_07_29_19_34_58_697.jpg, C:\Users\ayubb\Pictures\IMG\right_2026_07_29_19_34_58_697.jpg, 0, 1, 0, 30.19032
C:\Users\ayubb\Pictures\IMG\center_2026_07_29_19_34_58_797.jpg, C:\Users\ayubb\Pictures\IMG\left_2026_07_29_19_34_58_797.jpg, C:\Users\ayubb\Pictures\IMG\right_2026_07_29_19_34_58_797.jpg, 0, 1, 0, 30.19029
C:\Users\ayubb\Pictures\IMG\center_2026_07_29_19_34_58_897.jpg, C:\Users\ayubb\Pictures\IMG\left_2026_07_29_19_34_58_897.jpg, C:\Users\ayubb\Pictures\IMG\right_2026_07_29_19_34_58_897.jpg, -0.2419971, 1, 0, 30.17486
C:\Users\ayubb\Pictures\IMG\center_2026_07_29_19_34_58_997.jpg, C:\Users\ayubb\Pictures\IMG\left_2026_07_29_19_34_58_997.jpg, C:\Users\ayubb\Pictures\IMG\right_2026_07_29_19_34_58_997.jpg, -0.3402579, 1, 0, 30.17392
C:\Users\ayubb\Pictures\IMG\center_2026_07_29_19_34_59_099.jpg, C:\Users\ayubb\Pictures\IMG\left_2026_07_29_19_34_59_099.jpg, C:\Users\ayubb\Pictures\IMG\right_2026_07_29_19_34_59_099.jpg, -0.03636964, 1, 0, 30.18967
C:\Users\ayubb\Pictures\IMG\center_2026_07_29_19_34_59_201.jpg, C:\Users\ayubb\Pictures\IMG\left_2026_07_29_19_34_59_201.jpg, C:\Users\ayubb\Pictures\IMG\right_2026_07_29_19_34_59_201.jpg, 0, 1, 0, 30.18959
C:\Users\ayubb\Pictures\IMG\center_2026_07_29_19_34_59_301.jpg, C:\Users\ayubb\Pictures\IMG\left_2026_07_29_19_34_59_301.jpg, C:\Users\ayubb\Pictures\IMG\right_2026_07_29_19_34_59_301.jpg, 0, 1, 0, 30.19025
C:\Users\ayubb\Pictures\IMG\center_2026_07_29_19_34_59_402.jpg, C:\Users\ayubb\Pictures\IMG\left_2026_07_29_19_34_59_402.jpg, C:\Users\ayubb\Pictures\IMG\right_2026_07_29_19_34_59_402.jpg, 0, 1, 0, 30.1903
C:\Users\ayubb\Pictures\IMG\center_2026_07_29_19_34_59_504.jpg, C:\Users\ayubb\Pictures\IMG\left_2026_07_29_19_34_59_504.jpg, C:\Users\ayubb\Pictures\IMG\right_2026_07_29_19_34_59_504.jpg, 0, 1, 0, 30.19027
C:\Users\ayubb\Pictures\IMG\center_2026_07_29_19_34_59_605.jpg, C:\Users\ayubb\Pictures\IMG\left_2026_07_29_19_34_59_605.jpg, C:\Users\ayubb\Pictures\IMG\right_2026_07_29_19_34_59_605.jpg, 0, 1, 0, 30.18882
C:\Users\ayubb\Pictures\IMG\center_2026_07_29_19_34_59_708.jpg, C:\Users\ayubb\Pictures\IMG\left_2026_07_29_19_34_59_708.jpg, C:\Users\ayubb\Pictures\IMG\right_2026_07_29_19_34_59_708.jpg, 0, 1, 0, 30.19032
C:\Users\ayubb\Pictures\IMG\center_2026_07_29_19_34_59_810.jpg, C:\Users\ayubb\Pictures\IMG\left_2026_07_29_19_34_59_810.jpg, C:\Users\ayubb\Pictures\IMG\right_2026_07_29_19_34_59_810.jpg, 0, 1, 0, 30.18922
C:\Users\ayubb\Pictures\IMG\center_2026_07_29_19_34_59_910.jpg, C:\Users\ayubb\Pictures\IMG\left_2026_07_29_19_34_59_910.jpg, C:\Users\ayubb\Pictures\IMG\right_2026_07_29_19_34_59_910.jpg, 0, 1, 0, 30.19027
C:\Users\ayubb\Pictures\IMG\center_2026_07_29_19_35_00_011.jpg, C:\Users\ayubb\Pictures\IMG\left_2026_07_29_19_35_00_011.jpg, C:\Users\ayubb\Pictures\IMG\right_2026_07_29_19_35_00_011.jpg, 0, 1, 0, 30.1903
C:\Users\ayubb\Pictures\IMG\center_2026_07_29_19_35_00_113.jpg, C:\Users\ayubb\Pictures\IMG\left_2026_07_29_19_35_00_113.jpg, C:\Users\ayubb\Pictures\IMG\right_2026_07_29_19_35_00_113.jpg, 0, 1, 0, 30.19031
C:\Users\ayubb\Pictures\IMG\center_2026_07_29_19_35_00_216.jpg, C:\Users\ayubb\Pictures\IMG\left_2026_07_29_19_35_00_216.jpg, C:\Users\ayubb\Pictures\IMG\right_2026_07_29_19_35_00_216.jpg, -0.1523919, 1, 0, 30.18391
C:\Users\ayubb\Pictures\IMG\center_2026_07_29_19_35_00_319.jpg, C:\Users\ayubb\Pictures\IMG\left_2026_07_29_19_35_00_319.jpg, C:\Users\ayubb\Pictures\IMG\right_2026_07_29_19_35_00_319.jpg, -0.246417, 1, 0, 30.1818
C:\Users\ayubb\Pictures\IMG\center_2026_07_29_19_35_00_420.jpg, C:\Users\ayubb\Pictures\IMG\left_2026_07_29_19_35_00_420.jpg, C:\Users\ayubb\Pictures\IMG\right_2026_07_29_19_35_00_420.jpg, 0, 1, 0, 30.18828
C:\Users\ayubb\Pictures\IMG\center_2026_07_29_19_35_00_522.jpg, C:\Users\ayubb\Pictures\IMG\left_2026_07_29_19_35_00_522.jpg, C:\Users\ayubb\Pictures\IMG\right_2026_07_29_19_35_00_522.jpg, 0, 1, 0, 30.19007
C:\Users\ayubb\Pictures\IMG\center_2026_07_29_19_35_00_624.jpg, C:\Users\ayubb\Pictures\IMG\left_2026_07_29_19_35_00_624.jpg, C:\Users\ayubb\Pictures\IMG\right_2026_07_29_19_35_00_624.jpg, 0, 1, 0, 30.19022
C:\Users\ayubb\Pictures\IMG\center_2026_07_29_19_35_00_724.jpg, C:\Users\ayubb\Pictures\IMG\left_2026_07_29_19_35_00_724.jpg, C:\Users\ayubb\Pictures\IMG\right_2026_07_29_19_35_00_724.jpg, -0.0877782, 1, 0, 30.18876
C:\Users\ayubb\Pictures\IMG\center_2026_07_29_19_35_00_825.jpg, C:\Users\ayubb\Pictures\IMG\left_2026_07_29_19_35_00_825.jpg, C:\Users\ayubb\Pictures\IMG\right_2026_07_29_19_35_00_825.jpg, -0.3353625, 1, 0, 30.16559
C:\Users\ayubb\Pictures\IMG\center_2026_07_29_19_35_00_927.jpg, C:\Users\ayubb\Pictures\IMG\left_2026_07_29_19_35_00_927.jpg, C:\Users\ayubb\Pictures\IMG\right_2026_07_29_19_35_00_927.jpg, -0.03157231, 1, 0, 30.19015
C:\Users\ayubb\Pictures\IMG\center_2026_07_29_19_35_01_028.jpg, C:\Users\ayubb\Pictures\IMG\left_2026_07_29_19_35_01_028.jpg, C:\Users\ayubb\Pictures\IMG\right_2026_07_29_19_35_01_028.jpg, 0, 1, 0, 30.18986
C:\Users\ayubb\Pictures\IMG\center_2026_07_29_19_35_01_130.jpg, C:\Users\ayubb\Pictures\IMG\left_2026_07_29_19_35_01_130.jpg, C:\Users\ayubb\Pictures\IMG\right_2026_07_29_19_35_01_130.jpg, 0, 1, 0, 30.19025
C:\Users\ayubb\Pictures\IMG\center_2026_07_29_19_35_01_231.jpg, C:\Users\ayubb\Pictures\IMG\left_2026_07_29_19_35_01_231.jpg, C:\Users\ayubb\Pictures\IMG\right_2026_07_29_19_35_01_231.jpg, 0, 1, 0, 30.19031
C:\Users\ayubb\Pictures\IMG\center_2026_07_29_19_35_01_332.jpg, C:\Users\ayubb\Pictures\IMG\left_2026_07_29_19_35_01_332.jpg, C:\Users\ayubb\Pictures\IMG\right_2026_07_29_19_35_01_332.jpg, 0, 1, 0, 30.1903
C:\Users\ayubb\Pictures\IMG\center_2026_07_29_19_35_01_433.jpg, C:\Users\ayubb\Pictures\IMG\left_2026_07_29_19_35_01_433.jpg, C:\Users\ayubb\Pictures\IMG\right_2026_07_29_19_35_01_433.jpg, 0, 1, 0, 30.19029
C:\Users\ayubb\Pictures\IMG\center_2026_07_29_19_35_01_533.jpg, C:\Users\ayubb\Pictures\IMG\left_2026_07_29_19_35_01_533.jpg, C:\Users\ayubb\Pictures\IMG\right_2026_07_29_19_35_01_533.jpg, -0.1731891, 1, 0, 30.18205
C:\Users\ayubb\Pictures\IMG\center_2026_07_29_19_35_01_637.jpg, C:\Users\ayubb\Pictures\IMG\left_2026_07_29_19_35_01_637.jpg, C:\Users\ayubb\Pictures\IMG\right_2026_07_29_19_35_01_637.jpg, -0.05155222, 1, 0, 30.19082
C:\Users\ayubb\Pictures\IMG\center_2026_07_29_19_35_01_738.jpg, C:\Users\ayubb\Pictures\IMG\left_2026_07_29_19_35_01_738.jpg, C:\Users\ayubb\Pictures\IMG\right_2026_07_29_19_35_01_738.jpg, 0, 1, 0, 30.18998
C:\Users\ayubb\Pictures\IMG\center_2026_07_29_19_35_01_839.jpg, C:\Users\ayubb\Pictures\IMG\left_2026_07_29_19_35_01_839.jpg, C:\Users\ayubb\Pictures\IMG\right_2026_07_29_19_35_01_839.jpg, 0, 1, 0, 30.19029
C:\Users\ayubb\Pictures\IMG\center_2026_07_29_19_35_01_940.jpg, C:\Users\ayubb\Pictures\IMG\left_2026_07_29_19_35_01_940.jpg, C:\Users\ayubb\Pictures\IMG\right_2026_07_29_19_35_01_940.jpg, -0.0893553, 1, 0, 30.18871
C:\Users\ayubb\Pictures\IMG\center_2026_07_29_19_35_02_042.jpg, C:\Users\ayubb\Pictures\IMG\left_2026_07_29_19_35_02_042.jpg, C:\Users\ayubb\Pictures\IMG\right_2026_07_29_19_35_02_042.jpg, -0.2883327, 1, 0, 30.17194
C:\Users\ayubb\Pictures\IMG\center_2026_07_29_19_35_02_143.jpg, C:\Users\ayubb\Pictures\IMG\left_2026_07_29_19_35_02_143.jpg, C:\Users\ayubb\Pictures\IMG\right_2026_07_29_19_35_02_143.jpg, 0, 1, 0, 30.18898
C:\Users\ayubb\Pictures\IMG\center_2026_07_29_19_35_02_244.jpg, C:\Users\ayubb\Pictures\IMG\left_2026_07_29_19_35_02_244.jpg, C:\Users\ayubb\Pictures\IMG\right_2026_07_29_19_35_02_244.jpg, 0, 1, 0, 30.19001
C:\Users\ayubb\Pictures\IMG\center_2026_07_29_19_35_02_348.jpg, C:\Users\ayubb\Pictures\IMG\left_2026_07_29_19_35_02_348.jpg, C:\Users\ayubb\Pictures\IMG\right_2026_07_29_19_35_02_348.jpg, 0, 1, 0, 30.19026
C:\Users\ayubb\Pictures\IMG\center_2026_07_29_19_35_02_448.jpg, C:\Users\ayubb\Pictures\IMG\left_2026_07_29_19_35_02_448.jpg, C:\Users\ayubb\Pictures\IMG\right_2026_07_29_19_35_02_448.jpg, 0, 1, 0, 30.1903
C:\Users\ayubb\Pictures\IMG\center_2026_07_29_19_35_02_549.jpg, C:\Users\ayubb\Pictures\IMG\left_2026_07_29_19_35_02_549.jpg, C:\Users\ayubb\Pictures\IMG\right_2026_07_29_19_35_02_549.jpg, 0, 1, 0, 30.1903
C:\Users\ayubb\Pictures\IMG\center_2026_07_29_19_35_02_651.jpg, C:\Users\ayubb\Pictures\IMG\left_2026_07_29_19_35_02_651.jpg, C:\Users\ayubb\Pictures\IMG\right_2026_07_29_19_35_02_651.jpg, 0, 1, 0, 30.19048
C:\Users\ayubb\Pictures\IMG\center_2026_07_29_19_35_02_752.jpg, C:\Users\ayubb\Pictures\IMG\left_2026_07_29_19_35_02_752.jpg, C:\Users\ayubb\Pictures\IMG\right_2026_07_29_19_35_02_752.jpg, 0, 1, 0, 30.19029
C:\Users\ayubb\Pictures\IMG\center_2026_07_29_19_35_02_853.jpg, C:\Users\ayubb\Pictures\IMG\left_2026_07_29_19_35_02_853.jpg, C:\Users\ayubb\Pictures\IMG\right_2026_07_29_19_35_02_853.jpg, 0, 1, 0, 30.19046
C:\Users\ayubb\Pictures\IMG\center_2026_07_29_19_35_02_956.jpg, C:\Users\ayubb\Pictures\IMG\left_2026_07_29_19_35_02_956.jpg, C:\Users\ayubb\Pictures\IMG\right_2026_07_29_19_35_02_956.jpg, 0, 1, 0, 30.19029
C:\Users\ayubb\Pictures\IMG\center_2026_07_29_19_35_03_058.jpg, C:\Users\ayubb\Pictures\IMG\left_2026_07_29_19_35_03_058.jpg, C:\Users\ayubb\Pictures\IMG\right_2026_07_29_19_35_03_058.jpg, 0, 1, 0, 30.1903
C:\Users\ayubb\Pictures\IMG\center_2026_07_29_19_35_03_158.jpg, C:\Users\ayubb\Pictures\IMG\left_2026_07_29_19_35_03_158.jpg, C:\Users\ayubb\Pictures\IMG\right_2026_07_29_19_35_03_158.jpg, 0, 1, 0, 30.1903
C:\Users\ayubb\Pictures\IMG\center_2026_07_29_19_35_03_260.jpg, C:\Users\ayubb\Pictures\IMG\left_2026_07_29_19_35_03_260.jpg, C:\Users\ayubb\Pictures\IMG\right_2026_07_29_19_35_03_260.jpg, -0.2965561, 1, 0, 30.16838
C:\Users\ayubb\Pictures\IMG\center_2026_07_29_19_35_03_360.jpg, C:\Users\ayubb\Pictures\IMG\left_2026_07_29_19_35_03_360.jpg, C:\Users\ayubb\Pictures\IMG\right_2026_07_29_19_35_03_360.jpg, -0.01835229, 1, 0, 30.19003
C:\Users\ayubb\Pictures\IMG\center_2026_07_29_19_35_03_462.jpg, C:\Users\ayubb\Pictures\IMG\left_2026_07_29_19_35_03_462.jpg, C:\Users\ayubb\Pictures\IMG\right_2026_07_29_19_35_03_462.jpg, 0, 1, 0, 30.19
C:\Users\ayubb\Pictures\IMG\center_2026_07_29_19_35_03_562.jpg, C:\Users\ayubb\Pictures\IMG\left_2026_07_29_19_35_03_562.jpg, C:\Users\ayubb\Pictures\IMG\right_2026_07_29_19_35_03_562.jpg, 0, 1, 0, 30.19026
C:\Users\ayubb\Pictures\IMG\center_2026_07_29_19_35_03_666.jpg, C:\Users\ayubb\Pictures\IMG\left_2026_07_29_19_35_03_666.jpg, C:\Users\ayubb\Pictures\IMG\right_2026_07_29_19_35_03_666.jpg, -0.0415809, 1, 0, 30.19003
C:\Users\ayubb\Pictures\IMG\center_2026_07_29_19_35_03_767.jpg, C:\Users\ayubb\Pictures\IMG\left_2026_07_29_19_35_03_767.jpg, C:\Users\ayubb\Pictures\IMG\right_2026_07_29_19_35_03_767.jpg, -0.3348036, 1, 0, 30.16422
C:\Users\ayubb\Pictures\IMG\center_2026_07_29_19_35_03_870.jpg, C:\Users\ayubb\Pictures\IMG\left_2026_07_29_19_35_03_870.jpg, C:\Users\ayubb\Pictures\IMG\right_2026_07_29_19_35_03_870.jpg, -0.04913636, 1, 0, 30.19081
C:\Users\ayubb\Pictures\IMG\center_2026_07_29_19_35_03_970.jpg, C:\Users\ayubb\Pictures\IMG\left_2026_07_29_19_35_03_970.jpg, C:\Users\ayubb\Pictures\IMG\right_2026_07_29_19_35_03_970.jpg, 0, 1, 0, 30.19006
C:\Users\ayubb\Pictures\IMG\center_2026_07_29_19_35_04_073.jpg, C:\Users\ayubb\Pictures\IMG\left_2026_07_29_19_35_04_073.jpg, C:\Users\ayubb\Pictures\IMG\right_2026_07_29_19_35_04_073.jpg, 0, 1, 0, 30.19027
C:\Users\ayubb\Pictures\IMG\center_2026_07_29_19_35_04_172.jpg, C:\Users\ayubb\Pictures\IMG\left_2026_07_29_19_35_04_172.jpg, C:\Users\ayubb\Pictures\IMG\right_2026_07_29_19_35_04_172.jpg, 0, 1, 0, 30.19031
C:\Users\ayubb\Pictures\IMG\center_2026_07_29_19_35_04_274.jpg, C:\Users\ayubb\Pictures\IMG\left_2026_07_29_19_35_04_274.jpg, C:\Users\ayubb\Pictures\IMG\right_2026_07_29_19_35_04_274.jpg, 0, 1, 0, 30.1903
C:\Users\ayubb\Pictures\IMG\center_2026_07_29_19_35_04_377.jpg, C:\Users\ayubb\Pictures\IMG\left_2026_07_29_19_35_04_377.jpg, C:\Users\ayubb\Pictures\IMG\right_2026_07_29_19_35_04_377.jpg, 0, 1, 0, 30.1903
C:\Users\ayubb\Pictures\IMG\center_2026_07_29_19_35_04_479.jpg, C:\Users\ayubb\Pictures\IMG\left_2026_07_29_19_35_04_479.jpg, C:\Users\ayubb\Pictures\IMG\right_2026_07_29_19_35_04_479.jpg, 0, 1, 0, 30.19032
C:\Users\ayubb\Pictures\IMG\center_2026_07_29_19_35_04_580.jpg, C:\Users\ayubb\Pictures\IMG\left_2026_07_29_19_35_04_580.jpg, C:\Users\ayubb\Pictures\IMG\right_2026_07_29_19_35_04_580.jpg, 0, 1, 0, 30.19029
C:\Users\ayubb\Pictures\IMG\center_2026_07_29_19_35_04_681.jpg, C:\Users\ayubb\Pictures\IMG\left_2026_07_29_19_35_04_681.jpg, C:\Users\ayubb\Pictures\IMG\right_2026_07_29_19_35_04_681.jpg, -0.09439471, 1, 0, 30.188
C:\Users\ayubb\Pictures\IMG\center_2026_07_29_19_35_04_784.jpg, C:\Users\ayubb\Pictures\IMG\left_2026_07_29_19_35_04_784.jpg, C:\Users\ayubb\Pictures\IMG\right_2026_07_29_19_35_04_784.jpg, -0.1869678, 1, 0, 30.18537
C:\Users\ayubb\Pictures\IMG\center_2026_07_29_19_35_04_886.jpg, C:\Users\ayubb\Pictures\IMG\left_2026_07_29_19_35_04_886.jpg, C:\Users\ayubb\Pictures\IMG\right_2026_07_29_19_35_04_886.jpg, 0, 1, 0, 30.18969
C:\Users\ayubb\Pictures\IMG\center_2026_07_29_19_35_04_988.jpg, C:\Users\ayubb\Pictures\IMG\left_2026_07_29_19_35_04_988.jpg, C:\Users\ayubb\Pictures\IMG\right_2026_07_29_19_35_04_988.jpg, 0, 1, 0, 30.1902
C:\Users\ayubb\Pictures\IMG\center_2026_07_29_19_35_05_089.jpg, C:\Users\ayubb\Pictures\IMG\left_2026_07_29_19_35_05_089.jpg, C:\Users\ayubb\Pictures\IMG\right_2026_07_29_19_35_05_089.jpg, 0, 1, 0, 30.19029
C:\Users\ayubb\Pictures\IMG\center_2026_07_29_19_35_05_191.jpg, C:\Users\ayubb\Pictures\IMG\left_2026_07_29_19_35_05_191.jpg, C:\Users\ayubb\Pictures\IMG\right_2026_07_29_19_35_05_191.jpg, 0, 1, 0, 30.19032
C:\Users\ayubb\Pictures\IMG\center_2026_07_29_19_35_05_293.jpg, C:\Users\ayubb\Pictures\IMG\left_2026_07_29_19_35_05_293.jpg, C:\Users\ayubb\Pictures\IMG\right_2026_07_29_19_35_05_293.jpg, 0, 1, 0, 30.19031
C:\Users\ayubb\Pictures\IMG\center_2026_07_29_19_35_05_395.jpg, C:\Users\ayubb\Pictures\IMG\left_2026_07_29_19_35_05_395.jpg, C:\Users\ayubb\Pictures\IMG\right_2026_07_29_19_35_05_395.jpg, 0, 1, 0, 30.19031
C:\Users\ayubb\Pictures\IMG\center_2026_07_29_19_35_05_495.jpg, C:\Users\ayubb\Pictures\IMG\left_2026_07_29_19_35_05_495.jpg, C:\Users\ayubb\Pictures\IMG\right_2026_07_29_19_35_05_495.jpg, 0, 1, 0, 30.19028
C:\Users\ayubb\Pictures\IMG\center_2026_07_29_19_35_05_598.jpg, C:\Users\ayubb\Pictures\IMG\left_2026_07_29_19_35_05_598.jpg, C:\Users\ayubb\Pictures\IMG\right_2026_07_29_19_35_05_598.jpg, 0, 1, 0, 30.1903
C:\Users\ayubb\Pictures\IMG\center_2026_07_29_19_35_05_700.jpg, C:\Users\ayubb\Pictures\IMG\left_2026_07_29_19_35_05_700.jpg, C:\Users\ayubb\Pictures\IMG\right_2026_07_29_19_35_05_700.jpg, 0, 1, 0, 30.19029
C:\Users\ayubb\Pictures\IMG\center_2026_07_29_19_35_05_801.jpg, C:\Users\ayubb\Pictures\IMG\left_2026_07_29_19_35_05_801.jpg, C:\Users\ayubb\Pictures\IMG\right_2026_07_29_19_35_05_801.jpg, 0, 1, 0, 30.19031
C:\Users\ayubb\Pictures\IMG\center_2026_07_29_19_35_05_903.jpg, C:\Users\ayubb\Pictures\IMG\left_2026_07_29_19_35_05_903.jpg, C:\Users\ayubb\Pictures\IMG\right_2026_07_29_19_35_05_903.jpg, 0, 1, 0, 30.19029
C:\Users\ayubb\Pictures\IMG\center_2026_07_29_19_35_06_004.jpg, C:\Users\ayubb\Pictures\IMG\left_2026_07_29_19_35_06_004.jpg, C:\Users\ayubb\Pictures\IMG\right_2026_07_29_19_35_06_004.jpg, 0, 1, 0, 30.1903
C:\Users\ayubb\Pictures\IMG\center_2026_07_29_19_35_06_109.jpg, C:\Users\ayubb\Pictures\IMG\left_2026_07_29_19_35_06_109.jpg, C:\Users\ayubb\Pictures\IMG\right_2026_07_29_19_35_06_109.jpg, 0, 1, 0, 30.1903
C:\Users\ayubb\Pictures\IMG\center_2026_07_29_19_35_06_210.jpg, C:\Users\ayubb\Pictures\IMG\left_2026_07_29_19_35_06_210.jpg, C:\Users\ayubb\Pictures\IMG\right_2026_07_29_19_35_06_210.jpg, 0, 1, 0, 30.19028
C:\Users\ayubb\Pictures\IMG\center_2026_07_29_19_35_06_312.jpg, C:\Users\ayubb\Pictures\IMG\left_2026_07_29_19_35_06_312.jpg, C:\Users\ayubb\Pictures\IMG\right_2026_07_29_19_35_06_312.jpg, 0, 1, 0, 30.19029
C:\Users\ayubb\Pictures\IMG\center_2026_07_29_19_35_06_412.jpg, C:\Users\ayubb\Pictures\IMG\left_2026_07_29_19_35_06_412.jpg, C:\Users\ayubb\Pictures\IMG\right_2026_07_29_19_35_06_412.jpg, 0, 1, 0, 30.19031
C:\Users\ayubb\Pictures\IMG\center_2026_07_29_19_35_06_515.jpg, C:\Users\ayubb\Pictures\IMG\left_2026_07_29_19_35_06_515.jpg, C:\Users\ayubb\Pictures\IMG\right_2026_07_29_19_35_06_515.jpg, 0, 1, 0, 30.19028
C:\Users\ayubb\Pictures\IMG\center_2026_07_29_19_35_06_615.jpg, C:\Users\ayubb\Pictures\IMG\left_2026_07_29_19_35_06_615.jpg, C:\Users\ayubb\Pictures\IMG\right_2026_07_29_19_35_06_615.jpg, 0, 1, 0, 30.1903
C:\Users\ayubb\Pictures\IMG\center_2026_07_29_19_35_06_716.jpg, C:\Users\ayubb\Pictures\IMG\left_2026_07_29_19_35_06_716.jpg, C:\Users\ayubb\Pictures\IMG\right_2026_07_29_19_35_06_716.jpg, 0, 1, 0, 30.19031
C:\Users\ayubb\Pictures\IMG\center_2026_07_29_19_35_06_818.jpg, C:\Users\ayubb\Pictures\IMG\left_2026_07_29_19_35_06_818.jpg, C:\Users\ayubb\Pictures\IMG\right_2026_07_29_19_35_06_818.jpg, -0.1222059, 1, 0, 30.18633
C:\Users\ayubb\Pictures\IMG\center_2026_07_29_19_35_06_922.jpg, C:\Users\ayubb\Pictures\IMG\left_2026_07_29_19_35_06_922.jpg, C:\Users\ayubb\Pictures\IMG\right_2026_07_29_19_35_06_922.jpg, -0.4208976, 1, 0, 30.15242
C:\Users\ayubb\Pictures\IMG\center_2026_07_29_19_35_07_026.jpg, C:\Users\ayubb\Pictures\IMG\left_2026_07_29_19_35_07_026.jpg, C:\Users\ayubb\Pictures\IMG\right_2026_07_29_19_35_07_026.jpg, -0.1231395, 1, 0, 30.19175
C:\Users\ayubb\Pictures\IMG\center_2026_07_29_19_35_07_127.jpg, C:\Users\ayubb\Pictures\IMG\left_2026_07_29_19_35_07_127.jpg, C:\Users\ayubb\Pictures\IMG\right_2026_07_29_19_35_07_127.jpg, 0, 1, 0, 30.18906
C:\Users\ayubb\Pictures\IMG\center_2026_07_29_19_35_07_229.jpg, C:\Users\ayubb\Pictures\IMG\left_2026_07_29_19_35_07_229.jpg, C:\Users\ayubb\Pictures\IMG\right_2026_07_29_19_35_07_229.jpg, 0, 1, 0, 30.19012
C:\Users\ayubb\Pictures\IMG\center_2026_07_29_19_35_07_330.jpg, C:\Users\ayubb\Pictures\IMG\left_2026_07_29_19_35_07_330.jpg, C:\Users\ayubb\Pictures\IMG\right_2026_07_29_19_35_07_330.jpg, 0, 1, 0, 30.19029
C:\Users\ayubb\Pictures\IMG\center_2026_07_29_19_35_07_432.jpg, C:\Users\ayubb\Pictures\IMG\left_2026_07_29_19_35_07_432.jpg, C:\Users\ayubb\Pictures\IMG\right_2026_07_29_19_35_07_432.jpg, 0, 1, 0, 30.19031
C:\Users\ayubb\Pictures\IMG\center_2026_07_29_19_35_07_535.jpg, C:\Users\ayubb\Pictures\IMG\left_2026_07_29_19_35_07_535.jpg, C:\Users\ayubb\Pictures\IMG\right_2026_07_29_19_35_07_535.jpg, 0, 1, 0, 30.1903
C:\Users\ayubb\Pictures\IMG\center_2026_07_29_19_35_07_637.jpg, C:\Users\ayubb\Pictures\IMG\left_2026_07_29_19_35_07_637.jpg, C:\Users\ayubb\Pictures\IMG\right_2026_07_29_19_35_07_637.jpg, 0, 1, 0, 30.1903
C:\Users\ayubb\Pictures\IMG\center_2026_07_29_19_35_07_737.jpg, C:\Users\ayubb\Pictures\IMG\left_2026_07_29_19_35_07_737.jpg, C:\Users\ayubb\Pictures\IMG\right_2026_07_29_19_35_07_737.jpg, 0, 1, 0, 30.19029
C:\Users\ayubb\Pictures\IMG\center_2026_07_29_19_35_07_839.jpg, C:\Users\ayubb\Pictures\IMG\left_2026_07_29_19_35_07_839.jpg, C:\Users\ayubb\Pictures\IMG\right_2026_07_29_19_35_07_839.jpg, 0, 1, 0, 30.19031
C:\Users\ayubb\Pictures\IMG\center_2026_07_29_19_35_07_942.jpg, C:\Users\ayubb\Pictures\IMG\left_2026_07_29_19_35_07_942.jpg, C:\Users\ayubb\Pictures\IMG\right_2026_07_29_19_35_07_942.jpg, -0.2175204, 1, 0, 30.17759
C:\Users\ayubb\Pictures\IMG\center_2026_07_29_19_35_08_042.jpg, C:\Users\ayubb\Pictures\IMG\left_2026_07_29_19_35_08_042.jpg, C:\Users\ayubb\Pictures\IMG\right_2026_07_29_19_35_08_042.jpg, -0.05074765, 1, 0, 30.19085
C:\Users\ayubb\Pictures\IMG\center_2026_07_29_19_35_08_145.jpg, C:\Users\ayubb\Pictures\IMG\left_2026_07_29_19_35_08_145.jpg, C:\Users\ayubb\Pictures\IMG\right_2026_07_29_19_35_08_145.jpg, 0, 1, 0, 30.18999
C:\Users\ayubb\Pictures\IMG\center_2026_07_29_19_35_08_245.jpg, C:\Users\ayubb\Pictures\IMG\left_2026_07_29_19_35_08_245.jpg, C:\Users\ayubb\Pictures\IMG\right_2026_07_29_19_35_08_245.jpg, 0, 1, 0, 30.19026
C:\Users\ayubb\Pictures\IMG\center_2026_07_29_19_35_08_348.jpg, C:\Users\ayubb\Pictures\IMG\left_2026_07_29_19_35_08_348.jpg, C:\Users\ayubb\Pictures\IMG\right_2026_07_29_19_35_08_348.jpg, 0, 1, 0, 30.1903
C:\Users\ayubb\Pictures\IMG\center_2026_07_29_19_35_08_452.jpg, C:\Users\ayubb\Pictures\IMG\left_2026_07_29_19_35_08_452.jpg, C:\Users\ayubb\Pictures\IMG\right_2026_07_29_19_35_08_452.jpg, 0, 1, 0, 30.19031
C:\Users\ayubb\Pictures\IMG\center_2026_07_29_19_35_08_554.jpg, C:\Users\ayubb\Pictures\IMG\left_2026_07_29_19_35_08_554.jpg, C:\Users\ayubb\Pictures\IMG\right_2026_07_29_19_35_08_554.jpg, 0, 1, 0, 30.1903
C:\Users\ayubb\Pictures\IMG\center_2026_07_29_19_35_08_655.jpg, C:\Users\ayubb\Pictures\IMG\left_2026_07_29_19_35_08_655.jpg, C:\Users\ayubb\Pictures\IMG\right_2026_07_29_19_35_08_655.jpg, 0, 1, 0, 30.19029
C:\Users\ayubb\Pictures\IMG\center_2026_07_29_19_35_08_756.jpg, C:\Users\ayubb\Pictures\IMG\left_2026_07_29_19_35_08_756.jpg, C:\Users\ayubb\Pictures\IMG\right_2026_07_29_19_35_08_756.jpg, 0, 1, 0, 30.1903
C:\Users\ayubb\Pictures\IMG\center_2026_07_29_19_35_08_857.jpg, C:\Users\ayubb\Pictures\IMG\left_2026_07_29_19_35_08_857.jpg, C:\Users\ayubb\Pictures\IMG\right_2026_07_29_19_35_08_857.jpg, 0, 1, 0, 30.19029
C:\Users\ayubb\Pictures\IMG\center_2026_07_29_19_35_08_959.jpg, C:\Users\ayubb\Pictures\IMG\left_2026_07_29_19_35_08_959.jpg, C:\Users\ayubb\Pictures\IMG\right_2026_07_29_19_35_08_959.jpg, 0, 1, 0, 30.19031
C:\Users\ayubb\Pictures\IMG\center_2026_07_29_19_35_09_061.jpg, C:\Users\ayubb\Pictures\IMG\left_2026_07_29_19_35_09_061.jpg, C:\Users\ayubb\Pictures\IMG\right_2026_07_29_19_35_09_061.jpg, 0, 1, 0, 30.19031
C:\Users\ayubb\Pictures\IMG\center_2026_07_29_19_35_09_165.jpg, C:\Users\ayubb\Pictures\IMG\left_2026_07_29_19_35_09_165.jpg, C:\Users\ayubb\Pictures\IMG\right_2026_07_29_19_35_09_165.jpg, 0, 1, 0, 30.1903
C:\Users\ayubb\Pictures\IMG\center_2026_07_29_19_35_09_265.jpg, C:\Users\ayubb\Pictures\IMG\left_2026_07_29_19_35_09_265.jpg, C:\Users\ayubb\Pictures\IMG\right_2026_07_29_19_35_09_265.jpg, 0, 1, 0, 30.1903
C:\Users\ayubb\Pictures\IMG\center_2026_07_29_19_35_09_367.jpg, C:\Users\ayubb\Pictures\IMG\left_2026_07_29_19_35_09_367.jpg, C:\Users\ayubb\Pictures\IMG\right_2026_07_29_19_35_09_367.jpg, 0, 1, 0, 30.19031
C:\Users\ayubb\Pictures\IMG\center_2026_07_29_19_35_09_469.jpg, C:\Users\ayubb\Pictures\IMG\left_2026_07_29_19_35_09_469.jpg, C:\Users\ayubb\Pictures\IMG\right_2026_07_29_19_35_09_469.jpg, 0, 1, 0, 30.1903
C:\Users\ayubb\Pictures\IMG\center_2026_07_29_19_35_09_571.jpg, C:\Users\ayubb\Pictures\IMG\left_2026_07_29_19_35_09_571.jpg, C:\Users\ayubb\Pictures\IMG\right_2026_07_29_19_35_09_571.jpg, 0, 1, 0, 30.19029
C:\Users\ayubb\Pictures\IMG\center_2026_07_29_19_35_09_672.jpg, C:\Users\ayubb\Pictures\IMG\left_2026_07_29_19_35_09_672.jpg, C:\Users\ayubb\Pictures\IMG\right_2026_07_29_19_35_09_672.jpg, -0.2992377, 1, 0, 30.1682
C:\Users\ayubb\Pictures\IMG\center_2026_07_29_19_35_09_776.jpg, C:\Users\ayubb\Pictures\IMG\left_2026_07_29_19_35_09_776.jpg, C:\Users\ayubb\Pictures\IMG\right_2026_07_29_19_35_09_776.jpg, 0, 1, 0, 30.18899
C:\Users\ayubb\Pictures\IMG\center_2026_07_29_19_35_09_877.jpg, C:\Users\ayubb\Pictures\IMG\left_2026_07_29_19_35_09_877.jpg, C:\Users\ayubb\Pictures\IMG\right_2026_07_29_19_35_09_877.jpg, 0, 1, 0, 30.19008
C:\Users\ayubb\Pictures\IMG\center_2026_07_29_19_35_09_980.jpg, C:\Users\ayubb\Pictures\IMG\left_2026_07_29_19_35_09_980.jpg, C:\Users\ayubb\Pictures\IMG\right_2026_07_29_19_35_09_980.jpg, 0, 1, 0, 30.19029
C:\Users\ayubb\Pictures\IMG\center_2026_07_29_19_35_10_080.jpg, C:\Users\ayubb\Pictures\IMG\left_2026_07_29_19_35_10_080.jpg, C:\Users\ayubb\Pictures\IMG\right_2026_07_29_19_35_10_080.jpg, 0, 1, 0, 30.19028
C:\Users\ayubb\Pictures\IMG\center_2026_07_29_19_35_10_181.jpg, C:\Users\ayubb\Pictures\IMG\left_2026_07_29_19_35_10_181.jpg, C:\Users\ayubb\Pictures\IMG\right_2026_07_29_19_35_10_181.jpg, 0, 1, 0, 30.1903
C:\Users\ayubb\Pictures\IMG\center_2026_07_29_19_35_10_284.jpg, C:\Users\ayubb\Pictures\IMG\left_2026_07_29_19_35_10_284.jpg, C:\Users\ayubb\Pictures\IMG\right_2026_07_29_19_35_10_284.jpg, 0, 1, 0, 30.19031
C:\Users\ayubb\Pictures\IMG\center_2026_07_29_19_35_10_388.jpg, C:\Users\ayubb\Pictures\IMG\left_2026_07_29_19_35_10_388.jpg, C:\Users\ayubb\Pictures\IMG\right_2026_07_29_19_35_10_388.jpg, 0, 1, 0, 30.19031
C:\Users\ayubb\Pictures\IMG\center_2026_07_29_19_35_10_491.jpg, C:\Users\ayubb\Pictures\IMG\left_2026_07_29_19_35_10_491.jpg, C:\Users\ayubb\Pictures\IMG\right_2026_07_29_19_35_10_491.jpg, 0, 1, 0, 30.19029
C:\Users\ayubb\Pictures\IMG\center_2026_07_29_19_35_10_591.jpg, C:\Users\ayubb\Pictures\IMG\left_2026_07_29_19_35_10_591.jpg, C:\Users\ayubb\Pictures\IMG\right_2026_07_29_19_35_10_591.jpg, 0, 1, 0, 30.1903
C:\Users\ayubb\Pictures\IMG\center_2026_07_29_19_35_10_693.jpg, C:\Users\ayubb\Pictures\IMG\left_2026_07_29_19_35_10_693.jpg, C:\Users\ayubb\Pictures\IMG\right_2026_07_29_19_35_10_693.jpg, 0, 1, 0, 30.19029
C:\Users\ayubb\Pictures\IMG\center_2026_07_29_19_35_10_796.jpg, C:\Users\ayubb\Pictures\IMG\left_2026_07_29_19_35_10_796.jpg, C:\Users\ayubb\Pictures\IMG\right_2026_07_29_19_35_10_796.jpg, 0, 1, 0, 30.19029
C:\Users\ayubb\Pictures\IMG\center_2026_07_29_19_35_10_900.jpg, C:\Users\ayubb\Pictures\IMG\left_2026_07_29_19_35_10_900.jpg, C:\Users\ayubb\Pictures\IMG\right_2026_07_29_19_35_10_900.jpg, 0, 1, 0, 30.1903
C:\Users\ayubb\Pictures\IMG\center_2026_07_29_19_35_11_003.jpg, C:\Users\ayubb\Pictures\IMG\left_2026_07_29_19_35_11_003.jpg, C:\Users\ayubb\Pictures\IMG\right_2026_07_29_19_35_11_003.jpg, 0, 1, 0, 30.19031
C:\Users\ayubb\Pictures\IMG\center_2026_07_29_19_35_11_105.jpg, C:\Users\ayubb\Pictures\IMG\left_2026_07_29_19_35_11_105.jpg, C:\Users\ayubb\Pictures\IMG\right_2026_07_29_19_35_11_105.jpg, 0, 1, 0, 30.1903
C:\Users\ayubb\Pictures\IMG\center_2026_07_29_19_35_11_206.jpg, C:\Users\ayubb\Pictures\IMG\left_2026_07_29_19_35_11_206.jpg, C:\Users\ayubb\Pictures\IMG\right_2026_07_29_19_35_11_206.jpg, 0, 1, 0, 30.1903
C:\Users\ayubb\Pictures\IMG\center_2026_07_29_19_35_11_307.jpg, C:\Users\ayubb\Pictures\IMG\left_2026_07_29_19_35_11_307.jpg, C:\Users\ayubb\Pictures\IMG\right_2026_07_29_19_35_11_307.jpg, 0, 1, 0, 30.1903
C:\Users\ayubb\Pictures\IMG\center_2026_07_29_19_35_11_409.jpg, C:\Users\ayubb\Pictures\IMG\left_2026_07_29_19_35_11_409.jpg, C:\Users\ayubb\Pictures\IMG\right_2026_07_29_19_35_11_409.jpg, 0, 1, 0, 30.19039
C:\Users\ayubb\Pictures\IMG\center_2026_07_29_19_35_11_509.jpg, C:\Users\ayubb\Pictures\IMG\left_2026_07_29_19_35_11_509.jpg, C:\Users\ayubb\Pictures\IMG\right_2026_07_29_19_35_11_509.jpg, 0, 1, 0, 30.19029
C:\Users\ayubb\Pictures\IMG\center_2026_07_29_19_35_11_611.jpg, C:\Users\ayubb\Pictures\IMG\left_2026_07_29_19_35_11_611.jpg, C:\Users\ayubb\Pictures\IMG\right_2026_07_29_19_35_11_611.jpg, -0.2739195, 1, 0, 30.17128
C:\Users\ayubb\Pictures\IMG\center_2026_07_29_19_35_11_712.jpg, C:\Users\ayubb\Pictures\IMG\left_2026_07_29_19_35_11_712.jpg, C:\Users\ayubb\Pictures\IMG\right_2026_07_29_19_35_11_712.jpg, -0.2240229, 1, 0, 30.18747
C:\Users\ayubb\Pictures\IMG\center_2026_07_29_19_35_11_815.jpg, C:\Users\ayubb\Pictures\IMG\left_2026_07_29_19_35_11_815.jpg, C:\Users\ayubb\Pictures\IMG\right_2026_07_29_19_35_11_815.jpg, 0, 1, 0, 30.18782
C:\Users\ayubb\Pictures\IMG\center_2026_07_29_19_35_11_915.jpg, C:\Users\ayubb\Pictures\IMG\left_2026_07_29_19_35_11_915.jpg, C:\Users\ayubb\Pictures\IMG\right_2026_07_29_19_35_11_915.jpg, 0, 1, 0, 30.19002
C:\Users\ayubb\Pictures\IMG\center_2026_07_29_19_35_12_015.jpg, C:\Users\ayubb\Pictures\IMG\left_2026_07_29_19_35_12_015.jpg, C:\Users\ayubb\Pictures\IMG\right_2026_07_29_19_35_12_015.jpg, 0, 1, 0, 30.19028
C:\Users\ayubb\Pictures\IMG\center_2026_07_29_19_35_12_118.jpg, C:\Users\ayubb\Pictures\IMG\left_2026_07_29_19_35_12_118.jpg, C:\Users\ayubb\Pictures\IMG\right_2026_07_29_19_35_12_118.jpg, 0, 1, 0, 30.1903
C:\Users\ayubb\Pictures\IMG\center_2026_07_29_19_35_12_218.jpg, C:\Users\ayubb\Pictures\IMG\left_2026_07_29_19_35_12_218.jpg, C:\Users\ayubb\Pictures\IMG\right_2026_07_29_19_35_12_218.jpg, 0, 1, 0, 30.1903
C:\Users\ayubb\Pictures\IMG\center_2026_07_29_19_35_12_318.jpg, C:\Users\ayubb\Pictures\IMG\left_2026_07_29_19_35_12_318.jpg, C:\Users\ayubb\Pictures\IMG\right_2026_07_29_19_35_12_318.jpg, 0, 1, 0, 30.19029
C:\Users\ayubb\Pictures\IMG\center_2026_07_29_19_35_12_419.jpg, C:\Users\ayubb\Pictures\IMG\left_2026_07_29_19_35_12_419.jpg, C:\Users\ayubb\Pictures\IMG\right_2026_07_29_19_35_12_419.jpg, 0, 1, 0, 30.18955
C:\Users\ayubb\Pictures\IMG\center_2026_07_29_19_35_12_521.jpg, C:\Users\ayubb\Pictures\IMG\left_2026_07_29_19_35_12_521.jpg, C:\Users\ayubb\Pictures\IMG\right_2026_07_29_19_35_12_521.jpg, 0, 1, 0, 30.19004
C:\Users\ayubb\Pictures\IMG\center_2026_07_29_19_35_12_624.jpg, C:\Users\ayubb\Pictures\IMG\left_2026_07_29_19_35_12_624.jpg, C:\Users\ayubb\Pictures\IMG\right_2026_07_29_19_35_12_624.jpg, 0.2122638, 1, 0, 30.17817
C:\Users\ayubb\Pictures\IMG\center_2026_07_29_19_35_12_725.jpg, C:\Users\ayubb\Pictures\IMG\left_2026_07_29_19_35_12_725.jpg, C:\Users\ayubb\Pictures\IMG\right_2026_07_29_19_35_12_725.jpg, 0.1290241, 1, 0, 30.18963
C:\Users\ayubb\Pictures\IMG\center_2026_07_29_19_35_12_826.jpg, C:\Users\ayubb\Pictures\IMG\left_2026_07_29_19_35_12_826.jpg, C:\Users\ayubb\Pictures\IMG\right_2026_07_29_19_35_12_826.jpg, 0, 1, 0, 30.18956
C:\Users\ayubb\Pictures\IMG\center_2026_07_29_19_35_12_928.jpg, C:\Users\ayubb\Pictures\IMG\left_2026_07_29_19_35_12_928.jpg, C:\Users\ayubb\Pictures\IMG\right_2026_07_29_19_35_12_928.jpg, 0, 1, 0, 30.19022
C:\Users\ayubb\Pictures\IMG\center_2026_07_29_19_35_13_029.jpg, C:\Users\ayubb\Pictures\IMG\left_2026_07_29_19_35_13_029.jpg, C:\Users\ayubb\Pictures\IMG\right_2026_07_29_19_35_13_029.jpg, 0, 1, 0, 30.19063
C:\Users\ayubb\Pictures\IMG\center_2026_07_29_19_35_13_130.jpg, C:\Users\ayubb\Pictures\IMG\left_2026_07_29_19_35_13_130.jpg, C:\Users\ayubb\Pictures\IMG\right_2026_07_29_19_35_13_130.jpg, 0, 1, 0, 30.19042
C:\Users\ayubb\Pictures\IMG\center_2026_07_29_19_35_13_230.jpg, C:\Users\ayubb\Pictures\IMG\left_2026_07_29_19_35_13_230.jpg, C:\Users\ayubb\Pictures\IMG\right_2026_07_29_19_35_13_230.jpg, 0, 1, 0, 30.19038
C:\Users\ayubb\Pictures\IMG\center_2026_07_29_19_35_13_332.jpg, C:\Users\ayubb\Pictures\IMG\left_2026_07_29_19_35_13_332.jpg, C:\Users\ayubb\Pictures\IMG\right_2026_07_29_19_35_13_332.jpg, 0, 1, 0, 30.19042
C:\Users\ayubb\Pictures\IMG\center_2026_07_29_19_35_13_434.jpg, C:\Users\ayubb\Pictures\IMG\left_2026_07_29_19_35_13_434.jpg, C:\Users\ayubb\Pictures\IMG\right_2026_07_29_19_35_13_434.jpg, 0, 1, 0, 30.19039
C:\Users\ayubb\Pictures\IMG\center_2026_07_29_19_35_13_536.jpg, C:\Users\ayubb\Pictures\IMG\left_2026_07_29_19_35_13_536.jpg, C:\Users\ayubb\Pictures\IMG\right_2026_07_29_19_35_13_536.jpg, 0, 1, 0, 30.19041
C:\Users\ayubb\Pictures\IMG\center_2026_07_29_19_35_13_638.jpg, C:\Users\ayubb\Pictures\IMG\left_2026_07_29_19_35_13_638.jpg, C:\Users\ayubb\Pictures\IMG\right_2026_07_29_19_35_13_638.jpg, 0, 1, 0, 30.19041
C:\Users\ayubb\Pictures\IMG\center_2026_07_29_19_35_13_739.jpg, C:\Users\ayubb\Pictures\IMG\left_2026_07_29_19_35_13_739.jpg, C:\Users\ayubb\Pictures\IMG\right_2026_07_29_19_35_13_739.jpg, 0, 1, 0, 30.19036
C:\Users\ayubb\Pictures\IMG\center_2026_07_29_19_35_13_840.jpg, C:\Users\ayubb\Pictures\IMG\left_2026_07_29_19_35_13_840.jpg, C:\Users\ayubb\Pictures\IMG\right_2026_07_29_19_35_13_840.jpg, 0, 1, 0, 30.19031
C:\Users\ayubb\Pictures\IMG\center_2026_07_29_19_35_13_942.jpg, C:\Users\ayubb\Pictures\IMG\left_2026_07_29_19_35_13_942.jpg, C:\Users\ayubb\Pictures\IMG\right_2026_07_29_19_35_13_942.jpg, 0, 1, 0, 30.19029
C:\Users\ayubb\Pictures\IMG\center_2026_07_29_19_35_14_044.jpg, C:\Users\ayubb\Pictures\IMG\left_2026_07_29_19_35_14_044.jpg, C:\Users\ayubb\Pictures\IMG\right_2026_07_29_19_35_14_044.jpg, 0, 1, 0, 30.19027
C:\Users\ayubb\Pictures\IMG\center_2026_07_29_19_35_14_145.jpg, C:\Users\ayubb\Pictures\IMG\left_2026_07_29_19_35_14_145.jpg, C:\Users\ayubb\Pictures\IMG\right_2026_07_29_19_35_14_145.jpg, 0, 1, 0, 30.19029
C:\Users\ayubb\Pictures\IMG\center_2026_07_29_19_35_14_244.jpg, C:\Users\ayubb\Pictures\IMG\left_2026_07_29_19_35_14_244.jpg, C:\Users\ayubb\Pictures\IMG\right_2026_07_29_19_35_14_244.jpg, 0, 1, 0, 30.19029
C:\Users\ayubb\Pictures\IMG\center_2026_07_29_19_35_14_347.jpg, C:\Users\ayubb\Pictures\IMG\left_2026_07_29_19_35_14_347.jpg, C:\Users\ayubb\Pictures\IMG\right_2026_07_29_19_35_14_347.jpg, 0, 1, 0, 30.19029
C:\Users\ayubb\Pictures\IMG\center_2026_07_29_19_35_14_447.jpg, C:\Users\ayubb\Pictures\IMG\left_2026_07_29_19_35_14_447.jpg, C:\Users\ayubb\Pictures\IMG\right_2026_07_29_19_35_14_447.jpg, 0, 1, 0, 30.19028
C:\Users\ayubb\Pictures\IMG\center_2026_07_29_19_35_14_549.jpg, C:\Users\ayubb\Pictures\IMG\left_2026_07_29_19_35_14_549.jpg, C:\Users\ayubb\Pictures\IMG\right_2026_07_29_19_35_14_549.jpg, 0, 1, 0, 30.19028
C:\Users\ayubb\Pictures\IMG\center_2026_07_29_19_35_14_651.jpg, C:\Users\ayubb\Pictures\IMG\left_2026_07_29_19_35_14_651.jpg, C:\Users\ayubb\Pictures\IMG\right_2026_07_29_19_35_14_651.jpg, 0, 0.908881, 0, 30.17992
C:\Users\ayubb\Pictures\IMG\center_2026_07_29_19_35_14_752.jpg, C:\Users\ayubb\Pictures\IMG\left_2026_07_29_19_35_14_752.jpg, C:\Users\ayubb\Pictures\IMG\right_2026_07_29_19_35_14_752.jpg, 0, 0.6056633, 0, 30.10203
C:\Users\ayubb\Pictures\IMG\center_2026_07_29_19_35_14_853.jpg, C:\Users\ayubb\Pictures\IMG\left_2026_07_29_19_35_14_853.jpg, C:\Users\ayubb\Pictures\IMG\right_2026_07_29_19_35_14_853.jpg, 0, 0.305528, 0, 30.0264
C:\Users\ayubb\Pictures\IMG\center_2026_07_29_19_36_03_757.jpg, C:\Users\ayubb\Pictures\IMG\left_2026_07_29_19_36_03_757.jpg, C:\Users\ayubb\Pictures\IMG\right_2026_07_29_19_36_03_757.jpg, 0, 0, 0, 27.09023
C:\Users\ayubb\Pictures\IMG\center_2026_07_29_19_36_03_858.jpg, C:\Users\ayubb\Pictures\IMG\left_2026_07_29_19_36_03_858.jpg, C:\Users\ayubb\Pictures\IMG\right_2026_07_29_19_36_03_858.jpg, 0, 0, 0, 26.81834
C:\Users\ayubb\Pictures\IMG\center_2026_07_29_19_36_03_959.jpg, C:\Users\ayubb\Pictures\IMG\left_2026_07_29_19_36_03_959.jpg, C:\Users\ayubb\Pictures\IMG\right_2026_07_29_19_36_03_959.jpg, 0, 0, 0, 26.54928
C:\Users\ayubb\Pictures\IMG\center_2026_07_29_19_36_04_061.jpg, C:\Users\ayubb\Pictures\IMG\left_2026_07_29_19_36_04_061.jpg, C:\Users\ayubb\Pictures\IMG\right_2026_07_29_19_36_04_061.jpg, 0, 0, 0, 26.28293
C:\Users\ayubb\Pictures\IMG\center_2026_07_29_19_36_04_164.jpg, C:\Users\ayubb\Pictures\IMG\left_2026_07_29_19_36_04_164.jpg, C:\Users\ayubb\Pictures\IMG\right_2026_07_29_19_36_04_164.jpg, 0, 0.1569066, 0, 26.06437
C:\Users\ayubb\Pictures\IMG\center_2026_07_29_19_36_04_267.jpg, C:\Users\ayubb\Pictures\IMG\left_2026_07_29_19_36_04_267.jpg, C:\Users\ayubb\Pictures\IMG\right_2026_07_29_19_36_04_267.jpg, 0, 0.4559751, 0, 26.16873
C:\Users\ayubb\Pictures\IMG\center_2026_07_29_19_36_04_370.jpg, C:\Users\ayubb\Pictures\IMG\left_2026_07_29_19_36_04_370.jpg, C:\Users\ayubb\Pictures\IMG\right_2026_07_29_19_36_04_370.jpg, 0, 0.7636157, 0, 26.63377
C:\Users\ayubb\Pictures\IMG\center_2026_07_29_19_36_04_472.jpg, C:\Users\ayubb\Pictures\IMG\left_2026_07_29_19_36_04_472.jpg, C:\Users\ayubb\Pictures\IMG\right_2026_07_29_19_36_04_472.jpg, 0, 1, 0, 27.45738
C:\Users\ayubb\Pictures\IMG\center_2026_07_29_19_36_04_572.jpg, C:\Users\ayubb\Pictures\IMG\left_2026_07_29_19_36_04_572.jpg, C:\Users\ayubb\Pictures\IMG\right_2026_07_29_19_36_04_572.jpg, 0, 1, 0, 28.38891
C:\Users\ayubb\Pictures\IMG\center_2026_07_29_19_36_04_673.jpg, C:\Users\ayubb\Pictures\IMG\left_2026_07_29_19_36_04_673.jpg, C:\Users\ayubb\Pictures\IMG\right_2026_07_29_19_36_04_673.jpg, 0, 1, 0, 29.31196
C:\Users\ayubb\Pictures\IMG\center_2026_07_29_19_36_04_773.jpg, C:\Users\ayubb\Pictures\IMG\left_2026_07_29_19_36_04_773.jpg, C:\Users\ayubb\Pictures\IMG\right_2026_07_29_19_36_04_773.jpg, 0, 1, 0, 30.1846
C:\Users\ayubb\Pictures\IMG\center_2026_07_29_19_36_04_879.jpg, C:\Users\ayubb\Pictures\IMG\left_2026_07_29_19_36_04_879.jpg, C:\Users\ayubb\Pictures\IMG\right_2026_07_29_19_36_04_879.jpg, -0.2765931, 1, 0, 30.17185
C:\Users\ayubb\Pictures\IMG\center_2026_07_29_19_36_04_979.jpg, C:\Users\ayubb\Pictures\IMG\left_2026_07_29_19_36_04_979.jpg, C:\Users\ayubb\Pictures\IMG\right_2026_07_29_19_36_04_979.jpg, 0, 1, 0, 30.18928
C:\Users\ayubb\Pictures\IMG\center_2026_07_29_19_36_05_080.jpg, C:\Users\ayubb\Pictures\IMG\left_2026_07_29_19_36_05_080.jpg, C:\Users\ayubb\Pictures\IMG\right_2026_07_29_19_36_05_080.jpg, 0, 1, 0, 30.1901
C:\Users\ayubb\Pictures\IMG\center_2026_07_29_19_36_05_181.jpg, C:\Users\ayubb\Pictures\IMG\left_2026_07_29_19_36_05_181.jpg, C:\Users\ayubb\Pictures\IMG\right_2026_07_29_19_36_05_181.jpg, 0, 1, 0, 30.18924
C:\Users\ayubb\Pictures\IMG\center_2026_07_29_19_36_05_281.jpg, C:\Users\ayubb\Pictures\IMG\left_2026_07_29_19_36_05_281.jpg, C:\Users\ayubb\Pictures\IMG\right_2026_07_29_19_36_05_281.jpg, 0.0336117, 1, 0, 30.19009
C:\Users\ayubb\Pictures\IMG\center_2026_07_29_19_36_05_384.jpg, C:\Users\ayubb\Pictures\IMG\left_2026_07_29_19_36_05_384.jpg, C:\Users\ayubb\Pictures\IMG\right_2026_07_29_19_36_05_384.jpg, 0, 1, 0, 30.19019
C:\Users\ayubb\Pictures\IMG\center_2026_07_29_19_36_05_485.jpg, C:\Users\ayubb\Pictures\IMG\left_2026_07_29_19_36_05_485.jpg, C:\Users\ayubb\Pictures\IMG\right_2026_07_29_19_36_05_485.jpg, 0, 1, 0, 30.19024
C:\Users\ayubb\Pictures\IMG\center_2026_07_29_19_36_05_588.jpg, C:\Users\ayubb\Pictures\IMG\left_2026_07_29_19_36_05_588.jpg, C:\Users\ayubb\Pictures\IMG\right_2026_07_29_19_36_05_588.jpg, 0, 1, 0, 30.19034
C:\Users\ayubb\Pictures\IMG\center_2026_07_29_19_36_05_691.jpg, C:\Users\ayubb\Pictures\IMG\left_2026_07_29_19_36_05_691.jpg, C:\Users\ayubb\Pictures\IMG\right_2026_07_29_19_36_05_691.jpg, 0, 1, 0, 30.19037
C:\Users\ayubb\Pictures\IMG\center_2026_07_29_19_36_05_790.jpg, C:\Users\ayubb\Pictures\IMG\left_2026_07_29_19_36_05_790.jpg, C:\Users\ayubb\Pictures\IMG\right_2026_07_29_19_36_05_790.jpg, 0, 1, 0, 30.1904
C:\Users\ayubb\Pictures\IMG\center_2026_07_29_19_36_05_892.jpg, C:\Users\ayubb\Pictures\IMG\left_2026_07_29_19_36_05_892.jpg, C:\Users\ayubb\Pictures\IMG\right_2026_07_29_19_36_05_892.jpg, 0, 1, 0, 30.19033
C:\Users\ayubb\Pictures\IMG\center_2026_07_29_19_36_05_996.jpg, C:\Users\ayubb\Pictures\IMG\left_2026_07_29_19_36_05_996.jpg, C:\Users\ayubb\Pictures\IMG\right_2026_07_29_19_36_05_996.jpg, 0, 1, 0, 30.19038
C:\Users\ayubb\Pictures\IMG\center_2026_07_29_19_36_06_100.jpg, C:\Users\ayubb\Pictures\IMG\left_2026_07_29_19_36_06_100.jpg, C:\Users\ayubb\Pictures\IMG\right_2026_07_29_19_36_06_100.jpg, -0.1790919, 1, 0, 30.18222
C:\Users\ayubb\Pictures\IMG\center_2026_07_29_19_36_06_202.jpg, C:\Users\ayubb\Pictures\IMG\left_2026_07_29_19_36_06_202.jpg, C:\Users\ayubb\Pictures\IMG\right_2026_07_29_19_36_06_202.jpg, 0, 1, 0, 30.19033
C:\Users\ayubb\Pictures\IMG\center_2026_07_29_19_36_06_304.jpg, C:\Users\ayubb\Pictures\IMG\left_2026_07_29_19_36_06_304.jpg, C:\Users\ayubb\Pictures\IMG\right_2026_07_29_19_36_06_304.jpg, 0, 1, 0, 30.19037
C:\Users\ayubb\Pictures\IMG\center_2026_07_29_19_36_06_405.jpg, C:\Users\ayubb\Pictures\IMG\left_2026_07_29_19_36_06_405.jpg, C:\Users\ayubb\Pictures\IMG\right_2026_07_29_19_36_06_405.jpg, 0, 1, 0, 30.18947
C:\Users\ayubb\Pictures\IMG\center_2026_07_29_19_36_06_506.jpg, C:\Users\ayubb\Pictures\IMG\left_2026_07_29_19_36_06_506.jpg, C:\Users\ayubb\Pictures\IMG\right_2026_07_29_19_36_06_506.jpg, 0, 1, 0, 30.19066
C:\Users\ayubb\Pictures\IMG\center_2026_07_29_19_36_06_605.jpg, C:\Users\ayubb\Pictures\IMG\left_2026_07_29_19_36_06_605.jpg, C:\Users\ayubb\Pictures\IMG\right_2026_07_29_19_36_06_605.jpg, -0.1232181, 1, 0, 30.1861
C:\Users\ayubb\Pictures\IMG\center_2026_07_29_19_36_06_709.jpg, C:\Users\ayubb\Pictures\IMG\left_2026_07_29_19_36_06_709.jpg, C:\Users\ayubb\Pictures\IMG\right_2026_07_29_19_36_06_709.jpg, -0.3350502, 1, 0, 30.16575
C:\Users\ayubb\Pictures\IMG\center_2026_07_29_19_36_06_809.jpg, C:\Users\ayubb\Pictures\IMG\left_2026_07_29_19_36_06_809.jpg, C:\Users\ayubb\Pictures\IMG\right_2026_07_29_19_36_06_809.jpg, -0.03049921, 1, 0, 30.18993
C:\Users\ayubb\Pictures\IMG\center_2026_07_29_19_36_06_911.jpg, C:\Users\ayubb\Pictures\IMG\left_2026_07_29_19_36_06_911.jpg, C:\Users\ayubb\Pictures\IMG\right_2026_07_29_19_36_06_911.jpg, 0, 1, 0, 30.19011
C:\Users\ayubb\Pictures\IMG\center_2026_07_29_19_36_07_012.jpg, C:\Users\ayubb\Pictures\IMG\left_2026_07_29_19_36_07_012.jpg, C:\Users\ayubb\Pictures\IMG\right_2026_07_29_19_36_07_012.jpg, 0, 1, 0, 30.19001
C:\Users\ayubb\Pictures\IMG\center_2026_07_29_19_36_07_113.jpg, C:\Users\ayubb\Pictures\IMG\left_2026_07_29_19_36_07_113.jpg, C:\Users\ayubb\Pictures\IMG\right_2026_07_29_19_36_07_113.jpg, 0, 1, 0, 30.19053
C:\Users\ayubb\Pictures\IMG\center_2026_07_29_19_36_07_214.jpg, C:\Users\ayubb\Pictures\IMG\left_2026_07_29_19_36_07_214.jpg, C:\Users\ayubb\Pictures\IMG\right_2026_07_29_19_36_07_214.jpg, 0, 1, 0, 30.18998
C:\Users\ayubb\Pictures\IMG\center_2026_07_29_19_36_07_316.jpg, C:\Users\ayubb\Pictures\IMG\left_2026_07_29_19_36_07_316.jpg, C:\Users\ayubb\Pictures\IMG\right_2026_07_29_19_36_07_316.jpg, 0, 1, 0, 30.19006
C:\Users\ayubb\Pictures\IMG\center_2026_07_29_19_36_07_419.jpg, C:\Users\ayubb\Pictures\IMG\left_2026_07_29_19_36_07_419.jpg, C:\Users\ayubb\Pictures\IMG\right_2026_07_29_19_36_07_419.jpg, 0, 1, 0, 30.1904
C:\Users\ayubb\Pictures\IMG\center_2026_07_29_19_36_07_520.jpg, C:\Users\ayubb\Pictures\IMG\left_2026_07_29_19_36_07_520.jpg, C:\Users\ayubb\Pictures\IMG\right_2026_07_29_19_36_07_520.jpg, 0, 1, 0, 30.19017
C:\Users\ayubb\Pictures\IMG\center_2026_07_29_19_36_07_623.jpg, C:\Users\ayubb\Pictures\IMG\left_2026_07_29_19_36_07_623.jpg, C:\Users\ayubb\Pictures\IMG\right_2026_07_29_19_36_07_623.jpg, 0, 1, 0, 30.19052
C:\Users\ayubb\Pictures\IMG\center_2026_07_29_19_36_07_727.jpg, C:\Users\ayubb\Pictures\IMG\left_2026_07_29_19_36_07_727.jpg, C:\Users\ayubb\Pictures\IMG\right_2026_07_29_19_36_07_727.jpg, 0, 1, 0, 30.19032
C:\Users\ayubb\Pictures\IMG\center_2026_07_29_19_36_07_830.jpg, C:\Users\ayubb\Pictures\IMG\left_2026_07_29_19_36_07_830.jpg, C:\Users\ayubb\Pictures\IMG\right_2026_07_29_19_36_07_830.jpg, 0, 1, 0, 30.19034
C:\Users\ayubb\Pictures\IMG\center_2026_07_29_19_36_07_931.jpg, C:\Users\ayubb\Pictures\IMG\left_2026_07_29_19_36_07_931.jpg, C:\Users\ayubb\Pictures\IMG\right_2026_07_29_19_36_07_931.jpg, 0, 1, 0, 30.19037
C:\Users\ayubb\Pictures\IMG\center_2026_07_29_19_36_08_033.jpg, C:\Users\ayubb\Pictures\IMG\left_2026_07_29_19_36_08_033.jpg, C:\Users\ayubb\Pictures\IMG\right_2026_07_29_19_36_08_033.jpg, 0, 1, 0, 30.19036
C:\Users\ayubb\Pictures\IMG\center_2026_07_29_19_36_08_135.jpg, C:\Users\ayubb\Pictures\IMG\left_2026_07_29_19_36_08_135.jpg, C:\Users\ayubb\Pictures\IMG\right_2026_07_29_19_36_08_135.jpg, 0, 1, 0, 30.19026
C:\Users\ayubb\Pictures\IMG\center_2026_07_29_19_36_08_237.jpg, C:\Users\ayubb\Pictures\IMG\left_2026_07_29_19_36_08_237.jpg, C:\Users\ayubb\Pictures\IMG\right_2026_07_29_19_36_08_237.jpg, 0, 1, 0, 30.19033
C:\Users\ayubb\Pictures\IMG\center_2026_07_29_19_36_08_339.jpg, C:\Users\ayubb\Pictures\IMG\left_2026_07_29_19_36_08_339.jpg, C:\Users\ayubb\Pictures\IMG\right_2026_07_29_19_36_08_339.jpg, -0.2359347, 1, 0, 30.1751
C:\Users\ayubb\Pictures\IMG\center_2026_07_29_19_36_08_442.jpg, C:\Users\ayubb\Pictures\IMG\left_2026_07_29_19_36_08_442.jpg, C:\Users\ayubb\Pictures\IMG\right_2026_07_29_19_36_08_442.jpg, -0.1102365, 1, 0, 30.18956
C:\Users\ayubb\Pictures\IMG\center_2026_07_29_19_36_08_542.jpg, C:\Users\ayubb\Pictures\IMG\left_2026_07_29_19_36_08_542.jpg, C:\Users\ayubb\Pictures\IMG\right_2026_07_29_19_36_08_542.jpg, 0, 1, 0, 30.18978
C:\Users\ayubb\Pictures\IMG\center_2026_07_29_19_36_08_643.jpg, C:\Users\ayubb\Pictures\IMG\left_2026_07_29_19_36_08_643.jpg, C:\Users\ayubb\Pictures\IMG\right_2026_07_29_19_36_08_643.jpg, 0, 1, 0, 30.19003
C:\Users\ayubb\Pictures\IMG\center_2026_07_29_19_36_08_746.jpg, C:\Users\ayubb\Pictures\IMG\left_2026_07_29_19_36_08_746.jpg, C:\Users\ayubb\Pictures\IMG\right_2026_07_29_19_36_08_746.jpg, 0, 1, 0, 30.19053
C:\Users\ayubb\Pictures\IMG\center_2026_07_29_19_36_08_847.jpg, C:\Users\ayubb\Pictures\IMG\left_2026_07_29_19_36_08_847.jpg, C:\Users\ayubb\Pictures\IMG\right_2026_07_29_19_36_08_847.jpg, 0, 1, 0, 30.19034
C:\Users\ayubb\Pictures\IMG\center_2026_07_29_19_36_08_950.jpg, C:\Users\ayubb\Pictures\IMG\left_2026_07_29_19_36_08_950.jpg, C:\Users\ayubb\Pictures\IMG\right_2026_07_29_19_36_08_950.jpg, 0, 1, 0, 30.19029
C:\Users\ayubb\Pictures\IMG\center_2026_07_29_19_36_09_051.jpg, C:\Users\ayubb\Pictures\IMG\left_2026_07_29_19_36_09_051.jpg, C:\Users\ayubb\Pictures\IMG\right_2026_07_29_19_36_09_051.jpg, 0, 1, 0, 30.19032
C:\Users\ayubb\Pictures\IMG\center_2026_07_29_19_36_09_151.jpg, C:\Users\ayubb\Pictures\IMG\left_2026_07_29_19_36_09_151.jpg, C:\Users\ayubb\Pictures\IMG\right_2026_07_29_19_36_09_151.jpg, 0, 1, 0, 30.19035
C:\Users\ayubb\Pictures\IMG\center_2026_07_29_19_36_09_253.jpg, C:\Users\ayubb\Pictures\IMG\left_2026_07_29_19_36_09_253.jpg, C:\Users\ayubb\Pictures\IMG\right_2026_07_29_19_36_09_253.jpg, -0.2551647, 1, 0, 30.17309
C:\Users\ayubb\Pictures\IMG\center_2026_07_29_19_36_09_355.jpg, C:\Users\ayubb\Pictures\IMG\left_2026_07_29_19_36_09_355.jpg, C:\Users\ayubb\Pictures\IMG\right_2026_07_29_19_36_09_355.jpg, -0.02641743, 1, 0, 30.1904
C:\Users\ayubb\Pictures\IMG\center_2026_07_29_19_36_09_456.jpg, C:\Users\ayubb\Pictures\IMG\left_2026_07_29_19_36_09_456.jpg, C:\Users\ayubb\Pictures\IMG\right_2026_07_29_19_36_09_456.jpg, 0, 1, 0, 30.18989
C:\Users\ayubb\Pictures\IMG\center_2026_07_29_19_36_09_559.jpg, C:\Users\ayubb\Pictures\IMG\left_2026_07_29_19_36_09_559.jpg, C:\Users\ayubb\Pictures\IMG\right_2026_07_29_19_36_09_559.jpg, 0, 1, 0, 30.19045
C:\Users\ayubb\Pictures\IMG\center_2026_07_29_19_36_09_661.jpg, C:\Users\ayubb\Pictures\IMG\left_2026_07_29_19_36_09_661.jpg, C:\Users\ayubb\Pictures\IMG\right_2026_07_29_19_36_09_661.jpg, 0, 1, 0, 30.19027
C:\Users\ayubb\Pictures\IMG\center_2026_07_29_19_36_09_761.jpg, C:\Users\ayubb\Pictures\IMG\left_2026_07_29_19_36_09_761.jpg, C:\Users\ayubb\Pictures\IMG\right_2026_07_29_19_36_09_761.jpg, 0, 1, 0, 30.19069
C:\Users\ayubb\Pictures\IMG\center_2026_07_29_19_36_09_864.jpg, C:\Users\ayubb\Pictures\IMG\left_2026_07_29_19_36_09_864.jpg, C:\Users\ayubb\Pictures\IMG\right_2026_07_29_19_36_09_864.jpg, 0, 1, 0, 30.19041
C:\Users\ayubb\Pictures\IMG\center_2026_07_29_19_36_09_964.jpg, C:\Users\ayubb\Pictures\IMG\left_2026_07_29_19_36_09_964.jpg, C:\Users\ayubb\Pictures\IMG\right_2026_07_29_19_36_09_964.jpg, -0.2950653, 1, 0, 30.16831
C:\Users\ayubb\Pictures\IMG\center_2026_07_29_19_36_10_066.jpg, C:\Users\ayubb\Pictures\IMG\left_2026_07_29_19_36_10_066.jpg, C:\Users\ayubb\Pictures\IMG\right_2026_07_29_19_36_10_066.jpg, -0.1942818, 1, 0, 30.18911
C:\Users\ayubb\Pictures\IMG\center_2026_07_29_19_36_10_169.jpg, C:\Users\ayubb\Pictures\IMG\left_2026_07_29_19_36_10_169.jpg, C:\Users\ayubb\Pictures\IMG\right_2026_07_29_19_36_10_169.jpg, 0, 1, 0, 30.18843
C:\Users\ayubb\Pictures\IMG\center_2026_07_29_19_36_10_269.jpg, C:\Users\ayubb\Pictures\IMG\left_2026_07_29_19_36_10_269.jpg, C:\Users\ayubb\Pictures\IMG\right_2026_07_29_19_36_10_269.jpg, 0, 1, 0, 30.18989
C:\Users\ayubb\Pictures\IMG\center_2026_07_29_19_36_10_371.jpg, C:\Users\ayubb\Pictures\IMG\left_2026_07_29_19_36_10_371.jpg, C:\Users\ayubb\Pictures\IMG\right_2026_07_29_19_36_10_371.jpg, 0, 1, 0, 30.19001
C:\Users\ayubb\Pictures\IMG\center_2026_07_29_19_36_10_473.jpg, C:\Users\ayubb\Pictures\IMG\left_2026_07_29_19_36_10_473.jpg, C:\Users\ayubb\Pictures\IMG\right_2026_07_29_19_36_10_473.jpg, 0, 1, 0, 30.1895
C:\Users\ayubb\Pictures\IMG\center_2026_07_29_19_36_10_574.jpg, C:\Users\ayubb\Pictures\IMG\left_2026_07_29_19_36_10_574.jpg, C:\Users\ayubb\Pictures\IMG\right_2026_07_29_19_36_10_574.jpg, 0, 1, 0, 30.19031
C:\Users\ayubb\Pictures\IMG\center_2026_07_29_19_36_10_678.jpg, C:\Users\ayubb\Pictures\IMG\left_2026_07_29_19_36_10_678.jpg, C:\Users\ayubb\Pictures\IMG\right_2026_07_29_19_36_10_678.jpg, 0, 1, 0, 30.19021
C:\Users\ayubb\Pictures\IMG\center_2026_07_29_19_36_10_779.jpg, C:\Users\ayubb\Pictures\IMG\left_2026_07_29_19_36_10_779.jpg, C:\Users\ayubb\Pictures\IMG\right_2026_07_29_19_36_10_779.jpg, 0, 1, 0, 30.19049
C:\Users\ayubb\Pictures\IMG\center_2026_07_29_19_36_10_880.jpg, C:\Users\ayubb\Pictures\IMG\left_2026_07_29_19_36_10_880.jpg, C:\Users\ayubb\Pictures\IMG\right_2026_07_29_19_36_10_880.jpg, 0, 1, 0, 30.19036
C:\Users\ayubb\Pictures\IMG\center_2026_07_29_19_36_10_979.jpg, C:\Users\ayubb\Pictures\IMG\left_2026_07_29_19_36_10_979.jpg, C:\Users\ayubb\Pictures\IMG\right_2026_07_29_19_36_10_979.jpg, 0, 1, 0, 30.19037
C:\Users\ayubb\Pictures\IMG\center_2026_07_29_19_36_11_081.jpg, C:\Users\ayubb\Pictures\IMG\left_2026_07_29_19_36_11_081.jpg, C:\Users\ayubb\Pictures\IMG\right_2026_07_29_19_36_11_081.jpg, 0, 1, 0, 30.19036
C:\Users\ayubb\Pictures\IMG\center_2026_07_29_19_36_11_182.jpg, C:\Users\ayubb\Pictures\IMG\left_2026_07_29_19_36_11_182.jpg, C:\Users\ayubb\Pictures\IMG\right_2026_07_29_19_36_11_182.jpg, 0, 1, 0, 30.19035
C:\Users\ayubb\Pictures\IMG\center_2026_07_29_19_36_11_282.jpg, C:\Users\ayubb\Pictures\IMG\left_2026_07_29_19_36_11_282.jpg, C:\Users\ayubb\Pictures\IMG\right_2026_07_29_19_36_11_282.jpg, 0, 1, 0, 30.19033
C:\Users\ayubb\Pictures\IMG\center_2026_07_29_19_36_11_384.jpg, C:\Users\ayubb\Pictures\IMG\left_2026_07_29_19_36_11_384.jpg, C:\Users\ayubb\Pictures\IMG\right_2026_07_29_19_36_11_384.jpg, 0, 1, 0, 30.19084
C:\Users\ayubb\Pictures\IMG\center_2026_07_29_19_36_11_487.jpg, C:\Users\ayubb\Pictures\IMG\left_2026_07_29_19_36_11_487.jpg, C:\Users\ayubb\Pictures\IMG\right_2026_07_29_19_36_11_487.jpg, 0, 1, 0, 30.19071
C:\Users\ayubb\Pictures\IMG\center_2026_07_29_19_36_11_589.jpg, C:\Users\ayubb\Pictures\IMG\left_2026_07_29_19_36_11_589.jpg, C:\Users\ayubb\Pictures\IMG\right_2026_07_29_19_36_11_589.jpg, 0, 1, 0, 30.19213
C:\Users\ayubb\Pictures\IMG\center_2026_07_29_19_36_11_689.jpg, C:\Users\ayubb\Pictures\IMG\left_2026_07_29_19_36_11_689.jpg, C:\Users\ayubb\Pictures\IMG\right_2026_07_29_19_36_11_689.jpg, -0.3023664, 1, 0, 30.16755
C:\Users\ayubb\Pictures\IMG\center_2026_07_29_19_36_11_792.jpg, C:\Users\ayubb\Pictures\IMG\left_2026_07_29_19_36_11_792.jpg, C:\Users\ayubb\Pictures\IMG\right_2026_07_29_19_36_11_792.jpg, -0.1772506, 1, 0, 30.19013
C:\Users\ayubb\Pictures\IMG\center_2026_07_29_19_36_11_893.jpg, C:\Users\ayubb\Pictures\IMG\left_2026_07_29_19_36_11_893.jpg, C:\Users\ayubb\Pictures\IMG\right_2026_07_29_19_36_11_893.jpg, 0, 1, 0, 30.18862
C:\Users\ayubb\Pictures\IMG\center_2026_07_29_19_36_11_993.jpg, C:\Users\ayubb\Pictures\IMG\left_2026_07_29_19_36_11_993.jpg, C:\Users\ayubb\Pictures\IMG\right_2026_07_29_19_36_11_993.jpg, -0.2379678, 1, 0, 30.18081
C:\Users\ayubb\Pictures\IMG\center_2026_07_29_19_36_12_094.jpg, C:\Users\ayubb\Pictures\IMG\left_2026_07_29_19_36_12_094.jpg, C:\Users\ayubb\Pictures\IMG\right_2026_07_29_19_36_12_094.jpg, 0, 1, 0, 30.18906
C:\Users\ayubb\Pictures\IMG\center_2026_07_29_19_36_12_197.jpg, C:\Users\ayubb\Pictures\IMG\left_2026_07_29_19_36_12_197.jpg, C:\Users\ayubb\Pictures\IMG\right_2026_07_29_19_36_12_197.jpg, 0, 1, 0, 30.19003
C:\Users\ayubb\Pictures\IMG\center_2026_07_29_19_36_12_298.jpg, C:\Users\ayubb\Pictures\IMG\left_2026_07_29_19_36_12_298.jpg, C:\Users\ayubb\Pictures\IMG\right_2026_07_29_19_36_12_298.jpg, -0.1661898, 1, 0, 30.18392
C:\Users\ayubb\Pictures\IMG\center_2026_07_29_19_36_12_400.jpg, C:\Users\ayubb\Pictures\IMG\left_2026_07_29_19_36_12_400.jpg, C:\Users\ayubb\Pictures\IMG\right_2026_07_29_19_36_12_400.jpg, -0.07371211, 1, 0, 30.19051
C:\Users\ayubb\Pictures\IMG\center_2026_07_29_19_36_12_501.jpg, C:\Users\ayubb\Pictures\IMG\left_2026_07_29_19_36_12_501.jpg, C:\Users\ayubb\Pictures\IMG\right_2026_07_29_19_36_12_501.jpg, -0.0591519, 1, 0, 30.19005
C:\Users\ayubb\Pictures\IMG\center_2026_07_29_19_36_12_602.jpg, C:\Users\ayubb\Pictures\IMG\left_2026_07_29_19_36_12_602.jpg, C:\Users\ayubb\Pictures\IMG\right_2026_07_29_19_36_12_602.jpg, -0.2716413, 1, 0, 30.17573
C:\Users\ayubb\Pictures\IMG\center_2026_07_29_19_36_12_703.jpg, C:\Users\ayubb\Pictures\IMG\left_2026_07_29_19_36_12_703.jpg, C:\Users\ayubb\Pictures\IMG\right_2026_07_29_19_36_12_703.jpg, 0, 1, 0, 30.1889
C:\Users\ayubb\Pictures\IMG\center_2026_07_29_19_36_12_804.jpg, C:\Users\ayubb\Pictures\IMG\left_2026_07_29_19_36_12_804.jpg, C:\Users\ayubb\Pictures\IMG\right_2026_07_29_19_36_12_804.jpg, -0.09715139, 1, 0, 30.18975
C:\Users\ayubb\Pictures\IMG\center_2026_07_29_19_36_12_906.jpg, C:\Users\ayubb\Pictures\IMG\left_2026_07_29_19_36_12_906.jpg, C:\Users\ayubb\Pictures\IMG\right_2026_07_29_19_36_12_906.jpg, -0.3768108, 1, 0, 30.16224
C:\Users\ayubb\Pictures\IMG\center_2026_07_29_19_36_13_008.jpg, C:\Users\ayubb\Pictures\IMG\left_2026_07_29_19_36_13_008.jpg, C:\Users\ayubb\Pictures\IMG\right_2026_07_29_19_36_13_008.jpg, -0.07444958, 1, 0, 30.19197
C:\Users\ayubb\Pictures\IMG\center_2026_07_29_19_36_13_107.jpg, C:\Users\ayubb\Pictures\IMG\left_2026_07_29_19_36_13_107.jpg, C:\Users\ayubb\Pictures\IMG\right_2026_07_29_19_36_13_107.jpg, 0, 1, 0, 30.18964
C:\Users\ayubb\Pictures\IMG\center_2026_07_29_19_36_13_209.jpg, C:\Users\ayubb\Pictures\IMG\left_2026_07_29_19_36_13_209.jpg, C:\Users\ayubb\Pictures\IMG\right_2026_07_29_19_36_13_209.jpg, 0, 1, 0, 30.19026
C:\Users\ayubb\Pictures\IMG\center_2026_07_29_19_36_13_310.jpg, C:\Users\ayubb\Pictures\IMG\left_2026_07_29_19_36_13_310.jpg, C:\Users\ayubb\Pictures\IMG\right_2026_07_29_19_36_13_310.jpg, 0, 1, 0, 30.19027
C:\Users\ayubb\Pictures\IMG\center_2026_07_29_19_36_13_410.jpg, C:\Users\ayubb\Pictures\IMG\left_2026_07_29_19_36_13_410.jpg, C:\Users\ayubb\Pictures\IMG\right_2026_07_29_19_36_13_410.jpg, -0.3024291, 1, 0, 30.16866
C:\Users\ayubb\Pictures\IMG\center_2026_07_29_19_36_13_512.jpg, C:\Users\ayubb\Pictures\IMG\left_2026_07_29_19_36_13_512.jpg, C:\Users\ayubb\Pictures\IMG\right_2026_07_29_19_36_13_512.jpg, -0.08357008, 1, 0, 30.19135
C:\Users\ayubb\Pictures\IMG\center_2026_07_29_19_36_13_613.jpg, C:\Users\ayubb\Pictures\IMG\left_2026_07_29_19_36_13_613.jpg, C:\Users\ayubb\Pictures\IMG\right_2026_07_29_19_36_13_613.jpg, 0, 1, 0, 30.18983
C:\Users\ayubb\Pictures\IMG\center_2026_07_29_19_36_13_715.jpg, C:\Users\ayubb\Pictures\IMG\left_2026_07_29_19_36_13_715.jpg, C:\Users\ayubb\Pictures\IMG\right_2026_07_29_19_36_13_715.jpg, 0, 1, 0, 30.19025
C:\Users\ayubb\Pictures\IMG\center_2026_07_29_19_36_13_818.jpg, C:\Users\ayubb\Pictures\IMG\left_2026_07_29_19_36_13_818.jpg, C:\Users\ayubb\Pictures\IMG\right_2026_07_29_19_36_13_818.jpg, 0, 1, 0, 30.19029
C:\Users\ayubb\Pictures\IMG\center_2026_07_29_19_36_13_919.jpg, C:\Users\ayubb\Pictures\IMG\left_2026_07_29_19_36_13_919.jpg, C:\Users\ayubb\Pictures\IMG\right_2026_07_29_19_36_13_919.jpg, -0.08935471, 1, 0, 30.18849
C:\Users\ayubb\Pictures\IMG\center_2026_07_29_19_36_14_022.jpg, C:\Users\ayubb\Pictures\IMG\left_2026_07_29_19_36_14_022.jpg, C:\Users\ayubb\Pictures\IMG\right_2026_07_29_19_36_14_022.jpg, -0.2523052, 1, 0, 30.17702
C:\Users\ayubb\Pictures\IMG\center_2026_07_29_19_36_14_125.jpg, C:\Users\ayubb\Pictures\IMG\left_2026_07_29_19_36_14_125.jpg, C:\Users\ayubb\Pictures\IMG\right_2026_07_29_19_36_14_125.jpg, 0, 1, 0, 30.18876
C:\Users\ayubb\Pictures\IMG\center_2026_07_29_19_36_14_226.jpg, C:\Users\ayubb\Pictures\IMG\left_2026_07_29_19_36_14_226.jpg, C:\Users\ayubb\Pictures\IMG\right_2026_07_29_19_36_14_226.jpg, 0, 1, 0, 30.1901
C:\Users\ayubb\Pictures\IMG\center_2026_07_29_19_36_14_328.jpg, C:\Users\ayubb\Pictures\IMG\left_2026_07_29_19_36_14_328.jpg, C:\Users\ayubb\Pictures\IMG\right_2026_07_29_19_36_14_328.jpg, -0.1657335, 1, 0, 30.18433
C:\Users\ayubb\Pictures\IMG\center_2026_07_29_19_36_14_427.jpg, C:\Users\ayubb\Pictures\IMG\left_2026_07_29_19_36_14_427.jpg, C:\Users\ayubb\Pictures\IMG\right_2026_07_29_19_36_14_427.jpg, -0.1466316, 1, 0, 30.18944
C:\Users\ayubb\Pictures\IMG\center_2026_07_29_19_36_14_529.jpg, C:\Users\ayubb\Pictures\IMG\left_2026_07_29_19_36_14_529.jpg, C:\Users\ayubb\Pictures\IMG\right_2026_07_29_19_36_14_529.jpg, 0, 1, 0, 30.18972
C:\Users\ayubb\Pictures\IMG\center_2026_07_29_19_36_14_632.jpg, C:\Users\ayubb\Pictures\IMG\left_2026_07_29_19_36_14_632.jpg, C:\Users\ayubb\Pictures\IMG\right_2026_07_29_19_36_14_632.jpg, -0.1341726, 1, 0, 30.18756
C:\Users\ayubb\Pictures\IMG\center_2026_07_29_19_36_14_733.jpg, C:\Users\ayubb\Pictures\IMG\left_2026_07_29_19_36_14_733.jpg, C:\Users\ayubb\Pictures\IMG\right_2026_07_29_19_36_14_733.jpg, -0.1875627, 1, 0, 30.18803
C:\Users\ayubb\Pictures\IMG\center_2026_07_29_19_36_14_833.jpg, C:\Users\ayubb\Pictures\IMG\left_2026_07_29_19_36_14_833.jpg, C:\Users\ayubb\Pictures\IMG\right_2026_07_29_19_36_14_833.jpg, 0, 1, 0, 30.18957
C:\Users\ayubb\Pictures\IMG\center_2026_07_29_19_36_14_935.jpg, C:\Users\ayubb\Pictures\IMG\left_2026_07_29_19_36_14_935.jpg, C:\Users\ayubb\Pictures\IMG\right_2026_07_29_19_36_14_935.jpg, -0.2552715, 1, 0, 30.17796
C:\Users\ayubb\Pictures\IMG\center_2026_07_29_19_36_15_036.jpg, C:\Users\ayubb\Pictures\IMG\left_2026_07_29_19_36_15_036.jpg, C:\Users\ayubb\Pictures\IMG\right_2026_07_29_19_36_15_036.jpg, -0.2328051, 1, 0, 30.18804
C:\Users\ayubb\Pictures\IMG\center_2026_07_29_19_36_15_138.jpg, C:\Users\ayubb\Pictures\IMG\left_2026_07_29_19_36_15_138.jpg, C:\Users\ayubb\Pictures\IMG\right_2026_07_29_19_36_15_138.jpg, -0.0278136, 1, 0, 30.18974
C:\Users\ayubb\Pictures\IMG\center_2026_07_29_19_36_15_241.jpg, C:\Users\ayubb\Pictures\IMG\left_2026_07_29_19_36_15_241.jpg, C:\Users\ayubb\Pictures\IMG\right_2026_07_29_19_36_15_241.jpg, -0.2617608, 1, 0, 30.17949
C:\Users\ayubb\Pictures\IMG\center_2026_07_29_19_36_15_343.jpg, C:\Users\ayubb\Pictures\IMG\left_2026_07_29_19_36_15_343.jpg, C:\Users\ayubb\Pictures\IMG\right_2026_07_29_19_36_15_343.jpg, 0, 1, 0, 30.18897
C:\Users\ayubb\Pictures\IMG\center_2026_07_29_19_36_15_446.jpg, C:\Users\ayubb\Pictures\IMG\left_2026_07_29_19_36_15_446.jpg, C:\Users\ayubb\Pictures\IMG\right_2026_07_29_19_36_15_446.jpg, 0, 1, 0, 30.19011
C:\Users\ayubb\Pictures\IMG\center_2026_07_29_19_36_15_548.jpg, C:\Users\ayubb\Pictures\IMG\left_2026_07_29_19_36_15_548.jpg, C:\Users\ayubb\Pictures\IMG\right_2026_07_29_19_36_15_548.jpg, 0, 1, 0, 30.19024
C:\Users\ayubb\Pictures\IMG\center_2026_07_29_19_36_15_649.jpg, C:\Users\ayubb\Pictures\IMG\left_2026_07_29_19_36_15_649.jpg, C:\Users\ayubb\Pictures\IMG\right_2026_07_29_19_36_15_649.jpg, 0, 1, 0, 30.19018
C:\Users\ayubb\Pictures\IMG\center_2026_07_29_19_36_15_750.jpg, C:\Users\ayubb\Pictures\IMG\left_2026_07_29_19_36_15_750.jpg, C:\Users\ayubb\Pictures\IMG\right_2026_07_29_19_36_15_750.jpg, -0.0611874, 1, 0, 30.18823
C:\Users\ayubb\Pictures\IMG\center_2026_07_29_19_36_15_850.jpg, C:\Users\ayubb\Pictures\IMG\left_2026_07_29_19_36_15_850.jpg, C:\Users\ayubb\Pictures\IMG\right_2026_07_29_19_36_15_850.jpg, -0.2332308, 1, 0, 30.17855
C:\Users\ayubb\Pictures\IMG\center_2026_07_29_19_36_15_952.jpg, C:\Users\ayubb\Pictures\IMG\left_2026_07_29_19_36_15_952.jpg, C:\Users\ayubb\Pictures\IMG\right_2026_07_29_19_36_15_952.jpg, 0, 1, 0, 30.18877
C:\Users\ayubb\Pictures\IMG\center_2026_07_29_19_36_16_055.jpg, C:\Users\ayubb\Pictures\IMG\left_2026_07_29_19_36_16_055.jpg, C:\Users\ayubb\Pictures\IMG\right_2026_07_29_19_36_16_055.jpg, -0.07239509, 1, 0, 30.19019
C:\Users\ayubb\Pictures\IMG\center_2026_07_29_19_36_16_155.jpg, C:\Users\ayubb\Pictures\IMG\left_2026_07_29_19_36_16_155.jpg, C:\Users\ayubb\Pictures\IMG\right_2026_07_29_19_36_16_155.jpg, -0.1540324, 1, 0, 30.1882
C:\Users\ayubb\Pictures\IMG\center_2026_07_29_19_36_16_257.jpg, C:\Users\ayubb\Pictures\IMG\left_2026_07_29_19_36_16_257.jpg, C:\Users\ayubb\Pictures\IMG\right_2026_07_29_19_36_16_257.jpg, 0, 1, 0, 30.18989
C:\Users\ayubb\Pictures\IMG\center_2026_07_29_19_36_16_358.jpg, C:\Users\ayubb\Pictures\IMG\left_2026_07_29_19_36_16_358.jpg, C:\Users\ayubb\Pictures\IMG\right_2026_07_29_19_36_16_358.jpg, -0.3015906, 1, 0, 30.17096
C:\Users\ayubb\Pictures\IMG\center_2026_07_29_19_36_16_462.jpg, C:\Users\ayubb\Pictures\IMG\left_2026_07_29_19_36_16_462.jpg, C:\Users\ayubb\Pictures\IMG\right_2026_07_29_19_36_16_462.jpg, -0.001669489, 1, 0, 30.18937
C:\Users\ayubb\Pictures\IMG\center_2026_07_29_19_36_16_563.jpg, C:\Users\ayubb\Pictures\IMG\left_2026_07_29_19_36_16_563.jpg, C:\Users\ayubb\Pictures\IMG\right_2026_07_29_19_36_16_563.jpg, -0.1479705, 1, 0, 30.18755
C:\Users\ayubb\Pictures\IMG\center_2026_07_29_19_36_16_664.jpg, C:\Users\ayubb\Pictures\IMG\left_2026_07_29_19_36_16_664.jpg, C:\Users\ayubb\Pictures\IMG\right_2026_07_29_19_36_16_664.jpg, -0.2119245, 1, 0, 30.18829
C:\Users\ayubb\Pictures\IMG\center_2026_07_29_19_36_16_766.jpg, C:\Users\ayubb\Pictures\IMG\left_2026_07_29_19_36_16_766.jpg, C:\Users\ayubb\Pictures\IMG\right_2026_07_29_19_36_16_766.jpg, 0, 1, 0, 30.18884
C:\Users\ayubb\Pictures\IMG\center_2026_07_29_19_36_16_866.jpg, C:\Users\ayubb\Pictures\IMG\left_2026_07_29_19_36_16_866.jpg, C:\Users\ayubb\Pictures\IMG\right_2026_07_29_19_36_16_866.jpg, 0, 1, 0, 30.19019
C:\Users\ayubb\Pictures\IMG\center_2026_07_29_19_36_16_967.jpg, C:\Users\ayubb\Pictures\IMG\left_2026_07_29_19_36_16_967.jpg, C:\Users\ayubb\Pictures\IMG\right_2026_07_29_19_36_16_967.jpg, 0, 1, 0, 30.19016
C:\Users\ayubb\Pictures\IMG\center_2026_07_29_19_36_17_068.jpg, C:\Users\ayubb\Pictures\IMG\left_2026_07_29_19_36_17_068.jpg, C:\Users\ayubb\Pictures\IMG\right_2026_07_29_19_36_17_068.jpg, 0, 1, 0, 30.1895
C:\Users\ayubb\Pictures\IMG\center_2026_07_29_19_36_17_168.jpg, C:\Users\ayubb\Pictures\IMG\left_2026_07_29_19_36_17_168.jpg, C:\Users\ayubb\Pictures\IMG\right_2026_07_29_19_36_17_168.jpg, -0.1567335, 1, 0, 30.18397
C:\Users\ayubb\Pictures\IMG\center_2026_07_29_19_36_17_268.jpg, C:\Users\ayubb\Pictures\IMG\left_2026_07_29_19_36_17_268.jpg, C:\Users\ayubb\Pictures\IMG\right_2026_07_29_19_36_17_268.jpg, -0.2569077, 1, 0, 30.17999
C:\Users\ayubb\Pictures\IMG\center_2026_07_29_19_36_17_368.jpg, C:\Users\ayubb\Pictures\IMG\left_2026_07_29_19_36_17_368.jpg, C:\Users\ayubb\Pictures\IMG\right_2026_07_29_19_36_17_368.jpg, 0, 1, 0, 30.18908
C:\Users\ayubb\Pictures\IMG\center_2026_07_29_19_36_17_470.jpg, C:\Users\ayubb\Pictures\IMG\left_2026_07_29_19_36_17_470.jpg, C:\Users\ayubb\Pictures\IMG\right_2026_07_29_19_36_17_470.jpg, 0, 1, 0, 30.19005
C:\Users\ayubb\Pictures\IMG\center_2026_07_29_19_36_17_571.jpg, C:\Users\ayubb\Pictures\IMG\left_2026_07_29_19_36_17_571.jpg, C:\Users\ayubb\Pictures\IMG\right_2026_07_29_19_36_17_571.jpg, 0, 1, 0, 30.1903
C:\Users\ayubb\Pictures\IMG\center_2026_07_29_19_36_17_673.jpg, C:\Users\ayubb\Pictures\IMG\left_2026_07_29_19_36_17_673.jpg, C:\Users\ayubb\Pictures\IMG\right_2026_07_29_19_36_17_673.jpg, -0.2574375, 1, 0, 30.17433
C:\Users\ayubb\Pictures\IMG\center_2026_07_29_19_36_17_776.jpg, C:\Users\ayubb\Pictures\IMG\left_2026_07_29_19_36_17_776.jpg, C:\Users\ayubb\Pictures\IMG\right_2026_07_29_19_36_17_776.jpg, -0.2548777, 1, 0, 30.18436
C:\Users\ayubb\Pictures\IMG\center_2026_07_29_19_36_17_876.jpg, C:\Users\ayubb\Pictures\IMG\left_2026_07_29_19_36_17_876.jpg, C:\Users\ayubb\Pictures\IMG\right_2026_07_29_19_36_17_876.jpg, 0, 1, 0, 30.18839
C:\Users\ayubb\Pictures\IMG\center_2026_07_29_19_36_17_980.jpg, C:\Users\ayubb\Pictures\IMG\left_2026_07_29_19_36_17_980.jpg, C:\Users\ayubb\Pictures\IMG\right_2026_07_29_19_36_17_980.jpg, 0, 1, 0, 30.18855
C:\Users\ayubb\Pictures\IMG\center_2026_07_29_19_36_18_082.jpg, C:\Users\ayubb\Pictures\IMG\left_2026_07_29_19_36_18_082.jpg, C:\Users\ayubb\Pictures\IMG\right_2026_07_29_19_36_18_082.jpg, 0, 1, 0, 30.19028
C:\Users\ayubb\Pictures\IMG\center_2026_07_29_19_36_18_182.jpg, C:\Users\ayubb\Pictures\IMG\left_2026_07_29_19_36_18_182.jpg, C:\Users\ayubb\Pictures\IMG\right_2026_07_29_19_36_18_182.jpg, 0, 1, 0, 30.19016
C:\Users\ayubb\Pictures\IMG\center_2026_07_29_19_36_18_284.jpg, C:\Users\ayubb\Pictures\IMG\left_2026_07_29_19_36_18_284.jpg, C:\Users\ayubb\Pictures\IMG\right_2026_07_29_19_36_18_284.jpg, 0, 1, 0, 30.19013
C:\Users\ayubb\Pictures\IMG\center_2026_07_29_19_36_18_385.jpg, C:\Users\ayubb\Pictures\IMG\left_2026_07_29_19_36_18_385.jpg, C:\Users\ayubb\Pictures\IMG\right_2026_07_29_19_36_18_385.jpg, 0, 1, 0, 30.19016
C:\Users\ayubb\Pictures\IMG\center_2026_07_29_19_36_18_487.jpg, C:\Users\ayubb\Pictures\IMG\left_2026_07_29_19_36_18_487.jpg, C:\Users\ayubb\Pictures\IMG\right_2026_07_29_19_36_18_487.jpg, 0, 1, 0, 30.18968
C:\Users\ayubb\Pictures\IMG\center_2026_07_29_19_36_18_587.jpg, C:\Users\ayubb\Pictures\IMG\left_2026_07_29_19_36_18_587.jpg, C:\Users\ayubb\Pictures\IMG\right_2026_07_29_19_36_18_587.jpg, 0, 1, 0, 30.1904
C:\Users\ayubb\Pictures\IMG\center_2026_07_29_19_36_18_689.jpg, C:\Users\ayubb\Pictures\IMG\left_2026_07_29_19_36_18_689.jpg, C:\Users\ayubb\Pictures\IMG\right_2026_07_29_19_36_18_689.jpg, 0, 1, 0, 30.1894
C:\Users\ayubb\Pictures\IMG\center_2026_07_29_19_36_18_792.jpg, C:\Users\ayubb\Pictures\IMG\left_2026_07_29_19_36_18_792.jpg, C:\Users\ayubb\Pictures\IMG\right_2026_07_29_19_36_18_792.jpg, 0.1927887, 1, 0, 30.18097
C:\Users\ayubb\Pictures\IMG\center_2026_07_29_19_36_18_893.jpg, C:\Users\ayubb\Pictures\IMG\left_2026_07_29_19_36_18_893.jpg, C:\Users\ayubb\Pictures\IMG\right_2026_07_29_19_36_18_893.jpg, 0.4009533, 1, 0, 30.15951
C:\Users\ayubb\Pictures\IMG\center_2026_07_29_19_36_18_995.jpg, C:\Users\ayubb\Pictures\IMG\left_2026_07_29_19_36_18_995.jpg, C:\Users\ayubb\Pictures\IMG\right_2026_07_29_19_36_18_995.jpg, -0.0789372, 1, 0, 30.17469
C:\Users\ayubb\Pictures\IMG\center_2026_07_29_19_36_19_097.jpg, C:\Users\ayubb\Pictures\IMG\left_2026_07_29_19_36_19_097.jpg, C:\Users\ayubb\Pictures\IMG\right_2026_07_29_19_36_19_097.jpg, -0.4426569, 1, 0, 30.13867
C:\Users\ayubb\Pictures\IMG\center_2026_07_29_19_36_19_198.jpg, C:\Users\ayubb\Pictures\IMG\left_2026_07_29_19_36_19_198.jpg, C:\Users\ayubb\Pictures\IMG\right_2026_07_29_19_36_19_198.jpg, -0.3987622, 1, 0, 30.17415
C:\Users\ayubb\Pictures\IMG\center_2026_07_29_19_36_19_301.jpg, C:\Users\ayubb\Pictures\IMG\left_2026_07_29_19_36_19_301.jpg, C:\Users\ayubb\Pictures\IMG\right_2026_07_29_19_36_19_301.jpg, -0.09921069, 1, 0, 30.19138
C:\Users\ayubb\Pictures\IMG\center_2026_07_29_19_36_19_403.jpg, C:\Users\ayubb\Pictures\IMG\left_2026_07_29_19_36_19_403.jpg, C:\Users\ayubb\Pictures\IMG\right_2026_07_29_19_36_19_403.jpg, 0, 1, 0, 30.18881
C:\Users\ayubb\Pictures\IMG\center_2026_07_29_19_36_19_504.jpg, C:\Users\ayubb\Pictures\IMG\left_2026_07_29_19_36_19_504.jpg, C:\Users\ayubb\Pictures\IMG\right_2026_07_29_19_36_19_504.jpg, 0, 1, 0, 30.19013
C:\Users\ayubb\Pictures\IMG\center_2026_07_29_19_36_19_605.jpg, C:\Users\ayubb\Pictures\IMG\left_2026_07_29_19_36_19_605.jpg, C:\Users\ayubb\Pictures\IMG\right_2026_07_29_19_36_19_605.jpg, 0, 1, 0, 30.1903
C:\Users\ayubb\Pictures\IMG\center_2026_07_29_19_36_19_705.jpg, C:\Users\ayubb\Pictures\IMG\left_2026_07_29_19_36_19_705.jpg, C:\Users\ayubb\Pictures\IMG\right_2026_07_29_19_36_19_705.jpg, -0.2143689, 1, 0, 30.17892
C:\Users\ayubb\Pictures\IMG\center_2026_07_29_19_36_19_807.jpg, C:\Users\ayubb\Pictures\IMG\left_2026_07_29_19_36_19_807.jpg, C:\Users\ayubb\Pictures\IMG\right_2026_07_29_19_36_19_807.jpg, -0.2719341, 1, 0, 30.18284
C:\Users\ayubb\Pictures\IMG\center_2026_07_29_19_36_19_908.jpg, C:\Users\ayubb\Pictures\IMG\left_2026_07_29_19_36_19_908.jpg, C:\Users\ayubb\Pictures\IMG\right_2026_07_29_19_36_19_908.jpg, 0, 1, 0, 30.18822
C:\Users\ayubb\Pictures\IMG\center_2026_07_29_19_36_20_008.jpg, C:\Users\ayubb\Pictures\IMG\left_2026_07_29_19_36_20_008.jpg, C:\Users\ayubb\Pictures\IMG\right_2026_07_29_19_36_20_008.jpg, 0, 1, 0, 30.18996
C:\Users\ayubb\Pictures\IMG\center_2026_07_29_19_36_20_108.jpg, C:\Users\ayubb\Pictures\IMG\left_2026_07_29_19_36_20_108.jpg, C:\Users\ayubb\Pictures\IMG\right_2026_07_29_19_36_20_108.jpg, 0, 1, 0, 30.19026
C:\Users\ayubb\Pictures\IMG\center_2026_07_29_19_36_20_209.jpg, C:\Users\ayubb\Pictures\IMG\left_2026_07_29_19_36_20_209.jpg, C:\Users\ayubb\Pictures\IMG\right_2026_07_29_19_36_20_209.jpg, 0, 1, 0, 30.18986
C:\Users\ayubb\Pictures\IMG\center_2026_07_29_19_36_20_312.jpg, C:\Users\ayubb\Pictures\IMG\left_2026_07_29_19_36_20_312.jpg, C:\Users\ayubb\Pictures\IMG\right_2026_07_29_19_36_20_312.jpg, 0, 1, 0, 30.19029
C:\Users\ayubb\Pictures\IMG\center_2026_07_29_19_36_20_414.jpg, C:\Users\ayubb\Pictures\IMG\left_2026_07_29_19_36_20_414.jpg, C:\Users\ayubb\Pictures\IMG\right_2026_07_29_19_36_20_414.jpg, 0, 1, 0, 30.19025
C:\Users\ayubb\Pictures\IMG\center_2026_07_29_19_36_20_515.jpg, C:\Users\ayubb\Pictures\IMG\left_2026_07_29_19_36_20_515.jpg, C:\Users\ayubb\Pictures\IMG\right_2026_07_29_19_36_20_515.jpg, 0, 1, 0, 30.19015
C:\Users\ayubb\Pictures\IMG\center_2026_07_29_19_36_20_617.jpg, C:\Users\ayubb\Pictures\IMG\left_2026_07_29_19_36_20_617.jpg, C:\Users\ayubb\Pictures\IMG\right_2026_07_29_19_36_20_617.jpg, 0, 1, 0, 30.19007
C:\Users\ayubb\Pictures\IMG\center_2026_07_29_19_36_20_719.jpg, C:\Users\ayubb\Pictures\IMG\left_2026_07_29_19_36_20_719.jpg, C:\Users\ayubb\Pictures\IMG\right_2026_07_29_19_36_20_719.jpg, 0, 1, 0, 30.19009
C:\Users\ayubb\Pictures\IMG\center_2026_07_29_19_36_20_820.jpg, C:\Users\ayubb\Pictures\IMG\left_2026_07_29_19_36_20_820.jpg, C:\Users\ayubb\Pictures\IMG\right_2026_07_29_19_36_20_820.jpg, 0, 1, 0, 30.19037
C:\Users\ayubb\Pictures\IMG\center_2026_07_29_19_36_20_923.jpg, C:\Users\ayubb\Pictures\IMG\left_2026_07_29_19_36_20_923.jpg, C:\Users\ayubb\Pictures\IMG\right_2026_07_29_19_36_20_923.jpg, 0, 1, 0, 30.19024
C:\Users\ayubb\Pictures\IMG\center_2026_07_29_19_36_21_023.jpg, C:\Users\ayubb\Pictures\IMG\left_2026_07_29_19_36_21_023.jpg, C:\Users\ayubb\Pictures\IMG\right_2026_07_29_19_36_21_023.jpg, 0, 1, 0, 30.19076
C:\Users\ayubb\Pictures\IMG\center_2026_07_29_19_36_21_124.jpg, C:\Users\ayubb\Pictures\IMG\left_2026_07_29_19_36_21_124.jpg, C:\Users\ayubb\Pictures\IMG\right_2026_07_29_19_36_21_124.jpg, 0, 1, 0, 30.19035
C:\Users\ayubb\Pictures\IMG\center_2026_07_29_19_36_21_226.jpg, C:\Users\ayubb\Pictures\IMG\left_2026_07_29_19_36_21_226.jpg, C:\Users\ayubb\Pictures\IMG\right_2026_07_29_19_36_21_226.jpg, 0, 1, 0, 30.19034
C:\Users\ayubb\Pictures\IMG\center_2026_07_29_19_36_21_329.jpg, C:\Users\ayubb\Pictures\IMG\left_2026_07_29_19_36_21_329.jpg, C:\Users\ayubb\Pictures\IMG\right_2026_07_29_19_36_21_329.jpg, 0, 1, 0, 30.19034
C:\Users\ayubb\Pictures\IMG\center_2026_07_29_19_36_21_430.jpg, C:\Users\ayubb\Pictures\IMG\left_2026_07_29_19_36_21_430.jpg, C:\Users\ayubb\Pictures\IMG\right_2026_07_29_19_36_21_430.jpg, 0, 1, 0, 30.19034
C:\Users\ayubb\Pictures\IMG\center_2026_07_29_19_36_21_531.jpg, C:\Users\ayubb\Pictures\IMG\left_2026_07_29_19_36_21_531.jpg, C:\Users\ayubb\Pictures\IMG\right_2026_07_29_19_36_21_531.jpg, 0, 1, 0, 30.19034
C:\Users\ayubb\Pictures\IMG\center_2026_07_29_19_36_21_632.jpg, C:\Users\ayubb\Pictures\IMG\left_2026_07_29_19_36_21_632.jpg, C:\Users\ayubb\Pictures\IMG\right_2026_07_29_19_36_21_632.jpg, -0.0251118, 1, 0, 30.19064
C:\Users\ayubb\Pictures\IMG\center_2026_07_29_19_36_21_733.jpg, C:\Users\ayubb\Pictures\IMG\left_2026_07_29_19_36_21_733.jpg, C:\Users\ayubb\Pictures\IMG\right_2026_07_29_19_36_21_733.jpg, -0.2070579, 1, 0, 30.17914
C:\Users\ayubb\Pictures\IMG\center_2026_07_29_19_36_21_837.jpg, C:\Users\ayubb\Pictures\IMG\left_2026_07_29_19_36_21_837.jpg, C:\Users\ayubb\Pictures\IMG\right_2026_07_29_19_36_21_837.jpg, 0, 1, 0, 30.19033
C:\Users\ayubb\Pictures\IMG\center_2026_07_29_19_36_21_937.jpg, C:\Users\ayubb\Pictures\IMG\left_2026_07_29_19_36_21_937.jpg, C:\Users\ayubb\Pictures\IMG\right_2026_07_29_19_36_21_937.jpg, 0, 1, 0, 30.19033
C:\Users\ayubb\Pictures\IMG\center_2026_07_29_19_36_22_038.jpg, C:\Users\ayubb\Pictures\IMG\left_2026_07_29_19_36_22_038.jpg, C:\Users\ayubb\Pictures\IMG\right_2026_07_29_19_36_22_038.jpg, 0, 1, 0, 30.19033
C:\Users\ayubb\Pictures\IMG\center_2026_07_29_19_36_22_138.jpg, C:\Users\ayubb\Pictures\IMG\left_2026_07_29_19_36_22_138.jpg, C:\Users\ayubb\Pictures\IMG\right_2026_07_29_19_36_22_138.jpg, 0, 1, 0, 30.19028
C:\Users\ayubb\Pictures\IMG\center_2026_07_29_19_36_22_240.jpg, C:\Users\ayubb\Pictures\IMG\left_2026_07_29_19_36_22_240.jpg, C:\Users\ayubb\Pictures\IMG\right_2026_07_29_19_36_22_240.jpg, 0, 1, 0, 30.19028
C:\Users\ayubb\Pictures\IMG\center_2026_07_29_19_36_22_342.jpg, C:\Users\ayubb\Pictures\IMG\left_2026_07_29_19_36_22_342.jpg, C:\Users\ayubb\Pictures\IMG\right_2026_07_29_19_36_22_342.jpg, 0, 1, 0, 30.1903
C:\Users\ayubb\Pictures\IMG\center_2026_07_29_19_36_22_443.jpg, C:\Users\ayubb\Pictures\IMG\left_2026_07_29_19_36_22_443.jpg, C:\Users\ayubb\Pictures\IMG\right_2026_07_29_19_36_22_443.jpg, 0, 1, 0, 30.19024
C:\Users\ayubb\Pictures\IMG\center_2026_07_29_19_36_22_545.jpg, C:\Users\ayubb\Pictures\IMG\left_2026_07_29_19_36_22_545.jpg, C:\Users\ayubb\Pictures\IMG\right_2026_07_29_19_36_22_545.jpg, 0, 1, 0, 30.19023
C:\Users\ayubb\Pictures\IMG\center_2026_07_29_19_36_22_647.jpg, C:\Users\ayubb\Pictures\IMG\left_2026_07_29_19_36_22_647.jpg, C:\Users\ayubb\Pictures\IMG\right_2026_07_29_19_36_22_647.jpg, 0, 1, 0, 30.19029
C:\Users\ayubb\Pictures\IMG\center_2026_07_29_19_36_22_748.jpg, C:\Users\ayubb\Pictures\IMG\left_2026_07_29_19_36_22_748.jpg, C:\Users\ayubb\Pictures\IMG\right_2026_07_29_19_36_22_748.jpg, 0, 1, 0, 30.19028
C:\Users\ayubb\Pictures\IMG\center_2026_07_29_19_36_22_850.jpg, C:\Users\ayubb\Pictures\IMG\left_2026_07_29_19_36_22_850.jpg, C:\Users\ayubb\Pictures\IMG\right_2026_07_29_19_36_22_850.jpg, -0.0991854, 1, 0, 30.18776
C:\Users\ayubb\Pictures\IMG\center_2026_07_29_19_36_22_951.jpg, C:\Users\ayubb\Pictures\IMG\left_2026_07_29_19_36_22_951.jpg, C:\Users\ayubb\Pictures\IMG\right_2026_07_29_19_36_22_951.jpg, -0.247428, 1, 0, 30.17788
C:\Users\ayubb\Pictures\IMG\center_2026_07_29_19_36_23_053.jpg, C:\Users\ayubb\Pictures\IMG\left_2026_07_29_19_36_23_053.jpg, C:\Users\ayubb\Pictures\IMG\right_2026_07_29_19_36_23_053.jpg, 0, 1, 0, 30.18861
C:\Users\ayubb\Pictures\IMG\center_2026_07_29_19_36_23_155.jpg, C:\Users\ayubb\Pictures\IMG\left_2026_07_29_19_36_23_155.jpg, C:\Users\ayubb\Pictures\IMG\right_2026_07_29_19_36_23_155.jpg, 0, 1, 0, 30.19008
C:\Users\ayubb\Pictures\IMG\center_2026_07_29_19_36_23_255.jpg, C:\Users\ayubb\Pictures\IMG\left_2026_07_29_19_36_23_255.jpg, C:\Users\ayubb\Pictures\IMG\right_2026_07_29_19_36_23_255.jpg, 0, 1, 0, 30.1903
C:\Users\ayubb\Pictures\IMG\center_2026_07_29_19_36_23_357.jpg, C:\Users\ayubb\Pictures\IMG\left_2026_07_29_19_36_23_357.jpg, C:\Users\ayubb\Pictures\IMG\right_2026_07_29_19_36_23_357.jpg, 0, 1, 0, 30.19029
C:\Users\ayubb\Pictures\IMG\center_2026_07_29_19_36_23_457.jpg, C:\Users\ayubb\Pictures\IMG\left_2026_07_29_19_36_23_457.jpg, C:\Users\ayubb\Pictures\IMG\right_2026_07_29_19_36_23_457.jpg, 0, 1, 0, 30.1903
C:\Users\ayubb\Pictures\IMG\center_2026_07_29_19_36_23_559.jpg, C:\Users\ayubb\Pictures\IMG\left_2026_07_29_19_36_23_559.jpg, C:\Users\ayubb\Pictures\IMG\right_2026_07_29_19_36_23_559.jpg, 0, 1, 0, 30.19033
C:\Users\ayubb\Pictures\IMG\center_2026_07_29_19_36_23_659.jpg, C:\Users\ayubb\Pictures\IMG\left_2026_07_29_19_36_23_659.jpg, C:\Users\ayubb\Pictures\IMG\right_2026_07_29_19_36_23_659.jpg, 0, 1, 0, 30.19025
C:\Users\ayubb\Pictures\IMG\center_2026_07_29_19_36_23_761.jpg, C:\Users\ayubb\Pictures\IMG\left_2026_07_29_19_36_23_761.jpg, C:\Users\ayubb\Pictures\IMG\right_2026_07_29_19_36_23_761.jpg, 0, 1, 0, 30.19027
C:\Users\ayubb\Pictures\IMG\center_2026_07_29_19_36_23_862.jpg, C:\Users\ayubb\Pictures\IMG\left_2026_07_29_19_36_23_862.jpg, C:\Users\ayubb\Pictures\IMG\right_2026_07_29_19_36_23_862.jpg, 0, 1, 0, 30.19026
C:\Users\ayubb\Pictures\IMG\center_2026_07_29_19_36_23_962.jpg, C:\Users\ayubb\Pictures\IMG\left_2026_07_29_19_36_23_962.jpg, C:\Users\ayubb\Pictures\IMG\right_2026_07_29_19_36_23_962.jpg, 0, 1, 0, 30.19027
C:\Users\ayubb\Pictures\IMG\center_2026_07_29_19_36_24_064.jpg, C:\Users\ayubb\Pictures\IMG\left_2026_07_29_19_36_24_064.jpg, C:\Users\ayubb\Pictures\IMG\right_2026_07_29_19_36_24_064.jpg, 0, 1, 0, 30.19029
C:\Users\ayubb\Pictures\IMG\center_2026_07_29_19_36_24_166.jpg, C:\Users\ayubb\Pictures\IMG\left_2026_07_29_19_36_24_166.jpg, C:\Users\ayubb\Pictures\IMG\right_2026_07_29_19_36_24_166.jpg, 0, 1, 0, 30.19025
C:\Users\ayubb\Pictures\IMG\center_2026_07_29_19_36_24_269.jpg, C:\Users\ayubb\Pictures\IMG\left_2026_07_29_19_36_24_269.jpg, C:\Users\ayubb\Pictures\IMG\right_2026_07_29_19_36_24_269.jpg, 0, 1, 0, 30.19028
C:\Users\ayubb\Pictures\IMG\center_2026_07_29_19_36_24_369.jpg, C:\Users\ayubb\Pictures\IMG\left_2026_07_29_19_36_24_369.jpg, C:\Users\ayubb\Pictures\IMG\right_2026_07_29_19_36_24_369.jpg, 0, 1, 0, 30.19028
C:\Users\ayubb\Pictures\IMG\center_2026_07_29_19_36_24_471.jpg, C:\Users\ayubb\Pictures\IMG\left_2026_07_29_19_36_24_471.jpg, C:\Users\ayubb\Pictures\IMG\right_2026_07_29_19_36_24_471.jpg, 0, 1, 0, 30.19034
C:\Users\ayubb\Pictures\IMG\center_2026_07_29_19_36_24_572.jpg, C:\Users\ayubb\Pictures\IMG\left_2026_07_29_19_36_24_572.jpg, C:\Users\ayubb\Pictures\IMG\right_2026_07_29_19_36_24_572.jpg, 0, 1, 0, 30.19033
C:\Users\ayubb\Pictures\IMG\center_2026_07_29_19_36_24_675.jpg, C:\Users\ayubb\Pictures\IMG\left_2026_07_29_19_36_24_675.jpg, C:\Users\ayubb\Pictures\IMG\right_2026_07_29_19_36_24_675.jpg, 0, 1, 0, 30.19023
C:\Users\ayubb\Pictures\IMG\center_2026_07_29_19_36_24_776.jpg, C:\Users\ayubb\Pictures\IMG\left_2026_07_29_19_36_24_776.jpg, C:\Users\ayubb\Pictures\IMG\right_2026_07_29_19_36_24_776.jpg, 0, 1, 0, 30.19028
C:\Users\ayubb\Pictures\IMG\center_2026_07_29_19_36_24_878.jpg, C:\Users\ayubb\Pictures\IMG\left_2026_07_29_19_36_24_878.jpg, C:\Users\ayubb\Pictures\IMG\right_2026_07_29_19_36_24_878.jpg, -0.1747938, 1, 0, 30.18184
C:\Users\ayubb\Pictures\IMG\center_2026_07_29_19_36_24_978.jpg, C:\Users\ayubb\Pictures\IMG\left_2026_07_29_19_36_24_978.jpg, C:\Users\ayubb\Pictures\IMG\right_2026_07_29_19_36_24_978.jpg, 0, 1, 0, 30.1497
C:\Users\ayubb\Pictures\IMG\center_2026_07_29_19_36_25_079.jpg, C:\Users\ayubb\Pictures\IMG\left_2026_07_29_19_36_25_079.jpg, C:\Users\ayubb\Pictures\IMG\right_2026_07_29_19_36_25_079.jpg, 0, 1, 0, 30.19053
C:\Users\ayubb\Pictures\IMG\center_2026_07_29_19_36_25_180.jpg, C:\Users\ayubb\Pictures\IMG\left_2026_07_29_19_36_25_180.jpg, C:\Users\ayubb\Pictures\IMG\right_2026_07_29_19_36_25_180.jpg, 0, 1, 0, 30.20366
C:\Users\ayubb\Pictures\IMG\center_2026_07_29_19_36_25_282.jpg, C:\Users\ayubb\Pictures\IMG\left_2026_07_29_19_36_25_282.jpg, C:\Users\ayubb\Pictures\IMG\right_2026_07_29_19_36_25_282.jpg, -0.1072932, 1, 0, 30.18535
C:\Users\ayubb\Pictures\IMG\center_2026_07_29_19_36_25_383.jpg, C:\Users\ayubb\Pictures\IMG\left_2026_07_29_19_36_25_383.jpg, C:\Users\ayubb\Pictures\IMG\right_2026_07_29_19_36_25_383.jpg, -0.3389169, 1, 0, 30.16465
C:\Users\ayubb\Pictures\IMG\center_2026_07_29_19_36_25_485.jpg, C:\Users\ayubb\Pictures\IMG\left_2026_07_29_19_36_25_485.jpg, C:\Users\ayubb\Pictures\IMG\right_2026_07_29_19_36_25_485.jpg, -0.03304834, 1, 0, 30.18975
C:\Users\ayubb\Pictures\IMG\center_2026_07_29_19_36_25_587.jpg, C:\Users\ayubb\Pictures\IMG\left_2026_07_29_19_36_25_587.jpg, C:\Users\ayubb\Pictures\IMG\right_2026_07_29_19_36_25_587.jpg, 0, 1, 0, 30.18952
C:\Users\ayubb\Pictures\IMG\center_2026_07_29_19_36_25_690.jpg, C:\Users\ayubb\Pictures\IMG\left_2026_07_29_19_36_25_690.jpg, C:\Users\ayubb\Pictures\IMG\right_2026_07_29_19_36_25_690.jpg, 0.0997401, 1, 0, 30.18596
C:\Users\ayubb\Pictures\IMG\center_2026_07_29_19_36_25_791.jpg, C:\Users\ayubb\Pictures\IMG\left_2026_07_29_19_36_25_791.jpg, C:\Users\ayubb\Pictures\IMG\right_2026_07_29_19_36_25_791.jpg, 0, 1, 0, 30.18991
C:\Users\ayubb\Pictures\IMG\center_2026_07_29_19_36_25_893.jpg, C:\Users\ayubb\Pictures\IMG\left_2026_07_29_19_36_25_893.jpg, C:\Users\ayubb\Pictures\IMG\right_2026_07_29_19_36_25_893.jpg, 0, 1, 0, 30.18991
C:\Users\ayubb\Pictures\IMG\center_2026_07_29_19_36_25_997.jpg, C:\Users\ayubb\Pictures\IMG\left_2026_07_29_19_36_25_997.jpg, C:\Users\ayubb\Pictures\IMG\right_2026_07_29_19_36_25_997.jpg, 0, 1, 0, 30.18996
C:\Users\ayubb\Pictures\IMG\center_2026_07_29_19_36_26_099.jpg, C:\Users\ayubb\Pictures\IMG\left_2026_07_29_19_36_26_099.jpg, C:\Users\ayubb\Pictures\IMG\right_2026_07_29_19_36_26_099.jpg, 0, 1, 0, 30.18997
C:\Users\ayubb\Pictures\IMG\center_2026_07_29_19_36_26_201.jpg, C:\Users\ayubb\Pictures\IMG\left_2026_07_29_19_36_26_201.jpg, C:\Users\ayubb\Pictures\IMG\right_2026_07_29_19_36_26_201.jpg, 0, 1, 0, 30.18996
C:\Users\ayubb\Pictures\IMG\center_2026_07_29_19_36_26_302.jpg, C:\Users\ayubb\Pictures\IMG\left_2026_07_29_19_36_26_302.jpg, C:\Users\ayubb\Pictures\IMG\right_2026_07_29_19_36_26_302.jpg, 0, 1, 0, 30.18998
C:\Users\ayubb\Pictures\IMG\center_2026_07_29_19_36_26_405.jpg, C:\Users\ayubb\Pictures\IMG\left_2026_07_29_19_36_26_405.jpg, C:\Users\ayubb\Pictures\IMG\right_2026_07_29_19_36_26_405.jpg, 0, 1, 0, 30.18998
C:\Users\ayubb\Pictures\IMG\center_2026_07_29_19_36_26_505.jpg, C:\Users\ayubb\Pictures\IMG\left_2026_07_29_19_36_26_505.jpg, C:\Users\ayubb\Pictures\IMG\right_2026_07_29_19_36_26_505.jpg, 0, 1, 0, 30.18997
C:\Users\ayubb\Pictures\IMG\center_2026_07_29_19_36_26_604.jpg, C:\Users\ayubb\Pictures\IMG\left_2026_07_29_19_36_26_604.jpg, C:\Users\ayubb\Pictures\IMG\right_2026_07_29_19_36_26_604.jpg, 0, 1, 0, 30.18997
C:\Users\ayubb\Pictures\IMG\center_2026_07_29_19_36_26_707.jpg, C:\Users\ayubb\Pictures\IMG\left_2026_07_29_19_36_26_707.jpg, C:\Users\ayubb\Pictures\IMG\right_2026_07_29_19_36_26_707.jpg, 0, 1, 0, 30.18999
C:\Users\ayubb\Pictures\IMG\center_2026_07_29_19_36_26_808.jpg, C:\Users\ayubb\Pictures\IMG\left_2026_07_29_19_36_26_808.jpg, C:\Users\ayubb\Pictures\IMG\right_2026_07_29_19_36_26_808.jpg, 0, 1, 0, 30.18997
C:\Users\ayubb\Pictures\IMG\center_2026_07_29_19_36_26_912.jpg, C:\Users\ayubb\Pictures\IMG\left_2026_07_29_19_36_26_912.jpg, C:\Users\ayubb\Pictures\IMG\right_2026_07_29_19_36_26_912.jpg, 0, 1, 0, 30.18998
C:\Users\ayubb\Pictures\IMG\center_2026_07_29_19_36_27_013.jpg, C:\Users\ayubb\Pictures\IMG\left_2026_07_29_19_36_27_013.jpg, C:\Users\ayubb\Pictures\IMG\right_2026_07_29_19_36_27_013.jpg, 0, 1, 0, 30.18999
C:\Users\ayubb\Pictures\IMG\center_2026_07_29_19_36_27_115.jpg, C:\Users\ayubb\Pictures\IMG\left_2026_07_29_19_36_27_115.jpg, C:\Users\ayubb\Pictures\IMG\right_2026_07_29_19_36_27_115.jpg, 0, 1, 0, 30.18996
C:\Users\ayubb\Pictures\IMG\center_2026_07_29_19_36_27_215.jpg, C:\Users\ayubb\Pictures\IMG\left_2026_07_29_19_36_27_215.jpg, C:\Users\ayubb\Pictures\IMG\right_2026_07_29_19_36_27_215.jpg, 0, 1, 0, 30.18998
C:\Users\ayubb\Pictures\IMG\center_2026_07_29_19_36_27_316.jpg, C:\Users\ayubb\Pictures\IMG\left_2026_07_29_19_36_27_316.jpg, C:\Users\ayubb\Pictures\IMG\right_2026_07_29_19_36_27_316.jpg, 0, 1, 0, 30.18999
C:\Users\ayubb\Pictures\IMG\center_2026_07_29_19_36_27_416.jpg, C:\Users\ayubb\Pictures\IMG\left_2026_07_29_19_36_27_416.jpg, C:\Users\ayubb\Pictures\IMG\right_2026_07_29_19_36_27_416.jpg, 0, 1, 0, 30.18999
C:\Users\ayubb\Pictures\IMG\center_2026_07_29_19_36_27_518.jpg, C:\Users\ayubb\Pictures\IMG\left_2026_07_29_19_36_27_518.jpg, C:\Users\ayubb\Pictures\IMG\right_2026_07_29_19_36_27_518.jpg, 0, 1, 0, 30.18997
C:\Users\ayubb\Pictures\IMG\center_2026_07_29_19_36_27_622.jpg, C:\Users\ayubb\Pictures\IMG\left_2026_07_29_19_36_27_622.jpg, C:\Users\ayubb\Pictures\IMG\right_2026_07_29_19_36_27_622.jpg, 0, 1, 0, 30.18998
C:\Users\ayubb\Pictures\IMG\center_2026_07_29_19_36_27_722.jpg, C:\Users\ayubb\Pictures\IMG\left_2026_07_29_19_36_27_722.jpg, C:\Users\ayubb\Pictures\IMG\right_2026_07_29_19_36_27_722.jpg, 0, 1, 0, 30.18997
C:\Users\ayubb\Pictures\IMG\center_2026_07_29_19_36_27_824.jpg, C:\Users\ayubb\Pictures\IMG\left_2026_07_29_19_36_27_824.jpg, C:\Users\ayubb\Pictures\IMG\right_2026_07_29_19_36_27_824.jpg, 0, 1, 0, 30.18996
C:\Users\ayubb\Pictures\IMG\center_2026_07_29_19_36_27_926.jpg, C:\Users\ayubb\Pictures\IMG\left_2026_07_29_19_36_27_926.jpg, C:\Users\ayubb\Pictures\IMG\right_2026_07_29_19_36_27_926.jpg, 0, 1, 0, 30.18995
C:\Users\ayubb\Pictures\IMG\center_2026_07_29_19_36_28_029.jpg, C:\Users\ayubb\Pictures\IMG\left_2026_07_29_19_36_28_029.jpg, C:\Users\ayubb\Pictures\IMG\right_2026_07_29_19_36_28_029.jpg, 0, 1, 0, 30.18999
C:\Users\ayubb\Pictures\IMG\center_2026_07_29_19_36_28_130.jpg, C:\Users\ayubb\Pictures\IMG\left_2026_07_29_19_36_28_130.jpg, C:\Users\ayubb\Pictures\IMG\right_2026_07_29_19_36_28_130.jpg, 0, 1, 0, 30.19
C:\Users\ayubb\Pictures\IMG\center_2026_07_29_19_36_28_231.jpg, C:\Users\ayubb\Pictures\IMG\left_2026_07_29_19_36_28_231.jpg, C:\Users\ayubb\Pictures\IMG\right_2026_07_29_19_36_28_231.jpg, 0.08659801, 1, 0, 30.1881
C:\Users\ayubb\Pictures\IMG\center_2026_07_29_19_36_28_331.jpg, C:\Users\ayubb\Pictures\IMG\left_2026_07_29_19_36_28_331.jpg, C:\Users\ayubb\Pictures\IMG\right_2026_07_29_19_36_28_331.jpg, 0.02208089, 1, 0, 30.19001
C:\Users\ayubb\Pictures\IMG\center_2026_07_29_19_36_28_435.jpg, C:\Users\ayubb\Pictures\IMG\left_2026_07_29_19_36_28_435.jpg, C:\Users\ayubb\Pictures\IMG\right_2026_07_29_19_36_28_435.jpg, 0, 1, 0, 30.18982
C:\Users\ayubb\Pictures\IMG\center_2026_07_29_19_36_28_537.jpg, C:\Users\ayubb\Pictures\IMG\left_2026_07_29_19_36_28_537.jpg, C:\Users\ayubb\Pictures\IMG\right_2026_07_29_19_36_28_537.jpg, 0, 1, 0, 30.18993
C:\Users\ayubb\Pictures\IMG\center_2026_07_29_19_36_28_640.jpg, C:\Users\ayubb\Pictures\IMG\left_2026_07_29_19_36_28_640.jpg, C:\Users\ayubb\Pictures\IMG\right_2026_07_29_19_36_28_640.jpg, -0.1771749, 1, 0, 30.18053
C:\Users\ayubb\Pictures\IMG\center_2026_07_29_19_36_28_741.jpg, C:\Users\ayubb\Pictures\IMG\left_2026_07_29_19_36_28_741.jpg, C:\Users\ayubb\Pictures\IMG\right_2026_07_29_19_36_28_741.jpg, 0, 1, 0, 30.18961
C:\Users\ayubb\Pictures\IMG\center_2026_07_29_19_36_28_843.jpg, C:\Users\ayubb\Pictures\IMG\left_2026_07_29_19_36_28_843.jpg, C:\Users\ayubb\Pictures\IMG\right_2026_07_29_19_36_28_843.jpg, 0, 1, 0, 30.18988
C:\Users\ayubb\Pictures\IMG\center_2026_07_29_19_36_28_946.jpg, C:\Users\ayubb\Pictures\IMG\left_2026_07_29_19_36_28_946.jpg, C:\Users\ayubb\Pictures\IMG\right_2026_07_29_19_36_28_946.jpg, 0.0506898, 1, 0, 30.18915
C:\Users\ayubb\Pictures\IMG\center_2026_07_29_19_36_29_047.jpg, C:\Users\ayubb\Pictures\IMG\left_2026_07_29_19_36_29_047.jpg, C:\Users\ayubb\Pictures\IMG\right_2026_07_29_19_36_29_047.jpg, 0, 1, 0, 30.18981
C:\Users\ayubb\Pictures\IMG\center_2026_07_29_19_36_29_150.jpg, C:\Users\ayubb\Pictures\IMG\left_2026_07_29_19_36_29_150.jpg, C:\Users\ayubb\Pictures\IMG\right_2026_07_29_19_36_29_150.jpg, 0, 1, 0, 30.18995
C:\Users\ayubb\Pictures\IMG\center_2026_07_29_19_36_29_252.jpg, C:\Users\ayubb\Pictures\IMG\left_2026_07_29_19_36_29_252.jpg, C:\Users\ayubb\Pictures\IMG\right_2026_07_29_19_36_29_252.jpg, 0, 1, 0, 30.18995
C:\Users\ayubb\Pictures\IMG\center_2026_07_29_19_36_29_354.jpg, C:\Users\ayubb\Pictures\IMG\left_2026_07_29_19_36_29_354.jpg, C:\Users\ayubb\Pictures\IMG\right_2026_07_29_19_36_29_354.jpg, 0.0105102, 1, 0, 30.18995
C:\Users\ayubb\Pictures\IMG\center_2026_07_29_19_36_29_456.jpg, C:\Users\ayubb\Pictures\IMG\left_2026_07_29_19_36_29_456.jpg, C:\Users\ayubb\Pictures\IMG\right_2026_07_29_19_36_29_456.jpg, 0, 1, 0, 30.18995
C:\Users\ayubb\Pictures\IMG\center_2026_07_29_19_36_29_558.jpg, C:\Users\ayubb\Pictures\IMG\left_2026_07_29_19_36_29_558.jpg, C:\Users\ayubb\Pictures\IMG\right_2026_07_29_19_36_29_558.jpg, 0, 1, 0, 30.18994
C:\Users\ayubb\Pictures\IMG\center_2026_07_29_19_36_29_662.jpg, C:\Users\ayubb\Pictures\IMG\left_2026_07_29_19_36_29_662.jpg, C:\Users\ayubb\Pictures\IMG\right_2026_07_29_19_36_29_662.jpg, 0, 1, 0, 30.18994
C:\Users\ayubb\Pictures\IMG\center_2026_07_29_19_36_29_763.jpg, C:\Users\ayubb\Pictures\IMG\left_2026_07_29_19_36_29_763.jpg, C:\Users\ayubb\Pictures\IMG\right_2026_07_29_19_36_29_763.jpg, 0, 1, 0, 30.18995
C:\Users\ayubb\Pictures\IMG\center_2026_07_29_19_36_29_864.jpg, C:\Users\ayubb\Pictures\IMG\left_2026_07_29_19_36_29_864.jpg, C:\Users\ayubb\Pictures\IMG\right_2026_07_29_19_36_29_864.jpg, 0.0928644, 1, 0, 30.1876
C:\Users\ayubb\Pictures\IMG\center_2026_07_29_19_36_29_967.jpg, C:\Users\ayubb\Pictures\IMG\left_2026_07_29_19_36_29_967.jpg, C:\Users\ayubb\Pictures\IMG\right_2026_07_29_19_36_29_967.jpg, 0, 1, 0, 30.18991
C:\Users\ayubb\Pictures\IMG\center_2026_07_29_19_36_30_070.jpg, C:\Users\ayubb\Pictures\IMG\left_2026_07_29_19_36_30_070.jpg, C:\Users\ayubb\Pictures\IMG\right_2026_07_29_19_36_30_070.jpg, 0, 1, 0, 30.18992
C:\Users\ayubb\Pictures\IMG\center_2026_07_29_19_36_30_172.jpg, C:\Users\ayubb\Pictures\IMG\left_2026_07_29_19_36_30_172.jpg, C:\Users\ayubb\Pictures\IMG\right_2026_07_29_19_36_30_172.jpg, 0, 1, 0, 30.18993
C:\Users\ayubb\Pictures\IMG\center_2026_07_29_19_36_30_273.jpg, C:\Users\ayubb\Pictures\IMG\left_2026_07_29_19_36_30_273.jpg, C:\Users\ayubb\Pictures\IMG\right_2026_07_29_19_36_30_273.jpg, 0, 1, 0, 30.18993
C:\Users\ayubb\Pictures\IMG\center_2026_07_29_19_36_30_374.jpg, C:\Users\ayubb\Pictures\IMG\left_2026_07_29_19_36_30_374.jpg, C:\Users\ayubb\Pictures\IMG\right_2026_07_29_19_36_30_374.jpg, 0, 1, 0, 30.18992
C:\Users\ayubb\Pictures\IMG\center_2026_07_29_19_36_30_477.jpg, C:\Users\ayubb\Pictures\IMG\left_2026_07_29_19_36_30_477.jpg, C:\Users\ayubb\Pictures\IMG\right_2026_07_29_19_36_30_477.jpg, 0, 1, 0, 30.18995
C:\Users\ayubb\Pictures\IMG\center_2026_07_29_19_36_30_578.jpg, C:\Users\ayubb\Pictures\IMG\left_2026_07_29_19_36_30_578.jpg, C:\Users\ayubb\Pictures\IMG\right_2026_07_29_19_36_30_578.jpg, 0, 1, 0, 30.18991
C:\Users\ayubb\Pictures\IMG\center_2026_07_29_19_36_30_680.jpg, C:\Users\ayubb\Pictures\IMG\left_2026_07_29_19_36_30_680.jpg, C:\Users\ayubb\Pictures\IMG\right_2026_07_29_19_36_30_680.jpg, 0, 1, 0, 30.18993
C:\Users\ayubb\Pictures\IMG\center_2026_07_29_19_36_30_781.jpg, C:\Users\ayubb\Pictures\IMG\left_2026_07_29_19_36_30_781.jpg, C:\Users\ayubb\Pictures\IMG\right_2026_07_29_19_36_30_781.jpg, 0, 1, 0, 30.18992
C:\Users\ayubb\Pictures\IMG\center_2026_07_29_19_36_30_882.jpg, C:\Users\ayubb\Pictures\IMG\left_2026_07_29_19_36_30_882.jpg, C:\Users\ayubb\Pictures\IMG\right_2026_07_29_19_36_30_882.jpg, 0, 1, 0, 30.18994
C:\Users\ayubb\Pictures\IMG\center_2026_07_29_19_36_30_983.jpg, C:\Users\ayubb\Pictures\IMG\left_2026_07_29_19_36_30_983.jpg, C:\Users\ayubb\Pictures\IMG\right_2026_07_29_19_36_30_983.jpg, 0, 1, 0, 30.18993
C:\Users\ayubb\Pictures\IMG\center_2026_07_29_19_36_31_083.jpg, C:\Users\ayubb\Pictures\IMG\left_2026_07_29_19_36_31_083.jpg, C:\Users\ayubb\Pictures\IMG\right_2026_07_29_19_36_31_083.jpg, 0, 1, 0, 30.18994
C:\Users\ayubb\Pictures\IMG\center_2026_07_29_19_36_31_185.jpg, C:\Users\ayubb\Pictures\IMG\left_2026_07_29_19_36_31_185.jpg, C:\Users\ayubb\Pictures\IMG\right_2026_07_29_19_36_31_185.jpg, 0, 1, 0, 30.18993
C:\Users\ayubb\Pictures\IMG\center_2026_07_29_19_36_31_289.jpg, C:\Users\ayubb\Pictures\IMG\left_2026_07_29_19_36_31_289.jpg, C:\Users\ayubb\Pictures\IMG\right_2026_07_29_19_36_31_289.jpg, 0, 1, 0, 30.18995
C:\Users\ayubb\Pictures\IMG\center_2026_07_29_19_36_31_390.jpg, C:\Users\ayubb\Pictures\IMG\left_2026_07_29_19_36_31_390.jpg, C:\Users\ayubb\Pictures\IMG\right_2026_07_29_19_36_31_390.jpg, 0, 1, 0, 30.18993
C:\Users\ayubb\Pictures\IMG\center_2026_07_29_19_36_31_492.jpg, C:\Users\ayubb\Pictures\IMG\left_2026_07_29_19_36_31_492.jpg, C:\Users\ayubb\Pictures\IMG\right_2026_07_29_19_36_31_492.jpg, 0, 1, 0, 30.18995
C:\Users\ayubb\Pictures\IMG\center_2026_07_29_19_36_31_593.jpg, C:\Users\ayubb\Pictures\IMG\left_2026_07_29_19_36_31_593.jpg, C:\Users\ayubb\Pictures\IMG\right_2026_07_29_19_36_31_593.jpg, 0, 1, 0, 30.18993
C:\Users\ayubb\Pictures\IMG\center_2026_07_29_19_36_31_695.jpg, C:\Users\ayubb\Pictures\IMG\left_2026_07_29_19_36_31_695.jpg, C:\Users\ayubb\Pictures\IMG\right_2026_07_29_19_36_31_695.jpg, 0, 1, 0, 30.18996
C:\Users\ayubb\Pictures\IMG\center_2026_07_29_19_36_31_798.jpg, C:\Users\ayubb\Pictures\IMG\left_2026_07_29_19_36_31_798.jpg, C:\Users\ayubb\Pictures\IMG\right_2026_07_29_19_36_31_798.jpg, 0, 1, 0, 30.18994
C:\Users\ayubb\Pictures\IMG\center_2026_07_29_19_36_31_900.jpg, C:\Users\ayubb\Pictures\IMG\left_2026_07_29_19_36_31_900.jpg, C:\Users\ayubb\Pictures\IMG\right_2026_07_29_19_36_31_900.jpg, 0, 1, 0, 30.18994
C:\Users\ayubb\Pictures\IMG\center_2026_07_29_19_36_32_003.jpg, C:\Users\ayubb\Pictures\IMG\left_2026_07_29_19_36_32_003.jpg, C:\Users\ayubb\Pictures\IMG\right_2026_07_29_19_36_32_003.jpg, 0, 1, 0, 30.18993
C:\Users\ayubb\Pictures\IMG\center_2026_07_29_19_36_32_103.jpg, C:\Users\ayubb\Pictures\IMG\left_2026_07_29_19_36_32_103.jpg, C:\Users\ayubb\Pictures\IMG\right_2026_07_29_19_36_32_103.jpg, 0, 1, 0, 30.18995
C:\Users\ayubb\Pictures\IMG\center_2026_07_29_19_36_32_203.jpg, C:\Users\ayubb\Pictures\IMG\left_2026_07_29_19_36_32_203.jpg, C:\Users\ayubb\Pictures\IMG\right_2026_07_29_19_36_32_203.jpg, 0, 1, 0, 30.18989
C:\Users\ayubb\Pictures\IMG\center_2026_07_29_19_36_32_304.jpg, C:\Users\ayubb\Pictures\IMG\left_2026_07_29_19_36_32_304.jpg, C:\Users\ayubb\Pictures\IMG\right_2026_07_29_19_36_32_304.jpg, 0, 1, 0, 30.18993
C:\Users\ayubb\Pictures\IMG\center_2026_07_29_19_36_32_408.jpg, C:\Users\ayubb\Pictures\IMG\left_2026_07_29_19_36_32_408.jpg, C:\Users\ayubb\Pictures\IMG\right_2026_07_29_19_36_32_408.jpg, 0, 1, 0, 30.18995
C:\Users\ayubb\Pictures\IMG\center_2026_07_29_19_36_32_509.jpg, C:\Users\ayubb\Pictures\IMG\left_2026_07_29_19_36_32_509.jpg, C:\Users\ayubb\Pictures\IMG\right_2026_07_29_19_36_32_509.jpg, 0, 1, 0, 30.18994
C:\Users\ayubb\Pictures\IMG\center_2026_07_29_19_36_32_610.jpg, C:\Users\ayubb\Pictures\IMG\left_2026_07_29_19_36_32_610.jpg, C:\Users\ayubb\Pictures\IMG\right_2026_07_29_19_36_32_610.jpg, 0, 1, 0, 30.18992
C:\Users\ayubb\Pictures\IMG\center_2026_07_29_19_36_32_713.jpg, C:\Users\ayubb\Pictures\IMG\left_2026_07_29_19_36_32_713.jpg, C:\Users\ayubb\Pictures\IMG\right_2026_07_29_19_36_32_713.jpg, 0, 1, 0, 30.18992
C:\Users\ayubb\Pictures\IMG\center_2026_07_29_19_36_32_814.jpg, C:\Users\ayubb\Pictures\IMG\left_2026_07_29_19_36_32_814.jpg, C:\Users\ayubb\Pictures\IMG\right_2026_07_29_19_36_32_814.jpg, 0, 1, 0, 30.18993
C:\Users\ayubb\Pictures\IMG\center_2026_07_29_19_36_32_914.jpg, C:\Users\ayubb\Pictures\IMG\left_2026_07_29_19_36_32_914.jpg, C:\Users\ayubb\Pictures\IMG\right_2026_07_29_19_36_32_914.jpg, 0, 1, 0, 30.18994
C:\Users\ayubb\Pictures\IMG\center_2026_07_29_19_36_33_015.jpg, C:\Users\ayubb\Pictures\IMG\left_2026_07_29_19_36_33_015.jpg, C:\Users\ayubb\Pictures\IMG\right_2026_07_29_19_36_33_015.jpg, 0, 1, 0, 30.0655
C:\Users\ayubb\Pictures\IMG\center_2026_07_29_19_36_33_115.jpg, C:\Users\ayubb\Pictures\IMG\left_2026_07_29_19_36_33_115.jpg, C:\Users\ayubb\Pictures\IMG\right_2026_07_29_19_36_33_115.jpg, 0, 1, 0, 30.2439
C:\Users\ayubb\Pictures\IMG\center_2026_07_29_19_36_33_217.jpg, C:\Users\ayubb\Pictures\IMG\left_2026_07_29_19_36_33_217.jpg, C:\Users\ayubb\Pictures\IMG\right_2026_07_29_19_36_33_217.jpg, 0, 1, 0, 30.06949
C:\Users\ayubb\Pictures\IMG\center_2026_07_29_19_36_33_318.jpg, C:\Users\ayubb\Pictures\IMG\left_2026_07_29_19_36_33_318.jpg, C:\Users\ayubb\Pictures\IMG\right_2026_07_29_19_36_33_318.jpg, 0, 1, 0, 30.22564
C:\Users\ayubb\Pictures\IMG\center_2026_07_29_19_36_33_420.jpg, C:\Users\ayubb\Pictures\IMG\left_2026_07_29_19_36_33_420.jpg, C:\Users\ayubb\Pictures\IMG\right_2026_07_29_19_36_33_420.jpg, 0, 1, 0, 30.18836
C:\Users\ayubb\Pictures\IMG\center_2026_07_29_19_36_33_521.jpg, C:\Users\ayubb\Pictures\IMG\left_2026_07_29_19_36_33_521.jpg, C:\Users\ayubb\Pictures\IMG\right_2026_07_29_19_36_33_521.jpg, 0, 1, 0, 30.19054
C:\Users\ayubb\Pictures\IMG\center_2026_07_29_19_36_33_622.jpg, C:\Users\ayubb\Pictures\IMG\left_2026_07_29_19_36_33_622.jpg, C:\Users\ayubb\Pictures\IMG\right_2026_07_29_19_36_33_622.jpg, 0, 1, 0, 30.19057
C:\Users\ayubb\Pictures\IMG\center_2026_07_29_19_36_33_723.jpg, C:\Users\ayubb\Pictures\IMG\left_2026_07_29_19_36_33_723.jpg, C:\Users\ayubb\Pictures\IMG\right_2026_07_29_19_36_33_723.jpg, 0, 1, 0, 30.19039
C:\Users\ayubb\Pictures\IMG\center_2026_07_29_19_36_33_826.jpg, C:\Users\ayubb\Pictures\IMG\left_2026_07_29_19_36_33_826.jpg, C:\Users\ayubb\Pictures\IMG\right_2026_07_29_19_36_33_826.jpg, -0.2022774, 1, 0, 30.17934
C:\Users\ayubb\Pictures\IMG\center_2026_07_29_19_36_33_926.jpg, C:\Users\ayubb\Pictures\IMG\left_2026_07_29_19_36_33_926.jpg, C:\Users\ayubb\Pictures\IMG\right_2026_07_29_19_36_33_926.jpg, -0.4001676, 1, 0, 30.15875
C:\Users\ayubb\Pictures\IMG\center_2026_07_29_19_36_34_028.jpg, C:\Users\ayubb\Pictures\IMG\left_2026_07_29_19_36_34_028.jpg, C:\Users\ayubb\Pictures\IMG\right_2026_07_29_19_36_34_028.jpg, -0.1068388, 1, 0, 30.19182
C:\Users\ayubb\Pictures\IMG\center_2026_07_29_19_36_34_129.jpg, C:\Users\ayubb\Pictures\IMG\left_2026_07_29_19_36_34_129.jpg, C:\Users\ayubb\Pictures\IMG\right_2026_07_29_19_36_34_129.jpg, 0, 1, 0, 30.18912
C:\Users\ayubb\Pictures\IMG\center_2026_07_29_19_36_34_231.jpg, C:\Users\ayubb\Pictures\IMG\left_2026_07_29_19_36_34_231.jpg, C:\Users\ayubb\Pictures\IMG\right_2026_07_29_19_36_34_231.jpg, 0, 1, 0, 30.19017
C:\Users\ayubb\Pictures\IMG\center_2026_07_29_19_36_34_332.jpg, C:\Users\ayubb\Pictures\IMG\left_2026_07_29_19_36_34_332.jpg, C:\Users\ayubb\Pictures\IMG\right_2026_07_29_19_36_34_332.jpg, 0, 1, 0, 30.19029
C:\Users\ayubb\Pictures\IMG\center_2026_07_29_19_36_34_432.jpg, C:\Users\ayubb\Pictures\IMG\left_2026_07_29_19_36_34_432.jpg, C:\Users\ayubb\Pictures\IMG\right_2026_07_29_19_36_34_432.jpg, 0, 1, 0, 30.19031
C:\Users\ayubb\Pictures\IMG\center_2026_07_29_19_36_34_534.jpg, C:\Users\ayubb\Pictures\IMG\left_2026_07_29_19_36_34_534.jpg, C:\Users\ayubb\Pictures\IMG\right_2026_07_29_19_36_34_534.jpg, 0, 1, 0, 30.19029
C:\Users\ayubb\Pictures\IMG\center_2026_07_29_19_36_34_634.jpg, C:\Users\ayubb\Pictures\IMG\left_2026_07_29_19_36_34_634.jpg, C:\Users\ayubb\Pictures\IMG\right_2026_07_29_19_36_34_634.jpg, 0, 1, 0, 30.19029
C:\Users\ayubb\Pictures\IMG\center_2026_07_29_19_36_34_736.jpg, C:\Users\ayubb\Pictures\IMG\left_2026_07_29_19_36_34_736.jpg, C:\Users\ayubb\Pictures\IMG\right_2026_07_29_19_36_34_736.jpg, 0, 1, 0, 30.19031
C:\Users\ayubb\Pictures\IMG\center_2026_07_29_19_36_34_836.jpg, C:\Users\ayubb\Pictures\IMG\left_2026_07_29_19_36_34_836.jpg, C:\Users\ayubb\Pictures\IMG\right_2026_07_29_19_36_34_836.jpg, 0, 1, 0, 30.19027
C:\Users\ayubb\Pictures\IMG\center_2026_07_29_19_36_34_937.jpg, C:\Users\ayubb\Pictures\IMG\left_2026_07_29_19_36_34_937.jpg, C:\Users\ayubb\Pictures\IMG\right_2026_07_29_19_36_34_937.jpg, 0, 1, 0, 30.19029
C:\Users\ayubb\Pictures\IMG\center_2026_07_29_19_36_35_039.jpg, C:\Users\ayubb\Pictures\IMG\left_2026_07_29_19_36_35_039.jpg, C:\Users\ayubb\Pictures\IMG\right_2026_07_29_19_36_35_039.jpg, 0, 1, 0, 30.19028
C:\Users\ayubb\Pictures\IMG\center_2026_07_29_19_36_35_141.jpg, C:\Users\ayubb\Pictures\IMG\left_2026_07_29_19_36_35_141.jpg, C:\Users\ayubb\Pictures\IMG\right_2026_07_29_19_36_35_141.jpg, 0, 1, 0, 30.19028
C:\Users\ayubb\Pictures\IMG\center_2026_07_29_19_36_35_243.jpg, C:\Users\ayubb\Pictures\IMG\left_2026_07_29_19_36_35_243.jpg, C:\Users\ayubb\Pictures\IMG\right_2026_07_29_19_36_35_243.jpg, -0.0670485, 1, 0, 30.18923
C:\Users\ayubb\Pictures\IMG\center_2026_07_29_19_36_35_346.jpg, C:\Users\ayubb\Pictures\IMG\left_2026_07_29_19_36_35_346.jpg, C:\Users\ayubb\Pictures\IMG\right_2026_07_29_19_36_35_346.jpg, -0.247431, 1, 0, 30.17541
C:\Users\ayubb\Pictures\IMG\center_2026_07_29_19_36_35_449.jpg, C:\Users\ayubb\Pictures\IMG\left_2026_07_29_19_36_35_449.jpg, C:\Users\ayubb\Pictures\IMG\right_2026_07_29_19_36_35_449.jpg, 0, 1, 0, 30.18906
C:\Users\ayubb\Pictures\IMG\center_2026_07_29_19_36_35_550.jpg, C:\Users\ayubb\Pictures\IMG\left_2026_07_29_19_36_35_550.jpg, C:\Users\ayubb\Pictures\IMG\right_2026_07_29_19_36_35_550.jpg, 0, 1, 0, 30.19009
C:\Users\ayubb\Pictures\IMG\center_2026_07_29_19_36_35_652.jpg, C:\Users\ayubb\Pictures\IMG\left_2026_07_29_19_36_35_652.jpg, C:\Users\ayubb\Pictures\IMG\right_2026_07_29_19_36_35_652.jpg, -0.0436332, 1, 0, 30.19025
C:\Users\ayubb\Pictures\IMG\center_2026_07_29_19_36_35_754.jpg, C:\Users\ayubb\Pictures\IMG\left_2026_07_29_19_36_35_754.jpg, C:\Users\ayubb\Pictures\IMG\right_2026_07_29_19_36_35_754.jpg, -0.346761, 1, 0, 30.16335
C:\Users\ayubb\Pictures\IMG\center_2026_07_29_19_36_35_857.jpg, C:\Users\ayubb\Pictures\IMG\left_2026_07_29_19_36_35_857.jpg, C:\Users\ayubb\Pictures\IMG\right_2026_07_29_19_36_35_857.jpg, -0.08453887, 1, 0, 30.19153
C:\Users\ayubb\Pictures\IMG\center_2026_07_29_19_36_35_960.jpg, C:\Users\ayubb\Pictures\IMG\left_2026_07_29_19_36_35_960.jpg, C:\Users\ayubb\Pictures\IMG\right_2026_07_29_19_36_35_960.jpg, 0, 1, 0, 30.1894
C:\Users\ayubb\Pictures\IMG\center_2026_07_29_19_36_36_060.jpg, C:\Users\ayubb\Pictures\IMG\left_2026_07_29_19_36_36_060.jpg, C:\Users\ayubb\Pictures\IMG\right_2026_07_29_19_36_36_060.jpg, -0.2899608, 1, 0, 30.17418
C:\Users\ayubb\Pictures\IMG\center_2026_07_29_19_36_36_163.jpg, C:\Users\ayubb\Pictures\IMG\left_2026_07_29_19_36_36_163.jpg, C:\Users\ayubb\Pictures\IMG\right_2026_07_29_19_36_36_163.jpg, -0.2440541, 1, 0, 30.18831
C:\Users\ayubb\Pictures\IMG\center_2026_07_29_19_36_36_264.jpg, C:\Users\ayubb\Pictures\IMG\left_2026_07_29_19_36_36_264.jpg, C:\Users\ayubb\Pictures\IMG\right_2026_07_29_19_36_36_264.jpg, 0, 1, 0, 30.1874
C:\Users\ayubb\Pictures\IMG\center_2026_07_29_19_36_36_366.jpg, C:\Users\ayubb\Pictures\IMG\left_2026_07_29_19_36_36_366.jpg, C:\Users\ayubb\Pictures\IMG\right_2026_07_29_19_36_36_366.jpg, -0.0650928, 1, 0, 30.19009
C:\Users\ayubb\Pictures\IMG\center_2026_07_29_19_36_36_467.jpg, C:\Users\ayubb\Pictures\IMG\left_2026_07_29_19_36_36_467.jpg, C:\Users\ayubb\Pictures\IMG\right_2026_07_29_19_36_36_467.jpg, -0.3430404, 1, 0, 30.16736
C:\Users\ayubb\Pictures\IMG\center_2026_07_29_19_36_36_569.jpg, C:\Users\ayubb\Pictures\IMG\left_2026_07_29_19_36_36_569.jpg, C:\Users\ayubb\Pictures\IMG\right_2026_07_29_19_36_36_569.jpg, -0.0466137, 1, 0, 30.19082
C:\Users\ayubb\Pictures\IMG\center_2026_07_29_19_36_36_669.jpg, C:\Users\ayubb\Pictures\IMG\left_2026_07_29_19_36_36_669.jpg, C:\Users\ayubb\Pictures\IMG\right_2026_07_29_19_36_36_669.jpg, 0, 1, 0, 30.19016
C:\Users\ayubb\Pictures\IMG\center_2026_07_29_19_36_36_771.jpg, C:\Users\ayubb\Pictures\IMG\left_2026_07_29_19_36_36_771.jpg, C:\Users\ayubb\Pictures\IMG\right_2026_07_29_19_36_36_771.jpg, 0, 1, 0, 30.18986
C:\Users\ayubb\Pictures\IMG\center_2026_07_29_19_36_36_872.jpg, C:\Users\ayubb\Pictures\IMG\left_2026_07_29_19_36_36_872.jpg, C:\Users\ayubb\Pictures\IMG\right_2026_07_29_19_36_36_872.jpg, 0, 1, 0, 30.19048
C:\Users\ayubb\Pictures\IMG\center_2026_07_29_19_36_36_973.jpg, C:\Users\ayubb\Pictures\IMG\left_2026_07_29_19_36_36_973.jpg, C:\Users\ayubb\Pictures\IMG\right_2026_07_29_19_36_36_973.jpg, -0.2370411, 1, 0, 30.17624
C:\Users\ayubb\Pictures\IMG\center_2026_07_29_19_36_37_075.jpg, C:\Users\ayubb\Pictures\IMG\left_2026_07_29_19_36_37_075.jpg, C:\Users\ayubb\Pictures\IMG\right_2026_07_29_19_36_37_075.jpg, 0, 1, 0, 30.18956
C:\Users\ayubb\Pictures\IMG\center_2026_07_29_19_36_37_178.jpg, C:\Users\ayubb\Pictures\IMG\left_2026_07_29_19_36_37_178.jpg, C:\Users\ayubb\Pictures\IMG\right_2026_07_29_19_36_37_178.jpg, -0.095397, 1, 0, 30.18946
C:\Users\ayubb\Pictures\IMG\center_2026_07_29_19_36_37_281.jpg, C:\Users\ayubb\Pictures\IMG\left_2026_07_29_19_36_37_281.jpg, C:\Users\ayubb\Pictures\IMG\right_2026_07_29_19_36_37_281.jpg, -0.160383, 1, 0, 30.1883
C:\Users\ayubb\Pictures\IMG\center_2026_07_29_19_36_37_382.jpg, C:\Users\ayubb\Pictures\IMG\left_2026_07_29_19_36_37_382.jpg, C:\Users\ayubb\Pictures\IMG\right_2026_07_29_19_36_37_382.jpg, 0, 1, 0, 30.19007
C:\Users\ayubb\Pictures\IMG\center_2026_07_29_19_36_37_485.jpg, C:\Users\ayubb\Pictures\IMG\left_2026_07_29_19_36_37_485.jpg, C:\Users\ayubb\Pictures\IMG\right_2026_07_29_19_36_37_485.jpg, -0.3007245, 1, 0, 30.171
C:\Users\ayubb\Pictures\IMG\center_2026_07_29_19_36_37_587.jpg, C:\Users\ayubb\Pictures\IMG\left_2026_07_29_19_36_37_587.jpg, C:\Users\ayubb\Pictures\IMG\right_2026_07_29_19_36_37_587.jpg, -0.04344516, 1, 0, 30.19126
C:\Users\ayubb\Pictures\IMG\center_2026_07_29_19_36_37_689.jpg, C:\Users\ayubb\Pictures\IMG\left_2026_07_29_19_36_37_689.jpg, C:\Users\ayubb\Pictures\IMG\right_2026_07_29_19_36_37_689.jpg, -0.1192437, 1, 0, 30.18869
C:\Users\ayubb\Pictures\IMG\center_2026_07_29_19_36_37_790.jpg, C:\Users\ayubb\Pictures\IMG\left_2026_07_29_19_36_37_790.jpg, C:\Users\ayubb\Pictures\IMG\right_2026_07_29_19_36_37_790.jpg, -0.4173432, 1, 0, 30.15629
C:\Users\ayubb\Pictures\IMG\center_2026_07_29_19_36_37_892.jpg, C:\Users\ayubb\Pictures\IMG\left_2026_07_29_19_36_37_892.jpg, C:\Users\ayubb\Pictures\IMG\right_2026_07_29_19_36_37_892.jpg, -0.7176335, 1, 0, 30.11492
C:\Users\ayubb\Pictures\IMG\center_2026_07_29_19_36_37_993.jpg, C:\Users\ayubb\Pictures\IMG\left_2026_07_29_19_36_37_993.jpg, C:\Users\ayubb\Pictures\IMG\right_2026_07_29_19_36_37_993.jpg, -0.6732427, 1, 0, 30.15831
C:\Users\ayubb\Pictures\IMG\center_2026_07_29_19_36_38_095.jpg, C:\Users\ayubb\Pictures\IMG\left_2026_07_29_19_36_38_095.jpg, C:\Users\ayubb\Pictures\IMG\right_2026_07_29_19_36_38_095.jpg, -0.3674652, 1, 0, 30.19997
C:\Users\ayubb\Pictures\IMG\center_2026_07_29_19_36_38_198.jpg, C:\Users\ayubb\Pictures\IMG\left_2026_07_29_19_36_38_198.jpg, C:\Users\ayubb\Pictures\IMG\right_2026_07_29_19_36_38_198.jpg, -0.01183589, 1, 0, 30.18494
C:\Users\ayubb\Pictures\IMG\center_2026_07_29_19_36_38_301.jpg, C:\Users\ayubb\Pictures\IMG\left_2026_07_29_19_36_38_301.jpg, C:\Users\ayubb\Pictures\IMG\right_2026_07_29_19_36_38_301.jpg, 0, 1, 0, 30.1884
C:\Users\ayubb\Pictures\IMG\center_2026_07_29_19_36_38_401.jpg, C:\Users\ayubb\Pictures\IMG\left_2026_07_29_19_36_38_401.jpg, C:\Users\ayubb\Pictures\IMG\right_2026_07_29_19_36_38_401.jpg, 0, 1, 0, 30.19007
C:\Users\ayubb\Pictures\IMG\center_2026_07_29_19_36_38_501.jpg, C:\Users\ayubb\Pictures\IMG\left_2026_07_29_19_36_38_501.jpg, C:\Users\ayubb\Pictures\IMG\right_2026_07_29_19_36_38_501.jpg, 0, 1, 0, 30.1905
C:\Users\ayubb\Pictures\IMG\center_2026_07_29_19_36_38_603.jpg, C:\Users\ayubb\Pictures\IMG\left_2026_07_29_19_36_38_603.jpg, C:\Users\ayubb\Pictures\IMG\right_2026_07_29_19_36_38_603.jpg, 0, 1, 0, 30.18783
C:\Users\ayubb\Pictures\IMG\center_2026_07_29_19_36_38_706.jpg, C:\Users\ayubb\Pictures\IMG\left_2026_07_29_19_36_38_706.jpg, C:\Users\ayubb\Pictures\IMG\right_2026_07_29_19_36_38_706.jpg, -0.1838187, 1, 0, 30.18225
C:\Users\ayubb\Pictures\IMG\center_2026_07_29_19_36_38_807.jpg, C:\Users\ayubb\Pictures\IMG\left_2026_07_29_19_36_38_807.jpg, C:\Users\ayubb\Pictures\IMG\right_2026_07_29_19_36_38_807.jpg, -0.4847458, 1, 0, 30.14277
C:\Users\ayubb\Pictures\IMG\center_2026_07_29_19_36_38_908.jpg, C:\Users\ayubb\Pictures\IMG\left_2026_07_29_19_36_38_908.jpg, C:\Users\ayubb\Pictures\IMG\right_2026_07_29_19_36_38_908.jpg, -0.6180778, 1, 0, 30.13601
C:\Users\ayubb\Pictures\IMG\center_2026_07_29_19_36_39_010.jpg, C:\Users\ayubb\Pictures\IMG\left_2026_07_29_19_36_39_010.jpg, C:\Users\ayubb\Pictures\IMG\right_2026_07_29_19_36_39_010.jpg, -0.3138277, 1, 0, 30.19458
C:\Users\ayubb\Pictures\IMG\center_2026_07_29_19_36_39_113.jpg, C:\Users\ayubb\Pictures\IMG\left_2026_07_29_19_36_39_113.jpg, C:\Users\ayubb\Pictures\IMG\right_2026_07_29_19_36_39_113.jpg, -0.01505318, 1, 0, 30.1885
C:\Users\ayubb\Pictures\IMG\center_2026_07_29_19_36_39_218.jpg, C:\Users\ayubb\Pictures\IMG\left_2026_07_29_19_36_39_218.jpg, C:\Users\ayubb\Pictures\IMG\right_2026_07_29_19_36_39_218.jpg, 0, 1, 0, 30.18809
C:\Users\ayubb\Pictures\IMG\center_2026_07_29_19_36_39_321.jpg, C:\Users\ayubb\Pictures\IMG\left_2026_07_29_19_36_39_321.jpg, C:\Users\ayubb\Pictures\IMG\right_2026_07_29_19_36_39_321.jpg, 0, 1, 0, 30.18971
C:\Users\ayubb\Pictures\IMG\center_2026_07_29_19_36_39_422.jpg, C:\Users\ayubb\Pictures\IMG\left_2026_07_29_19_36_39_422.jpg, C:\Users\ayubb\Pictures\IMG\right_2026_07_29_19_36_39_422.jpg, 0, 1, 0, 30.19055
C:\Users\ayubb\Pictures\IMG\center_2026_07_29_19_36_39_526.jpg, C:\Users\ayubb\Pictures\IMG\left_2026_07_29_19_36_39_526.jpg, C:\Users\ayubb\Pictures\IMG\right_2026_07_29_19_36_39_526.jpg, 0, 1, 0, 30.19037
C:\Users\ayubb\Pictures\IMG\center_2026_07_29_19_36_39_626.jpg, C:\Users\ayubb\Pictures\IMG\left_2026_07_29_19_36_39_626.jpg, C:\Users\ayubb\Pictures\IMG\right_2026_07_29_19_36_39_626.jpg, 0, 1, 0, 30.1902
C:\Users\ayubb\Pictures\IMG\center_2026_07_29_19_36_39_727.jpg, C:\Users\ayubb\Pictures\IMG\left_2026_07_29_19_36_39_727.jpg, C:\Users\ayubb\Pictures\IMG\right_2026_07_29_19_36_39_727.jpg, -0.1601607, 1, 0, 30.18288
C:\Users\ayubb\Pictures\IMG\center_2026_07_29_19_36_39_829.jpg, C:\Users\ayubb\Pictures\IMG\left_2026_07_29_19_36_39_829.jpg, C:\Users\ayubb\Pictures\IMG\right_2026_07_29_19_36_39_829.jpg, -0.4574881, 1, 0, 30.14734
C:\Users\ayubb\Pictures\IMG\center_2026_07_29_19_36_39_930.jpg, C:\Users\ayubb\Pictures\IMG\left_2026_07_29_19_36_39_930.jpg, C:\Users\ayubb\Pictures\IMG\right_2026_07_29_19_36_39_930.jpg, -0.5021003, 1, 0, 30.16574
C:\Users\ayubb\Pictures\IMG\center_2026_07_29_19_36_40_033.jpg, C:\Users\ayubb\Pictures\IMG\left_2026_07_29_19_36_40_033.jpg, C:\Users\ayubb\Pictures\IMG\right_2026_07_29_19_36_40_033.jpg, -0.1995834, 1, 0, 30.19498
C:\Users\ayubb\Pictures\IMG\center_2026_07_29_19_36_40_135.jpg, C:\Users\ayubb\Pictures\IMG\left_2026_07_29_19_36_40_135.jpg, C:\Users\ayubb\Pictures\IMG\right_2026_07_29_19_36_40_135.jpg, 0, 1, 0, 30.18714
C:\Users\ayubb\Pictures\IMG\center_2026_07_29_19_36_40_238.jpg, C:\Users\ayubb\Pictures\IMG\left_2026_07_29_19_36_40_238.jpg, C:\Users\ayubb\Pictures\IMG\right_2026_07_29_19_36_40_238.jpg, 0, 1, 0, 30.18999
C:\Users\ayubb\Pictures\IMG\center_2026_07_29_19_36_40_339.jpg, C:\Users\ayubb\Pictures\IMG\left_2026_07_29_19_36_40_339.jpg, C:\Users\ayubb\Pictures\IMG\right_2026_07_29_19_36_40_339.jpg, 0, 1, 0, 30.19069
C:\Users\ayubb\Pictures\IMG\center_2026_07_29_19_36_40_440.jpg, C:\Users\ayubb\Pictures\IMG\left_2026_07_29_19_36_40_440.jpg, C:\Users\ayubb\Pictures\IMG\right_2026_07_29_19_36_40_440.jpg, 0, 1, 0, 30.18999
C:\Users\ayubb\Pictures\IMG\center_2026_07_29_19_36_40_543.jpg, C:\Users\ayubb\Pictures\IMG\left_2026_07_29_19_36_40_543.jpg, C:\Users\ayubb\Pictures\IMG\right_2026_07_29_19_36_40_543.jpg, 0, 1, 0, 30.19048
C:\Users\ayubb\Pictures\IMG\center_2026_07_29_19_36_40_644.jpg, C:\Users\ayubb\Pictures\IMG\left_2026_07_29_19_36_40_644.jpg, C:\Users\ayubb\Pictures\IMG\right_2026_07_29_19_36_40_644.jpg, 0, 1, 0, 30.19019
C:\Users\ayubb\Pictures\IMG\center_2026_07_29_19_36_40_747.jpg, C:\Users\ayubb\Pictures\IMG\left_2026_07_29_19_36_40_747.jpg, C:\Users\ayubb\Pictures\IMG\right_2026_07_29_19_36_40_747.jpg, -0.0768951, 1, 0, 30.18888
C:\Users\ayubb\Pictures\IMG\center_2026_07_29_19_36_40_848.jpg, C:\Users\ayubb\Pictures\IMG\left_2026_07_29_19_36_40_848.jpg, C:\Users\ayubb\Pictures\IMG\right_2026_07_29_19_36_40_848.jpg, -0.1552614, 1, 0, 30.18687
C:\Users\ayubb\Pictures\IMG\center_2026_07_29_19_36_40_948.jpg, C:\Users\ayubb\Pictures\IMG\left_2026_07_29_19_36_40_948.jpg, C:\Users\ayubb\Pictures\IMG\right_2026_07_29_19_36_40_948.jpg, 0, 1, 0, 30.18992
C:\Users\ayubb\Pictures\IMG\center_2026_07_29_19_36_41_051.jpg, C:\Users\ayubb\Pictures\IMG\left_2026_07_29_19_36_41_051.jpg, C:\Users\ayubb\Pictures\IMG\right_2026_07_29_19_36_41_051.jpg, 0, 1, 0, 30.19016
C:\Users\ayubb\Pictures\IMG\center_2026_07_29_19_36_41_151.jpg, C:\Users\ayubb\Pictures\IMG\left_2026_07_29_19_36_41_151.jpg, C:\Users\ayubb\Pictures\IMG\right_2026_07_29_19_36_41_151.jpg, 0, 1, 0, 30.19055
C:\Users\ayubb\Pictures\IMG\center_2026_07_29_19_36_41_254.jpg, C:\Users\ayubb\Pictures\IMG\left_2026_07_29_19_36_41_254.jpg, C:\Users\ayubb\Pictures\IMG\right_2026_07_29_19_36_41_254.jpg, 0, 1, 0, 30.19031
C:\Users\ayubb\Pictures\IMG\center_2026_07_29_19_36_41_353.jpg, C:\Users\ayubb\Pictures\IMG\left_2026_07_29_19_36_41_353.jpg, C:\Users\ayubb\Pictures\IMG\right_2026_07_29_19_36_41_353.jpg, 0, 1, 0, 30.18978
C:\Users\ayubb\Pictures\IMG\center_2026_07_29_19_36_41_454.jpg, C:\Users\ayubb\Pictures\IMG\left_2026_07_29_19_36_41_454.jpg, C:\Users\ayubb\Pictures\IMG\right_2026_07_29_19_36_41_454.jpg, 0, 1, 0, 30.19038
C:\Users\ayubb\Pictures\IMG\center_2026_07_29_19_36_41_557.jpg, C:\Users\ayubb\Pictures\IMG\left_2026_07_29_19_36_41_557.jpg, C:\Users\ayubb\Pictures\IMG\right_2026_07_29_19_36_41_557.jpg, 0, 1, 0, 30.18987
C:\Users\ayubb\Pictures\IMG\center_2026_07_29_19_36_41_659.jpg, C:\Users\ayubb\Pictures\IMG\left_2026_07_29_19_36_41_659.jpg, C:\Users\ayubb\Pictures\IMG\right_2026_07_29_19_36_41_659.jpg, 0, 1, 0, 30.19043
C:\Users\ayubb\Pictures\IMG\center_2026_07_29_19_36_41_760.jpg, C:\Users\ayubb\Pictures\IMG\left_2026_07_29_19_36_41_760.jpg, C:\Users\ayubb\Pictures\IMG\right_2026_07_29_19_36_41_760.jpg, 0, 1, 0, 30.1906
C:\Users\ayubb\Pictures\IMG\center_2026_07_29_19_36_41_863.jpg, C:\Users\ayubb\Pictures\IMG\left_2026_07_29_19_36_41_863.jpg, C:\Users\ayubb\Pictures\IMG\right_2026_07_29_19_36_41_863.jpg, 0, 1, 0, 30.19034
C:\Users\ayubb\Pictures\IMG\center_2026_07_29_19_36_41_967.jpg, C:\Users\ayubb\Pictures\IMG\left_2026_07_29_19_36_41_967.jpg, C:\Users\ayubb\Pictures\IMG\right_2026_07_29_19_36_41_967.jpg, 0, 1, 0, 30.19047
C:\Users\ayubb\Pictures\IMG\center_2026_07_29_19_36_42_071.jpg, C:\Users\ayubb\Pictures\IMG\left_2026_07_29_19_36_42_071.jpg, C:\Users\ayubb\Pictures\IMG\right_2026_07_29_19_36_42_071.jpg, 0, 1, 0, 30.1904
C:\Users\ayubb\Pictures\IMG\center_2026_07_29_19_36_42_172.jpg, C:\Users\ayubb\Pictures\IMG\left_2026_07_29_19_36_42_172.jpg, C:\Users\ayubb\Pictures\IMG\right_2026_07_29_19_36_42_172.jpg, 0, 1, 0, 30.19025
C:\Users\ayubb\Pictures\IMG\center_2026_07_29_19_36_42_275.jpg, C:\Users\ayubb\Pictures\IMG\left_2026_07_29_19_36_42_275.jpg, C:\Users\ayubb\Pictures\IMG\right_2026_07_29_19_36_42_275.jpg, 0, 1, 0, 30.1903
C:\Users\ayubb\Pictures\IMG\center_2026_07_29_19_36_42_374.jpg, C:\Users\ayubb\Pictures\IMG\left_2026_07_29_19_36_42_374.jpg, C:\Users\ayubb\Pictures\IMG\right_2026_07_29_19_36_42_374.jpg, -0.08854441, 1, 0, 30.18837
C:\Users\ayubb\Pictures\IMG\center_2026_07_29_19_36_42_476.jpg, C:\Users\ayubb\Pictures\IMG\left_2026_07_29_19_36_42_476.jpg, C:\Users\ayubb\Pictures\IMG\right_2026_07_29_19_36_42_476.jpg, -0.1415949, 1, 0, 30.18869
C:\Users\ayubb\Pictures\IMG\center_2026_07_29_19_36_42_576.jpg, C:\Users\ayubb\Pictures\IMG\left_2026_07_29_19_36_42_576.jpg, C:\Users\ayubb\Pictures\IMG\right_2026_07_29_19_36_42_576.jpg, 0, 1, 0, 30.18995
C:\Users\ayubb\Pictures\IMG\center_2026_07_29_19_36_42_680.jpg, C:\Users\ayubb\Pictures\IMG\left_2026_07_29_19_36_42_680.jpg, C:\Users\ayubb\Pictures\IMG\right_2026_07_29_19_36_42_680.jpg, 0, 1, 0, 30.19027
C:\Users\ayubb\Pictures\IMG\center_2026_07_29_19_36_42_781.jpg, C:\Users\ayubb\Pictures\IMG\left_2026_07_29_19_36_42_781.jpg, C:\Users\ayubb\Pictures\IMG\right_2026_07_29_19_36_42_781.jpg, 0, 1, 0, 30.19031
C:\Users\ayubb\Pictures\IMG\center_2026_07_29_19_36_42_882.jpg, C:\Users\ayubb\Pictures\IMG\left_2026_07_29_19_36_42_882.jpg, C:\Users\ayubb\Pictures\IMG\right_2026_07_29_19_36_42_882.jpg, 0, 1, 0, 30.19033
C:\Users\ayubb\Pictures\IMG\center_2026_07_29_19_36_42_983.jpg, C:\Users\ayubb\Pictures\IMG\left_2026_07_29_19_36_42_983.jpg, C:\Users\ayubb\Pictures\IMG\right_2026_07_29_19_36_42_983.jpg, 0, 1, 0, 30.19028
C:\Users\ayubb\Pictures\IMG\center_2026_07_29_19_36_43_086.jpg, C:\Users\ayubb\Pictures\IMG\left_2026_07_29_19_36_43_086.jpg, C:\Users\ayubb\Pictures\IMG\right_2026_07_29_19_36_43_086.jpg, 0, 1, 0, 30.1903
C:\Users\ayubb\Pictures\IMG\center_2026_07_29_19_36_43_189.jpg, C:\Users\ayubb\Pictures\IMG\left_2026_07_29_19_36_43_189.jpg, C:\Users\ayubb\Pictures\IMG\right_2026_07_29_19_36_43_189.jpg, 0, 1, 0, 30.19029
C:\Users\ayubb\Pictures\IMG\center_2026_07_29_19_36_43_291.jpg, C:\Users\ayubb\Pictures\IMG\left_2026_07_29_19_36_43_291.jpg, C:\Users\ayubb\Pictures\IMG\right_2026_07_29_19_36_43_291.jpg, 0, 1, 0, 30.19028
C:\Users\ayubb\Pictures\IMG\center_2026_07_29_19_36_43_394.jpg, C:\Users\ayubb\Pictures\IMG\left_2026_07_29_19_36_43_394.jpg, C:\Users\ayubb\Pictures\IMG\right_2026_07_29_19_36_43_394.jpg, 0, 1, 0, 30.19029
C:\Users\ayubb\Pictures\IMG\center_2026_07_29_19_36_43_497.jpg, C:\Users\ayubb\Pictures\IMG\left_2026_07_29_19_36_43_497.jpg, C:\Users\ayubb\Pictures\IMG\right_2026_07_29_19_36_43_497.jpg, 0, 1, 0, 30.19028
C:\Users\ayubb\Pictures\IMG\center_2026_07_29_19_36_43_598.jpg, C:\Users\ayubb\Pictures\IMG\left_2026_07_29_19_36_43_598.jpg, C:\Users\ayubb\Pictures\IMG\right_2026_07_29_19_36_43_598.jpg, 0, 1, 0, 30.1903
C:\Users\ayubb\Pictures\IMG\center_2026_07_29_19_36_43_700.jpg, C:\Users\ayubb\Pictures\IMG\left_2026_07_29_19_36_43_700.jpg, C:\Users\ayubb\Pictures\IMG\right_2026_07_29_19_36_43_700.jpg, 0, 1, 0, 30.1903
C:\Users\ayubb\Pictures\IMG\center_2026_07_29_19_36_43_802.jpg, C:\Users\ayubb\Pictures\IMG\left_2026_07_29_19_36_43_802.jpg, C:\Users\ayubb\Pictures\IMG\right_2026_07_29_19_36_43_802.jpg, 0, 1, 0, 30.1903
C:\Users\ayubb\Pictures\IMG\center_2026_07_29_19_36_43_905.jpg, C:\Users\ayubb\Pictures\IMG\left_2026_07_29_19_36_43_905.jpg, C:\Users\ayubb\Pictures\IMG\right_2026_07_29_19_36_43_905.jpg, 0, 1, 0, 30.19031
C:\Users\ayubb\Pictures\IMG\center_2026_07_29_19_36_44_007.jpg, C:\Users\ayubb\Pictures\IMG\left_2026_07_29_19_36_44_007.jpg, C:\Users\ayubb\Pictures\IMG\right_2026_07_29_19_36_44_007.jpg, 0, 1, 0, 30.19032
C:\Users\ayubb\Pictures\IMG\center_2026_07_29_19_36_44_108.jpg, C:\Users\ayubb\Pictures\IMG\left_2026_07_29_19_36_44_108.jpg, C:\Users\ayubb\Pictures\IMG\right_2026_07_29_19_36_44_108.jpg, 0, 1, 0, 30.19029
C:\Users\ayubb\Pictures\IMG\center_2026_07_29_19_36_44_208.jpg, C:\Users\ayubb\Pictures\IMG\left_2026_07_29_19_36_44_208.jpg, C:\Users\ayubb\Pictures\IMG\right_2026_07_29_19_36_44_208.jpg, 0, 1, 0, 30.19029
C:\Users\ayubb\Pictures\IMG\center_2026_07_29_19_36_44_309.jpg, C:\Users\ayubb\Pictures\IMG\left_2026_07_29_19_36_44_309.jpg, C:\Users\ayubb\Pictures\IMG\right_2026_07_29_19_36_44_309.jpg, 0, 1, 0, 30.19065
C:\Users\ayubb\Pictures\IMG\center_2026_07_29_19_36_44_409.jpg, C:\Users\ayubb\Pictures\IMG\left_2026_07_29_19_36_44_409.jpg, C:\Users\ayubb\Pictures\IMG\right_2026_07_29_19_36_44_409.jpg, 0, 1, 0, 30.18966
C:\Users\ayubb\Pictures\IMG\center_2026_07_29_19_36_44_511.jpg, C:\Users\ayubb\Pictures\IMG\left_2026_07_29_19_36_44_511.jpg, C:\Users\ayubb\Pictures\IMG\right_2026_07_29_19_36_44_511.jpg, 0, 1, 0, 30.19005
C:\Users\ayubb\Pictures\IMG\center_2026_07_29_19_36_44_613.jpg, C:\Users\ayubb\Pictures\IMG\left_2026_07_29_19_36_44_613.jpg, C:\Users\ayubb\Pictures\IMG\right_2026_07_29_19_36_44_613.jpg, 0, 1, 0, 30.19014
C:\Users\ayubb\Pictures\IMG\center_2026_07_29_19_36_44_715.jpg, C:\Users\ayubb\Pictures\IMG\left_2026_07_29_19_36_44_715.jpg, C:\Users\ayubb\Pictures\IMG\right_2026_07_29_19_36_44_715.jpg, 0, 1, 0, 30.18999
C:\Users\ayubb\Pictures\IMG\center_2026_07_29_19_36_44_817.jpg, C:\Users\ayubb\Pictures\IMG\left_2026_07_29_19_36_44_817.jpg, C:\Users\ayubb\Pictures\IMG\right_2026_07_29_19_36_44_817.jpg, -0.2766438, 1, 0, 30.17208
C:\Users\ayubb\Pictures\IMG\center_2026_07_29_19_36_44_917.jpg, C:\Users\ayubb\Pictures\IMG\left_2026_07_29_19_36_44_917.jpg, C:\Users\ayubb\Pictures\IMG\right_2026_07_29_19_36_44_917.jpg, 0, 1, 0, 30.18886
C:\Users\ayubb\Pictures\IMG\center_2026_07_29_19_36_45_021.jpg, C:\Users\ayubb\Pictures\IMG\left_2026_07_29_19_36_45_021.jpg, C:\Users\ayubb\Pictures\IMG\right_2026_07_29_19_36_45_021.jpg, 0, 1, 0, 30.18998
C:\Users\ayubb\Pictures\IMG\center_2026_07_29_19_36_45_122.jpg, C:\Users\ayubb\Pictures\IMG\left_2026_07_29_19_36_45_122.jpg, C:\Users\ayubb\Pictures\IMG\right_2026_07_29_19_36_45_122.jpg, 0, 1, 0, 30.19035
C:\Users\ayubb\Pictures\IMG\center_2026_07_29_19_36_45_223.jpg, C:\Users\ayubb\Pictures\IMG\left_2026_07_29_19_36_45_223.jpg, C:\Users\ayubb\Pictures\IMG\right_2026_07_29_19_36_45_223.jpg, 0, 1, 0, 30.19036
C:\Users\ayubb\Pictures\IMG\center_2026_07_29_19_36_45_324.jpg, C:\Users\ayubb\Pictures\IMG\left_2026_07_29_19_36_45_324.jpg, C:\Users\ayubb\Pictures\IMG\right_2026_07_29_19_36_45_324.jpg, 0, 1, 0, 30.19003
C:\Users\ayubb\Pictures\IMG\center_2026_07_29_19_36_45_425.jpg, C:\Users\ayubb\Pictures\IMG\left_2026_07_29_19_36_45_425.jpg, C:\Users\ayubb\Pictures\IMG\right_2026_07_29_19_36_45_425.jpg, 0.09889559, 1, 0, 30.18779
C:\Users\ayubb\Pictures\IMG\center_2026_07_29_19_36_45_526.jpg, C:\Users\ayubb\Pictures\IMG\left_2026_07_29_19_36_45_526.jpg, C:\Users\ayubb\Pictures\IMG\right_2026_07_29_19_36_45_526.jpg, 0.1280097, 1, 0, 30.18893
C:\Users\ayubb\Pictures\IMG\center_2026_07_29_19_36_45_627.jpg, C:\Users\ayubb\Pictures\IMG\left_2026_07_29_19_36_45_627.jpg, C:\Users\ayubb\Pictures\IMG\right_2026_07_29_19_36_45_627.jpg, 0, 1, 0, 30.1899
C:\Users\ayubb\Pictures\IMG\center_2026_07_29_19_36_45_728.jpg, C:\Users\ayubb\Pictures\IMG\left_2026_07_29_19_36_45_728.jpg, C:\Users\ayubb\Pictures\IMG\right_2026_07_29_19_36_45_728.jpg, 0, 1, 0, 30.19048
C:\Users\ayubb\Pictures\IMG\center_2026_07_29_19_36_45_829.jpg, C:\Users\ayubb\Pictures\IMG\left_2026_07_29_19_36_45_829.jpg, C:\Users\ayubb\Pictures\IMG\right_2026_07_29_19_36_45_829.jpg, 0, 1, 0, 30.19038
C:\Users\ayubb\Pictures\IMG\center_2026_07_29_19_36_45_930.jpg, C:\Users\ayubb\Pictures\IMG\left_2026_07_29_19_36_45_930.jpg, C:\Users\ayubb\Pictures\IMG\right_2026_07_29_19_36_45_930.jpg, 0, 1, 0, 30.19074
C:\Users\ayubb\Pictures\IMG\center_2026_07_29_19_36_46_030.jpg, C:\Users\ayubb\Pictures\IMG\left_2026_07_29_19_36_46_030.jpg, C:\Users\ayubb\Pictures\IMG\right_2026_07_29_19_36_46_030.jpg, 0.1015869, 1, 0, 30.18764
C:\Users\ayubb\Pictures\IMG\center_2026_07_29_19_36_46_132.jpg, C:\Users\ayubb\Pictures\IMG\left_2026_07_29_19_36_46_132.jpg, C:\Users\ayubb\Pictures\IMG\right_2026_07_29_19_36_46_132.jpg, 0, 1, 0, 30.19028
C:\Users\ayubb\Pictures\IMG\center_2026_07_29_19_36_46_234.jpg, C:\Users\ayubb\Pictures\IMG\left_2026_07_29_19_36_46_234.jpg, C:\Users\ayubb\Pictures\IMG\right_2026_07_29_19_36_46_234.jpg, 0, 1, 0, 30.19122
C:\Users\ayubb\Pictures\IMG\center_2026_07_29_19_36_46_335.jpg, C:\Users\ayubb\Pictures\IMG\left_2026_07_29_19_36_46_335.jpg, C:\Users\ayubb\Pictures\IMG\right_2026_07_29_19_36_46_335.jpg, 0.0759996, 1, 0, 30.18899
C:\Users\ayubb\Pictures\IMG\center_2026_07_29_19_36_46_436.jpg, C:\Users\ayubb\Pictures\IMG\left_2026_07_29_19_36_46_436.jpg, C:\Users\ayubb\Pictures\IMG\right_2026_07_29_19_36_46_436.jpg, 0.3699018, 1, 0, 30.16126
C:\Users\ayubb\Pictures\IMG\center_2026_07_29_19_36_46_539.jpg, C:\Users\ayubb\Pictures\IMG\left_2026_07_29_19_36_46_539.jpg, C:\Users\ayubb\Pictures\IMG\right_2026_07_29_19_36_46_539.jpg, 0.06101967, 1, 0, 30.1918
C:\Users\ayubb\Pictures\IMG\center_2026_07_29_19_36_46_639.jpg, C:\Users\ayubb\Pictures\IMG\left_2026_07_29_19_36_46_639.jpg, C:\Users\ayubb\Pictures\IMG\right_2026_07_29_19_36_46_639.jpg, 0.1091925, 1, 0, 30.19006
C:\Users\ayubb\Pictures\IMG\center_2026_07_29_19_36_46_739.jpg, C:\Users\ayubb\Pictures\IMG\left_2026_07_29_19_36_46_739.jpg, C:\Users\ayubb\Pictures\IMG\right_2026_07_29_19_36_46_739.jpg, 0.3759777, 1, 0, 30.16481
C:\Users\ayubb\Pictures\IMG\center_2026_07_29_19_36_46_842.jpg, C:\Users\ayubb\Pictures\IMG\left_2026_07_29_19_36_46_842.jpg, C:\Users\ayubb\Pictures\IMG\right_2026_07_29_19_36_46_842.jpg, 0.0689453, 1, 0, 30.19137
C:\Users\ayubb\Pictures\IMG\center_2026_07_29_19_36_46_944.jpg, C:\Users\ayubb\Pictures\IMG\left_2026_07_29_19_36_46_944.jpg, C:\Users\ayubb\Pictures\IMG\right_2026_07_29_19_36_46_944.jpg, 0, 1, 0, 30.19022
C:\Users\ayubb\Pictures\IMG\center_2026_07_29_19_36_47_045.jpg, C:\Users\ayubb\Pictures\IMG\left_2026_07_29_19_36_47_045.jpg, C:\Users\ayubb\Pictures\IMG\right_2026_07_29_19_36_47_045.jpg, 0.2823459, 1, 0, 30.17488
C:\Users\ayubb\Pictures\IMG\center_2026_07_29_19_36_47_146.jpg, C:\Users\ayubb\Pictures\IMG\left_2026_07_29_19_36_47_146.jpg, C:\Users\ayubb\Pictures\IMG\right_2026_07_29_19_36_47_146.jpg, 0.2770665, 1, 0, 30.18521
C:\Users\ayubb\Pictures\IMG\center_2026_07_29_19_36_47_248.jpg, C:\Users\ayubb\Pictures\IMG\left_2026_07_29_19_36_47_248.jpg, C:\Users\ayubb\Pictures\IMG\right_2026_07_29_19_36_47_248.jpg, 0, 1, 0, 30.18744
C:\Users\ayubb\Pictures\IMG\center_2026_07_29_19_36_47_350.jpg, C:\Users\ayubb\Pictures\IMG\left_2026_07_29_19_36_47_350.jpg, C:\Users\ayubb\Pictures\IMG\right_2026_07_29_19_36_47_350.jpg, 0.2719989, 1, 0, 30.17965
C:\Users\ayubb\Pictures\IMG\center_2026_07_29_19_36_47_454.jpg, C:\Users\ayubb\Pictures\IMG\left_2026_07_29_19_36_47_454.jpg, C:\Users\ayubb\Pictures\IMG\right_2026_07_29_19_36_47_454.jpg, 0.277809, 1, 0, 30.18696
C:\Users\ayubb\Pictures\IMG\center_2026_07_29_19_36_47_554.jpg, C:\Users\ayubb\Pictures\IMG\left_2026_07_29_19_36_47_554.jpg, C:\Users\ayubb\Pictures\IMG\right_2026_07_29_19_36_47_554.jpg, 0.0209355, 1, 0, 30.18857
C:\Users\ayubb\Pictures\IMG\center_2026_07_29_19_36_47_657.jpg, C:\Users\ayubb\Pictures\IMG\left_2026_07_29_19_36_47_657.jpg, C:\Users\ayubb\Pictures\IMG\right_2026_07_29_19_36_47_657.jpg, 0.3780198, 1, 0, 30.16745
C:\Users\ayubb\Pictures\IMG\center_2026_07_29_19_36_47_758.jpg, C:\Users\ayubb\Pictures\IMG\left_2026_07_29_19_36_47_758.jpg, C:\Users\ayubb\Pictures\IMG\right_2026_07_29_19_36_47_758.jpg, 0.6798184, 1, 0, 30.1228
C:\Users\ayubb\Pictures\IMG\center_2026_07_29_19_36_47_858.jpg, C:\Users\ayubb\Pictures\IMG\left_2026_07_29_19_36_47_858.jpg, C:\Users\ayubb\Pictures\IMG\right_2026_07_29_19_36_47_858.jpg, 0.9799204, 1, 0, 30.09118
C:\Users\ayubb\Pictures\IMG\center_2026_07_29_19_36_47_960.jpg, C:\Users\ayubb\Pictures\IMG\left_2026_07_29_19_36_47_960.jpg, C:\Users\ayubb\Pictures\IMG\right_2026_07_29_19_36_47_960.jpg, 0.6750962, 1, 0, 30.17991
C:\Users\ayubb\Pictures\IMG\center_2026_07_29_19_36_48_060.jpg, C:\Users\ayubb\Pictures\IMG\left_2026_07_29_19_36_48_060.jpg, C:\Users\ayubb\Pictures\IMG\right_2026_07_29_19_36_48_060.jpg, 0.3744721, 1, 0, 30.20551
C:\Users\ayubb\Pictures\IMG\center_2026_07_29_19_36_48_160.jpg, C:\Users\ayubb\Pictures\IMG\left_2026_07_29_19_36_48_160.jpg, C:\Users\ayubb\Pictures\IMG\right_2026_07_29_19_36_48_160.jpg, 0.08459022, 1, 0, 30.18998
C:\Users\ayubb\Pictures\IMG\center_2026_07_29_19_36_48_264.jpg, C:\Users\ayubb\Pictures\IMG\left_2026_07_29_19_36_48_264.jpg, C:\Users\ayubb\Pictures\IMG\right_2026_07_29_19_36_48_264.jpg, 0, 1, 0, 30.18856
C:\Users\ayubb\Pictures\IMG\center_2026_07_29_19_36_48_364.jpg, C:\Users\ayubb\Pictures\IMG\left_2026_07_29_19_36_48_364.jpg, C:\Users\ayubb\Pictures\IMG\right_2026_07_29_19_36_48_364.jpg, 0, 1, 0, 30.18993
C:\Users\ayubb\Pictures\IMG\center_2026_07_29_19_36_48_466.jpg, C:\Users\ayubb\Pictures\IMG\left_2026_07_29_19_36_48_466.jpg, C:\Users\ayubb\Pictures\IMG\right_2026_07_29_19_36_48_466.jpg, 0, 1, 0, 30.19029
C:\Users\ayubb\Pictures\IMG\center_2026_07_29_19_36_48_567.jpg, C:\Users\ayubb\Pictures\IMG\left_2026_07_29_19_36_48_567.jpg, C:\Users\ayubb\Pictures\IMG\right_2026_07_29_19_36_48_567.jpg, 0.0769956, 1, 0, 30.18787
C:\Users\ayubb\Pictures\IMG\center_2026_07_29_19_36_48_669.jpg, C:\Users\ayubb\Pictures\IMG\left_2026_07_29_19_36_48_669.jpg, C:\Users\ayubb\Pictures\IMG\right_2026_07_29_19_36_48_669.jpg, 0.3816376, 1, 0, 30.15767
C:\Users\ayubb\Pictures\IMG\center_2026_07_29_19_36_48_771.jpg, C:\Users\ayubb\Pictures\IMG\left_2026_07_29_19_36_48_771.jpg, C:\Users\ayubb\Pictures\IMG\right_2026_07_29_19_36_48_771.jpg, 0.1528729, 1, 0, 30.19089
C:\Users\ayubb\Pictures\IMG\center_2026_07_29_19_36_48_873.jpg, C:\Users\ayubb\Pictures\IMG\left_2026_07_29_19_36_48_873.jpg, C:\Users\ayubb\Pictures\IMG\right_2026_07_29_19_36_48_873.jpg, 0, 1, 0, 30.18953
C:\Users\ayubb\Pictures\IMG\center_2026_07_29_19_36_48_978.jpg, C:\Users\ayubb\Pictures\IMG\left_2026_07_29_19_36_48_978.jpg, C:\Users\ayubb\Pictures\IMG\right_2026_07_29_19_36_48_978.jpg, 0, 1, 0, 30.19014
C:\Users\ayubb\Pictures\IMG\center_2026_07_29_19_36_49_079.jpg, C:\Users\ayubb\Pictures\IMG\left_2026_07_29_19_36_49_079.jpg, C:\Users\ayubb\Pictures\IMG\right_2026_07_29_19_36_49_079.jpg, 0, 1, 0, 30.19082
C:\Users\ayubb\Pictures\IMG\center_2026_07_29_19_36_49_183.jpg, C:\Users\ayubb\Pictures\IMG\left_2026_07_29_19_36_49_183.jpg, C:\Users\ayubb\Pictures\IMG\right_2026_07_29_19_36_49_183.jpg, 0, 1, 0, 30.19053
C:\Users\ayubb\Pictures\IMG\center_2026_07_29_19_36_49_283.jpg, C:\Users\ayubb\Pictures\IMG\left_2026_07_29_19_36_49_283.jpg, C:\Users\ayubb\Pictures\IMG\right_2026_07_29_19_36_49_283.jpg, 0, 1, 0, 30.19109
C:\Users\ayubb\Pictures\IMG\center_2026_07_29_19_36_49_385.jpg, C:\Users\ayubb\Pictures\IMG\left_2026_07_29_19_36_49_385.jpg, C:\Users\ayubb\Pictures\IMG\right_2026_07_29_19_36_49_385.jpg, 0.2832132, 1, 0, 30.16986
C:\Users\ayubb\Pictures\IMG\center_2026_07_29_19_36_49_486.jpg, C:\Users\ayubb\Pictures\IMG\left_2026_07_29_19_36_49_486.jpg, C:\Users\ayubb\Pictures\IMG\right_2026_07_29_19_36_49_486.jpg, 0.02543817, 1, 0, 30.19175
C:\Users\ayubb\Pictures\IMG\center_2026_07_29_19_36_49_587.jpg, C:\Users\ayubb\Pictures\IMG\left_2026_07_29_19_36_49_587.jpg, C:\Users\ayubb\Pictures\IMG\right_2026_07_29_19_36_49_587.jpg, 0, 1, 0, 30.18998
C:\Users\ayubb\Pictures\IMG\center_2026_07_29_19_36_49_690.jpg, C:\Users\ayubb\Pictures\IMG\left_2026_07_29_19_36_49_690.jpg, C:\Users\ayubb\Pictures\IMG\right_2026_07_29_19_36_49_690.jpg, 0.0461721, 1, 0, 30.19019
C:\Users\ayubb\Pictures\IMG\center_2026_07_29_19_36_49_792.jpg, C:\Users\ayubb\Pictures\IMG\left_2026_07_29_19_36_49_792.jpg, C:\Users\ayubb\Pictures\IMG\right_2026_07_29_19_36_49_792.jpg, 0.1967394, 1, 0, 30.18192
C:\Users\ayubb\Pictures\IMG\center_2026_07_29_19_36_49_893.jpg, C:\Users\ayubb\Pictures\IMG\left_2026_07_29_19_36_49_893.jpg, C:\Users\ayubb\Pictures\IMG\right_2026_07_29_19_36_49_893.jpg, 0, 1, 0, 30.18962
C:\Users\ayubb\Pictures\IMG\center_2026_07_29_19_36_49_996.jpg, C:\Users\ayubb\Pictures\IMG\left_2026_07_29_19_36_49_996.jpg, C:\Users\ayubb\Pictures\IMG\right_2026_07_29_19_36_49_996.jpg, 0, 1, 0, 30.19025
C:\Users\ayubb\Pictures\IMG\center_2026_07_29_19_36_50_097.jpg, C:\Users\ayubb\Pictures\IMG\left_2026_07_29_19_36_50_097.jpg, C:\Users\ayubb\Pictures\IMG\right_2026_07_29_19_36_50_097.jpg, 0.1015872, 1, 0, 30.18817
C:\Users\ayubb\Pictures\IMG\center_2026_07_29_19_36_50_199.jpg, C:\Users\ayubb\Pictures\IMG\left_2026_07_29_19_36_50_199.jpg, C:\Users\ayubb\Pictures\IMG\right_2026_07_29_19_36_50_199.jpg, 0.08170082, 1, 0, 30.19029
C:\Users\ayubb\Pictures\IMG\center_2026_07_29_19_36_50_302.jpg, C:\Users\ayubb\Pictures\IMG\left_2026_07_29_19_36_50_302.jpg, C:\Users\ayubb\Pictures\IMG\right_2026_07_29_19_36_50_302.jpg, 0, 1, 0, 30.19007
C:\Users\ayubb\Pictures\IMG\center_2026_07_29_19_36_50_402.jpg, C:\Users\ayubb\Pictures\IMG\left_2026_07_29_19_36_50_402.jpg, C:\Users\ayubb\Pictures\IMG\right_2026_07_29_19_36_50_402.jpg, 0, 1, 0, 30.19029
C:\Users\ayubb\Pictures\IMG\center_2026_07_29_19_36_50_501.jpg, C:\Users\ayubb\Pictures\IMG\left_2026_07_29_19_36_50_501.jpg, C:\Users\ayubb\Pictures\IMG\right_2026_07_29_19_36_50_501.jpg, 0.2993025, 1, 0, 30.16893
C:\Users\ayubb\Pictures\IMG\center_2026_07_29_19_36_50_605.jpg, C:\Users\ayubb\Pictures\IMG\left_2026_07_29_19_36_50_605.jpg, C:\Users\ayubb\Pictures\IMG\right_2026_07_29_19_36_50_605.jpg, 0.0001329277, 1, 0, 30.18936
C:\Users\ayubb\Pictures\IMG\center_2026_07_29_19_36_50_707.jpg, C:\Users\ayubb\Pictures\IMG\left_2026_07_29_19_36_50_707.jpg, C:\Users\ayubb\Pictures\IMG\right_2026_07_29_19_36_50_707.jpg, 0, 1, 0, 30.19004
C:\Users\ayubb\Pictures\IMG\center_2026_07_29_19_36_50_807.jpg, C:\Users\ayubb\Pictures\IMG\left_2026_07_29_19_36_50_807.jpg, C:\Users\ayubb\Pictures\IMG\right_2026_07_29_19_36_50_807.jpg, 0.1261143, 1, 0, 30.18733
C:\Users\ayubb\Pictures\IMG\center_2026_07_29_19_36_50_909.jpg, C:\Users\ayubb\Pictures\IMG\left_2026_07_29_19_36_50_909.jpg, C:\Users\ayubb\Pictures\IMG\right_2026_07_29_19_36_50_909.jpg, 0.08756426, 1, 0, 30.19004
C:\Users\ayubb\Pictures\IMG\center_2026_07_29_19_36_51_011.jpg, C:\Users\ayubb\Pictures\IMG\left_2026_07_29_19_36_51_011.jpg, C:\Users\ayubb\Pictures\IMG\right_2026_07_29_19_36_51_011.jpg, 0, 1, 0, 30.1899
C:\Users\ayubb\Pictures\IMG\center_2026_07_29_19_36_51_111.jpg, C:\Users\ayubb\Pictures\IMG\left_2026_07_29_19_36_51_111.jpg, C:\Users\ayubb\Pictures\IMG\right_2026_07_29_19_36_51_111.jpg, 0, 1, 0, 30.18972
C:\Users\ayubb\Pictures\IMG\center_2026_07_29_19_36_51_212.jpg, C:\Users\ayubb\Pictures\IMG\left_2026_07_29_19_36_51_212.jpg, C:\Users\ayubb\Pictures\IMG\right_2026_07_29_19_36_51_212.jpg, 0.1183584, 1, 0, 30.18706
C:\Users\ayubb\Pictures\IMG\center_2026_07_29_19_36_51_315.jpg, C:\Users\ayubb\Pictures\IMG\left_2026_07_29_19_36_51_315.jpg, C:\Users\ayubb\Pictures\IMG\right_2026_07_29_19_36_51_315.jpg, 0.2438187, 1, 0, 30.18063
C:\Users\ayubb\Pictures\IMG\center_2026_07_29_19_36_51_417.jpg, C:\Users\ayubb\Pictures\IMG\left_2026_07_29_19_36_51_417.jpg, C:\Users\ayubb\Pictures\IMG\right_2026_07_29_19_36_51_417.jpg, 0, 1, 0, 30.18944
C:\Users\ayubb\Pictures\IMG\center_2026_07_29_19_36_51_519.jpg, C:\Users\ayubb\Pictures\IMG\left_2026_07_29_19_36_51_519.jpg, C:\Users\ayubb\Pictures\IMG\right_2026_07_29_19_36_51_519.jpg, 0, 1, 0, 30.19017
C:\Users\ayubb\Pictures\IMG\center_2026_07_29_19_36_51_622.jpg, C:\Users\ayubb\Pictures\IMG\left_2026_07_29_19_36_51_622.jpg, C:\Users\ayubb\Pictures\IMG\right_2026_07_29_19_36_51_622.jpg, 0, 1, 0, 30.19034
C:\Users\ayubb\Pictures\IMG\center_2026_07_29_19_36_51_721.jpg, C:\Users\ayubb\Pictures\IMG\left_2026_07_29_19_36_51_721.jpg, C:\Users\ayubb\Pictures\IMG\right_2026_07_29_19_36_51_721.jpg, 0, 1, 0, 30.19028
C:\Users\ayubb\Pictures\IMG\center_2026_07_29_19_36_51_825.jpg, C:\Users\ayubb\Pictures\IMG\left_2026_07_29_19_36_51_825.jpg, C:\Users\ayubb\Pictures\IMG\right_2026_07_29_19_36_51_825.jpg, 0, 1, 0, 30.19028
C:\Users\ayubb\Pictures\IMG\center_2026_07_29_19_36_51_926.jpg, C:\Users\ayubb\Pictures\IMG\left_2026_07_29_19_36_51_926.jpg, C:\Users\ayubb\Pictures\IMG\right_2026_07_29_19_36_51_926.jpg, 0, 1, 0, 30.19033
C:\Users\ayubb\Pictures\IMG\center_2026_07_29_19_36_52_027.jpg, C:\Users\ayubb\Pictures\IMG\left_2026_07_29_19_36_52_027.jpg, C:\Users\ayubb\Pictures\IMG\right_2026_07_29_19_36_52_027.jpg, 0, 1, 0, 30.19034
C:\Users\ayubb\Pictures\IMG\center_2026_07_29_19_36_52_128.jpg, C:\Users\ayubb\Pictures\IMG\left_2026_07_29_19_36_52_128.jpg, C:\Users\ayubb\Pictures\IMG\right_2026_07_29_19_36_52_128.jpg, 0, 1, 0, 30.19034
C:\Users\ayubb\Pictures\IMG\center_2026_07_29_19_36_52_231.jpg, C:\Users\ayubb\Pictures\IMG\left_2026_07_29_19_36_52_231.jpg, C:\Users\ayubb\Pictures\IMG\right_2026_07_29_19_36_52_231.jpg, 0, 1, 0, 30.19033
C:\Users\ayubb\Pictures\IMG\center_2026_07_29_19_36_52_331.jpg, C:\Users\ayubb\Pictures\IMG\left_2026_07_29_19_36_52_331.jpg, C:\Users\ayubb\Pictures\IMG\right_2026_07_29_19_36_52_331.jpg, 0, 1, 0, 30.19031
C:\Users\ayubb\Pictures\IMG\center_2026_07_29_19_36_52_432.jpg, C:\Users\ayubb\Pictures\IMG\left_2026_07_29_19_36_52_432.jpg, C:\Users\ayubb\Pictures\IMG\right_2026_07_29_19_36_52_432.jpg, 0, 1, 0, 30.19031
C:\Users\ayubb\Pictures\IMG\center_2026_07_29_19_36_52_535.jpg, C:\Users\ayubb\Pictures\IMG\left_2026_07_29_19_36_52_535.jpg, C:\Users\ayubb\Pictures\IMG\right_2026_07_29_19_36_52_535.jpg, 0, 1, 0, 30.19037
C:\Users\ayubb\Pictures\IMG\center_2026_07_29_19_36_52_637.jpg, C:\Users\ayubb\Pictures\IMG\left_2026_07_29_19_36_52_637.jpg, C:\Users\ayubb\Pictures\IMG\right_2026_07_29_19_36_52_637.jpg, 0, 1, 0, 30.19035
C:\Users\ayubb\Pictures\IMG\center_2026_07_29_19_36_52_738.jpg, C:\Users\ayubb\Pictures\IMG\left_2026_07_29_19_36_52_738.jpg, C:\Users\ayubb\Pictures\IMG\right_2026_07_29_19_36_52_738.jpg, 0, 1, 0, 30.19035
C:\Users\ayubb\Pictures\IMG\center_2026_07_29_19_36_52_842.jpg, C:\Users\ayubb\Pictures\IMG\left_2026_07_29_19_36_52_842.jpg, C:\Users\ayubb\Pictures\IMG\right_2026_07_29_19_36_52_842.jpg, 0, 1, 0, 30.19034
C:\Users\ayubb\Pictures\IMG\center_2026_07_29_19_36_52_945.jpg, C:\Users\ayubb\Pictures\IMG\left_2026_07_29_19_36_52_945.jpg, C:\Users\ayubb\Pictures\IMG\right_2026_07_29_19_36_52_945.jpg, 0, 1, 0, 30.19025
C:\Users\ayubb\Pictures\IMG\center_2026_07_29_19_36_53_048.jpg, C:\Users\ayubb\Pictures\IMG\left_2026_07_29_19_36_53_048.jpg, C:\Users\ayubb\Pictures\IMG\right_2026_07_29_19_36_53_048.jpg, 0, 1, 0, 30.19036
C:\Users\ayubb\Pictures\IMG\center_2026_07_29_19_36_53_149.jpg, C:\Users\ayubb\Pictures\IMG\left_2026_07_29_19_36_53_149.jpg, C:\Users\ayubb\Pictures\IMG\right_2026_07_29_19_36_53_149.jpg, 0, 1, 0, 30.19031
C:\Users\ayubb\Pictures\IMG\center_2026_07_29_19_36_53_249.jpg, C:\Users\ayubb\Pictures\IMG\left_2026_07_29_19_36_53_249.jpg, C:\Users\ayubb\Pictures\IMG\right_2026_07_29_19_36_53_249.jpg, 0, 1, 0, 30.19035
C:\Users\ayubb\Pictures\IMG\center_2026_07_29_19_36_53_351.jpg, C:\Users\ayubb\Pictures\IMG\left_2026_07_29_19_36_53_351.jpg, C:\Users\ayubb\Pictures\IMG\right_2026_07_29_19_36_53_351.jpg, 0, 1, 0, 30.19027
C:\Users\ayubb\Pictures\IMG\center_2026_07_29_19_36_53_452.jpg, C:\Users\ayubb\Pictures\IMG\left_2026_07_29_19_36_53_452.jpg, C:\Users\ayubb\Pictures\IMG\right_2026_07_29_19_36_53_452.jpg, 0, 1, 0, 30.19034
C:\Users\ayubb\Pictures\IMG\center_2026_07_29_19_36_53_553.jpg, C:\Users\ayubb\Pictures\IMG\left_2026_07_29_19_36_53_553.jpg, C:\Users\ayubb\Pictures\IMG\right_2026_07_29_19_36_53_553.jpg, 0, 1, 0, 30.19023
C:\Users\ayubb\Pictures\IMG\center_2026_07_29_19_36_53_653.jpg, C:\Users\ayubb\Pictures\IMG\left_2026_07_29_19_36_53_653.jpg, C:\Users\ayubb\Pictures\IMG\right_2026_07_29_19_36_53_653.jpg, 0, 1, 0, 30.19028
C:\Users\ayubb\Pictures\IMG\center_2026_07_29_19_36_53_756.jpg, C:\Users\ayubb\Pictures\IMG\left_2026_07_29_19_36_53_756.jpg, C:\Users\ayubb\Pictures\IMG\right_2026_07_29_19_36_53_756.jpg, 0, 1, 0, 30.1903
C:\Users\ayubb\Pictures\IMG\center_2026_07_29_19_36_53_860.jpg, C:\Users\ayubb\Pictures\IMG\left_2026_07_29_19_36_53_860.jpg, C:\Users\ayubb\Pictures\IMG\right_2026_07_29_19_36_53_860.jpg, 0, 1, 0, 30.19032
C:\Users\ayubb\Pictures\IMG\center_2026_07_29_19_36_53_960.jpg, C:\Users\ayubb\Pictures\IMG\left_2026_07_29_19_36_53_960.jpg, C:\Users\ayubb\Pictures\IMG\right_2026_07_29_19_36_53_960.jpg, 0, 1, 0, 30.1903
C:\Users\ayubb\Pictures\IMG\center_2026_07_29_19_36_54_062.jpg, C:\Users\ayubb\Pictures\IMG\left_2026_07_29_19_36_54_062.jpg, C:\Users\ayubb\Pictures\IMG\right_2026_07_29_19_36_54_062.jpg, 0, 1, 0, 30.19024
C:\Users\ayubb\Pictures\IMG\center_2026_07_29_19_36_54_163.jpg, C:\Users\ayubb\Pictures\IMG\left_2026_07_29_19_36_54_163.jpg, C:\Users\ayubb\Pictures\IMG\right_2026_07_29_19_36_54_163.jpg, 0, 1, 0, 30.19029
C:\Users\ayubb\Pictures\IMG\center_2026_07_29_19_36_54_266.jpg, C:\Users\ayubb\Pictures\IMG\left_2026_07_29_19_36_54_266.jpg, C:\Users\ayubb\Pictures\IMG\right_2026_07_29_19_36_54_266.jpg, -0.0394206, 1, 0, 30.19003
C:\Users\ayubb\Pictures\IMG\center_2026_07_29_19_36_54_367.jpg, C:\Users\ayubb\Pictures\IMG\left_2026_07_29_19_36_54_367.jpg, C:\Users\ayubb\Pictures\IMG\right_2026_07_29_19_36_54_367.jpg, -0.3364737, 1, 0, 30.16348
C:\Users\ayubb\Pictures\IMG\center_2026_07_29_19_36_54_469.jpg, C:\Users\ayubb\Pictures\IMG\left_2026_07_29_19_36_54_469.jpg, C:\Users\ayubb\Pictures\IMG\right_2026_07_29_19_36_54_469.jpg, -0.03510418, 1, 0, 30.19025
C:\Users\ayubb\Pictures\IMG\center_2026_07_29_19_36_54_571.jpg, C:\Users\ayubb\Pictures\IMG\left_2026_07_29_19_36_54_571.jpg, C:\Users\ayubb\Pictures\IMG\right_2026_07_29_19_36_54_571.jpg, 0, 1, 0, 30.18985
C:\Users\ayubb\Pictures\IMG\center_2026_07_29_19_36_54_673.jpg, C:\Users\ayubb\Pictures\IMG\left_2026_07_29_19_36_54_673.jpg, C:\Users\ayubb\Pictures\IMG\right_2026_07_29_19_36_54_673.jpg, 0, 1, 0, 30.19044
C:\Users\ayubb\Pictures\IMG\center_2026_07_29_19_36_54_775.jpg, C:\Users\ayubb\Pictures\IMG\left_2026_07_29_19_36_54_775.jpg, C:\Users\ayubb\Pictures\IMG\right_2026_07_29_19_36_54_775.jpg, 0, 1, 0, 30.19028
C:\Users\ayubb\Pictures\IMG\center_2026_07_29_19_36_54_877.jpg, C:\Users\ayubb\Pictures\IMG\left_2026_07_29_19_36_54_877.jpg, C:\Users\ayubb\Pictures\IMG\right_2026_07_29_19_36_54_877.jpg, -0.3018195, 1, 0, 30.16887
C:\Users\ayubb\Pictures\IMG\center_2026_07_29_19_36_54_978.jpg, C:\Users\ayubb\Pictures\IMG\left_2026_07_29_19_36_54_978.jpg, C:\Users\ayubb\Pictures\IMG\right_2026_07_29_19_36_54_978.jpg, -0.3235026, 1, 0, 30.18109
C:\Users\ayubb\Pictures\IMG\center_2026_07_29_19_36_55_079.jpg, C:\Users\ayubb\Pictures\IMG\left_2026_07_29_19_36_55_079.jpg, C:\Users\ayubb\Pictures\IMG\right_2026_07_29_19_36_55_079.jpg, -0.02313897, 1, 0, 30.18862
C:\Users\ayubb\Pictures\IMG\center_2026_07_29_19_36_55_178.jpg, C:\Users\ayubb\Pictures\IMG\left_2026_07_29_19_36_55_178.jpg, C:\Users\ayubb\Pictures\IMG\right_2026_07_29_19_36_55_178.jpg, 0, 1, 0, 30.18964
C:\Users\ayubb\Pictures\IMG\center_2026_07_29_19_36_55_280.jpg, C:\Users\ayubb\Pictures\IMG\left_2026_07_29_19_36_55_280.jpg, C:\Users\ayubb\Pictures\IMG\right_2026_07_29_19_36_55_280.jpg, 0, 1, 0, 30.19032
C:\Users\ayubb\Pictures\IMG\center_2026_07_29_19_36_55_380.jpg, C:\Users\ayubb\Pictures\IMG\left_2026_07_29_19_36_55_380.jpg, C:\Users\ayubb\Pictures\IMG\right_2026_07_29_19_36_55_380.jpg, 0, 1, 0, 30.19031
C:\Users\ayubb\Pictures\IMG\center_2026_07_29_19_36_55_482.jpg, C:\Users\ayubb\Pictures\IMG\left_2026_07_29_19_36_55_482.jpg, C:\Users\ayubb\Pictures\IMG\right_2026_07_29_19_36_55_482.jpg, 0, 1, 0, 30.19048
C:\Users\ayubb\Pictures\IMG\center_2026_07_29_19_36_55_582.jpg, C:\Users\ayubb\Pictures\IMG\left_2026_07_29_19_36_55_582.jpg, C:\Users\ayubb\Pictures\IMG\right_2026_07_29_19_36_55_582.jpg, 0, 1, 0, 30.19027
C:\Users\ayubb\Pictures\IMG\center_2026_07_29_19_36_55_684.jpg, C:\Users\ayubb\Pictures\IMG\left_2026_07_29_19_36_55_684.jpg, C:\Users\ayubb\Pictures\IMG\right_2026_07_29_19_36_55_684.jpg, 0, 1, 0, 30.19028
C:\Users\ayubb\Pictures\IMG\center_2026_07_29_19_36_55_784.jpg, C:\Users\ayubb\Pictures\IMG\left_2026_07_29_19_36_55_784.jpg, C:\Users\ayubb\Pictures\IMG\right_2026_07_29_19_36_55_784.jpg, 0, 1, 0, 30.19016
C:\Users\ayubb\Pictures\IMG\center_2026_07_29_19_36_55_885.jpg, C:\Users\ayubb\Pictures\IMG\left_2026_07_29_19_36_55_885.jpg, C:\Users\ayubb\Pictures\IMG\right_2026_07_29_19_36_55_885.jpg, 0, 1, 0, 30.19077
C:\Users\ayubb\Pictures\IMG\center_2026_07_29_19_36_55_986.jpg, C:\Users\ayubb\Pictures\IMG\left_2026_07_29_19_36_55_986.jpg, C:\Users\ayubb\Pictures\IMG\right_2026_07_29_19_36_55_986.jpg, 0, 1, 0, 30.19006
C:\Users\ayubb\Pictures\IMG\center_2026_07_29_19_36_56_089.jpg, C:\Users\ayubb\Pictures\IMG\left_2026_07_29_19_36_56_089.jpg, C:\Users\ayubb\Pictures\IMG\right_2026_07_29_19_36_56_089.jpg, 0, 1, 0, 30.1908
C:\Users\ayubb\Pictures\IMG\center_2026_07_29_19_36_56_190.jpg, C:\Users\ayubb\Pictures\IMG\left_2026_07_29_19_36_56_190.jpg, C:\Users\ayubb\Pictures\IMG\right_2026_07_29_19_36_56_190.jpg, -0.0937002, 1, 0, 30.18791
C:\Users\ayubb\Pictures\IMG\center_2026_07_29_19_36_56_291.jpg, C:\Users\ayubb\Pictures\IMG\left_2026_07_29_19_36_56_291.jpg, C:\Users\ayubb\Pictures\IMG\right_2026_07_29_19_36_56_291.jpg, -0.3900129, 1, 0, 30.15655
C:\Users\ayubb\Pictures\IMG\center_2026_07_29_19_36_56_393.jpg, C:\Users\ayubb\Pictures\IMG\left_2026_07_29_19_36_56_393.jpg, C:\Users\ayubb\Pictures\IMG\right_2026_07_29_19_36_56_393.jpg, -0.1763916, 1, 0, 30.19149
C:\Users\ayubb\Pictures\IMG\center_2026_07_29_19_36_56_495.jpg, C:\Users\ayubb\Pictures\IMG\left_2026_07_29_19_36_56_495.jpg, C:\Users\ayubb\Pictures\IMG\right_2026_07_29_19_36_56_495.jpg, 0, 1, 0, 30.18876
C:\Users\ayubb\Pictures\IMG\center_2026_07_29_19_36_56_597.jpg, C:\Users\ayubb\Pictures\IMG\left_2026_07_29_19_36_56_597.jpg, C:\Users\ayubb\Pictures\IMG\right_2026_07_29_19_36_56_597.jpg, 0, 1, 0, 30.19088
C:\Users\ayubb\Pictures\IMG\center_2026_07_29_19_36_56_699.jpg, C:\Users\ayubb\Pictures\IMG\left_2026_07_29_19_36_56_699.jpg, C:\Users\ayubb\Pictures\IMG\right_2026_07_29_19_36_56_699.jpg, -0.0072183, 1, 0, 30.1903
C:\Users\ayubb\Pictures\IMG\center_2026_07_29_19_36_56_802.jpg, C:\Users\ayubb\Pictures\IMG\left_2026_07_29_19_36_56_802.jpg, C:\Users\ayubb\Pictures\IMG\right_2026_07_29_19_36_56_802.jpg, -0.3071892, 1, 0, 30.16829
C:\Users\ayubb\Pictures\IMG\center_2026_07_29_19_36_56_903.jpg, C:\Users\ayubb\Pictures\IMG\left_2026_07_29_19_36_56_903.jpg, C:\Users\ayubb\Pictures\IMG\right_2026_07_29_19_36_56_903.jpg, -0.4803305, 1, 0, 30.15299
C:\Users\ayubb\Pictures\IMG\center_2026_07_29_19_36_57_005.jpg, C:\Users\ayubb\Pictures\IMG\left_2026_07_29_19_36_57_005.jpg, C:\Users\ayubb\Pictures\IMG\right_2026_07_29_19_36_57_005.jpg, -0.1812662, 1, 0, 30.19378
C:\Users\ayubb\Pictures\IMG\center_2026_07_29_19_36_57_105.jpg, C:\Users\ayubb\Pictures\IMG\left_2026_07_29_19_36_57_105.jpg, C:\Users\ayubb\Pictures\IMG\right_2026_07_29_19_36_57_105.jpg, -0.0392826, 1, 0, 30.18881
C:\Users\ayubb\Pictures\IMG\center_2026_07_29_19_36_57_208.jpg, C:\Users\ayubb\Pictures\IMG\left_2026_07_29_19_36_57_208.jpg, C:\Users\ayubb\Pictures\IMG\right_2026_07_29_19_36_57_208.jpg, -0.2870067, 1, 0, 30.17909
C:\Users\ayubb\Pictures\IMG\center_2026_07_29_19_36_57_308.jpg, C:\Users\ayubb\Pictures\IMG\left_2026_07_29_19_36_57_308.jpg, C:\Users\ayubb\Pictures\IMG\right_2026_07_29_19_36_57_308.jpg, 0, 1, 0, 30.18894
C:\Users\ayubb\Pictures\IMG\center_2026_07_29_19_36_57_410.jpg, C:\Users\ayubb\Pictures\IMG\left_2026_07_29_19_36_57_410.jpg, C:\Users\ayubb\Pictures\IMG\right_2026_07_29_19_36_57_410.jpg, 0, 1, 0, 30.19096
C:\Users\ayubb\Pictures\IMG\center_2026_07_29_19_36_57_513.jpg, C:\Users\ayubb\Pictures\IMG\left_2026_07_29_19_36_57_513.jpg, C:\Users\ayubb\Pictures\IMG\right_2026_07_29_19_36_57_513.jpg, -0.2618031, 1, 0, 30.17585
C:\Users\ayubb\Pictures\IMG\center_2026_07_29_19_36_57_615.jpg, C:\Users\ayubb\Pictures\IMG\left_2026_07_29_19_36_57_615.jpg, C:\Users\ayubb\Pictures\IMG\right_2026_07_29_19_36_57_615.jpg, -0.2001849, 1, 0, 30.18875
C:\Users\ayubb\Pictures\IMG\center_2026_07_29_19_36_57_717.jpg, C:\Users\ayubb\Pictures\IMG\left_2026_07_29_19_36_57_717.jpg, C:\Users\ayubb\Pictures\IMG\right_2026_07_29_19_36_57_717.jpg, 0, 1, 0, 30.18933
C:\Users\ayubb\Pictures\IMG\center_2026_07_29_19_36_57_817.jpg, C:\Users\ayubb\Pictures\IMG\left_2026_07_29_19_36_57_817.jpg, C:\Users\ayubb\Pictures\IMG\right_2026_07_29_19_36_57_817.jpg, -0.2581635, 1, 0, 30.17796
C:\Users\ayubb\Pictures\IMG\center_2026_07_29_19_36_57_917.jpg, C:\Users\ayubb\Pictures\IMG\left_2026_07_29_19_36_57_917.jpg, C:\Users\ayubb\Pictures\IMG\right_2026_07_29_19_36_57_917.jpg, -0.3092925, 1, 0, 30.18177
C:\Users\ayubb\Pictures\IMG\center_2026_07_29_19_36_58_019.jpg, C:\Users\ayubb\Pictures\IMG\left_2026_07_29_19_36_58_019.jpg, C:\Users\ayubb\Pictures\IMG\right_2026_07_29_19_36_58_019.jpg, -0.01217696, 1, 0, 30.18838
C:\Users\ayubb\Pictures\IMG\center_2026_07_29_19_36_58_121.jpg, C:\Users\ayubb\Pictures\IMG\left_2026_07_29_19_36_58_121.jpg, C:\Users\ayubb\Pictures\IMG\right_2026_07_29_19_36_58_121.jpg, -0.1499475, 1, 0, 30.18909
C:\Users\ayubb\Pictures\IMG\center_2026_07_29_19_36_58_221.jpg, C:\Users\ayubb\Pictures\IMG\left_2026_07_29_19_36_58_221.jpg, C:\Users\ayubb\Pictures\IMG\right_2026_07_29_19_36_58_221.jpg, -0.4490286, 1, 0, 30.1542
C:\Users\ayubb\Pictures\IMG\center_2026_07_29_19_36_58_322.jpg, C:\Users\ayubb\Pictures\IMG\left_2026_07_29_19_36_58_322.jpg, C:\Users\ayubb\Pictures\IMG\right_2026_07_29_19_36_58_322.jpg, -0.2350437, 1, 0, 30.19231
C:\Users\ayubb\Pictures\IMG\center_2026_07_29_19_36_58_423.jpg, C:\Users\ayubb\Pictures\IMG\left_2026_07_29_19_36_58_423.jpg, C:\Users\ayubb\Pictures\IMG\right_2026_07_29_19_36_58_423.jpg, -0.0405552, 1, 0, 30.1876
C:\Users\ayubb\Pictures\IMG\center_2026_07_29_19_36_58_526.jpg, C:\Users\ayubb\Pictures\IMG\left_2026_07_29_19_36_58_526.jpg, C:\Users\ayubb\Pictures\IMG\right_2026_07_29_19_36_58_526.jpg, -0.3417777, 1, 0, 30.17308
C:\Users\ayubb\Pictures\IMG\center_2026_07_29_19_36_58_626.jpg, C:\Users\ayubb\Pictures\IMG\left_2026_07_29_19_36_58_626.jpg, C:\Users\ayubb\Pictures\IMG\right_2026_07_29_19_36_58_626.jpg, -0.268283, 1, 0, 30.18888
C:\Users\ayubb\Pictures\IMG\center_2026_07_29_19_36_58_728.jpg, C:\Users\ayubb\Pictures\IMG\left_2026_07_29_19_36_58_728.jpg, C:\Users\ayubb\Pictures\IMG\right_2026_07_29_19_36_58_728.jpg, 0, 1, 0, 30.18774
C:\Users\ayubb\Pictures\IMG\center_2026_07_29_19_36_58_828.jpg, C:\Users\ayubb\Pictures\IMG\left_2026_07_29_19_36_58_828.jpg, C:\Users\ayubb\Pictures\IMG\right_2026_07_29_19_36_58_828.jpg, -0.05919689, 1, 0, 30.19025
C:\Users\ayubb\Pictures\IMG\center_2026_07_29_19_36_58_928.jpg, C:\Users\ayubb\Pictures\IMG\left_2026_07_29_19_36_58_928.jpg, C:\Users\ayubb\Pictures\IMG\right_2026_07_29_19_36_58_928.jpg, -0.3143187, 1, 0, 30.17151
C:\Users\ayubb\Pictures\IMG\center_2026_07_29_19_36_59_028.jpg, C:\Users\ayubb\Pictures\IMG\left_2026_07_29_19_36_59_028.jpg, C:\Users\ayubb\Pictures\IMG\right_2026_07_29_19_36_59_028.jpg, -0.00799952, 1, 0, 30.18961
C:\Users\ayubb\Pictures\IMG\center_2026_07_29_19_36_59_131.jpg, C:\Users\ayubb\Pictures\IMG\left_2026_07_29_19_36_59_131.jpg, C:\Users\ayubb\Pictures\IMG\right_2026_07_29_19_36_59_131.jpg, -0.1541205, 1, 0, 30.18784
C:\Users\ayubb\Pictures\IMG\center_2026_07_29_19_36_59_232.jpg, C:\Users\ayubb\Pictures\IMG\left_2026_07_29_19_36_59_232.jpg, C:\Users\ayubb\Pictures\IMG\right_2026_07_29_19_36_59_232.jpg, -0.2419776, 1, 0, 30.18491
C:\Users\ayubb\Pictures\IMG\center_2026_07_29_19_36_59_335.jpg, C:\Users\ayubb\Pictures\IMG\left_2026_07_29_19_36_59_335.jpg, C:\Users\ayubb\Pictures\IMG\right_2026_07_29_19_36_59_335.jpg, 0, 1, 0, 30.18818
C:\Users\ayubb\Pictures\IMG\center_2026_07_29_19_36_59_434.jpg, C:\Users\ayubb\Pictures\IMG\left_2026_07_29_19_36_59_434.jpg, C:\Users\ayubb\Pictures\IMG\right_2026_07_29_19_36_59_434.jpg, -0.2511252, 1, 0, 30.18006
C:\Users\ayubb\Pictures\IMG\center_2026_07_29_19_36_59_538.jpg, C:\Users\ayubb\Pictures\IMG\left_2026_07_29_19_36_59_538.jpg, C:\Users\ayubb\Pictures\IMG\right_2026_07_29_19_36_59_538.jpg, -0.142552, 1, 0, 30.192
C:\Users\ayubb\Pictures\IMG\center_2026_07_29_19_36_59_638.jpg, C:\Users\ayubb\Pictures\IMG\left_2026_07_29_19_36_59_638.jpg, C:\Users\ayubb\Pictures\IMG\right_2026_07_29_19_36_59_638.jpg, -0.0576696, 1, 0, 30.19009
C:\Users\ayubb\Pictures\IMG\center_2026_07_29_19_36_59_742.jpg, C:\Users\ayubb\Pictures\IMG\left_2026_07_29_19_36_59_742.jpg, C:\Users\ayubb\Pictures\IMG\right_2026_07_29_19_36_59_742.jpg, -0.3572844, 1, 0, 30.16699
C:\Users\ayubb\Pictures\IMG\center_2026_07_29_19_36_59_843.jpg, C:\Users\ayubb\Pictures\IMG\left_2026_07_29_19_36_59_843.jpg, C:\Users\ayubb\Pictures\IMG\right_2026_07_29_19_36_59_843.jpg, -0.0799587, 1, 0, 30.19186
C:\Users\ayubb\Pictures\IMG\center_2026_07_29_19_36_59_946.jpg, C:\Users\ayubb\Pictures\IMG\left_2026_07_29_19_36_59_946.jpg, C:\Users\ayubb\Pictures\IMG\right_2026_07_29_19_36_59_946.jpg, 0, 1, 0, 30.18969
C:\Users\ayubb\Pictures\IMG\center_2026_07_29_19_37_00_046.jpg, C:\Users\ayubb\Pictures\IMG\left_2026_07_29_19_37_00_046.jpg, C:\Users\ayubb\Pictures\IMG\right_2026_07_29_19_37_00_046.jpg, -0.273624, 1, 0, 30.17552
C:\Users\ayubb\Pictures\IMG\center_2026_07_29_19_37_00_147.jpg, C:\Users\ayubb\Pictures\IMG\left_2026_07_29_19_37_00_147.jpg, C:\Users\ayubb\Pictures\IMG\right_2026_07_29_19_37_00_147.jpg, -0.2784525, 1, 0, 30.18562
C:\Users\ayubb\Pictures\IMG\center_2026_07_29_19_37_00_250.jpg, C:\Users\ayubb\Pictures\IMG\left_2026_07_29_19_37_00_250.jpg, C:\Users\ayubb\Pictures\IMG\right_2026_07_29_19_37_00_250.jpg, 0, 1, 0, 30.18774
C:\Users\ayubb\Pictures\IMG\center_2026_07_29_19_37_00_352.jpg, C:\Users\ayubb\Pictures\IMG\left_2026_07_29_19_37_00_352.jpg, C:\Users\ayubb\Pictures\IMG\right_2026_07_29_19_37_00_352.jpg, -0.1040166, 1, 0, 30.19007
C:\Users\ayubb\Pictures\IMG\center_2026_07_29_19_37_00_453.jpg, C:\Users\ayubb\Pictures\IMG\left_2026_07_29_19_37_00_453.jpg, C:\Users\ayubb\Pictures\IMG\right_2026_07_29_19_37_00_453.jpg, -0.4020043, 1, 0, 30.16021
C:\Users\ayubb\Pictures\IMG\center_2026_07_29_19_37_00_554.jpg, C:\Users\ayubb\Pictures\IMG\left_2026_07_29_19_37_00_554.jpg, C:\Users\ayubb\Pictures\IMG\right_2026_07_29_19_37_00_554.jpg, -0.1176388, 1, 0, 30.19251
C:\Users\ayubb\Pictures\IMG\center_2026_07_29_19_37_00_657.jpg, C:\Users\ayubb\Pictures\IMG\left_2026_07_29_19_37_00_657.jpg, C:\Users\ayubb\Pictures\IMG\right_2026_07_29_19_37_00_657.jpg, 0, 1, 0, 30.1897
C:\Users\ayubb\Pictures\IMG\center_2026_07_29_19_37_00_758.jpg, C:\Users\ayubb\Pictures\IMG\left_2026_07_29_19_37_00_758.jpg, C:\Users\ayubb\Pictures\IMG\right_2026_07_29_19_37_00_758.jpg, 0, 1, 0, 30.19027
C:\Users\ayubb\Pictures\IMG\center_2026_07_29_19_37_00_859.jpg, C:\Users\ayubb\Pictures\IMG\left_2026_07_29_19_37_00_859.jpg, C:\Users\ayubb\Pictures\IMG\right_2026_07_29_19_37_00_859.jpg, 0, 1, 0, 30.18985
C:\Users\ayubb\Pictures\IMG\center_2026_07_29_19_37_00_961.jpg, C:\Users\ayubb\Pictures\IMG\left_2026_07_29_19_37_00_961.jpg, C:\Users\ayubb\Pictures\IMG\right_2026_07_29_19_37_00_961.jpg, 0, 1, 0, 30.18991
C:\Users\ayubb\Pictures\IMG\center_2026_07_29_19_37_01_062.jpg, C:\Users\ayubb\Pictures\IMG\left_2026_07_29_19_37_01_062.jpg, C:\Users\ayubb\Pictures\IMG\right_2026_07_29_19_37_01_062.jpg, 0, 1, 0, 30.18994
C:\Users\ayubb\Pictures\IMG\center_2026_07_29_19_37_01_162.jpg, C:\Users\ayubb\Pictures\IMG\left_2026_07_29_19_37_01_162.jpg, C:\Users\ayubb\Pictures\IMG\right_2026_07_29_19_37_01_162.jpg, 0, 1, 0, 30.19007
C:\Users\ayubb\Pictures\IMG\center_2026_07_29_19_37_01_262.jpg, C:\Users\ayubb\Pictures\IMG\left_2026_07_29_19_37_01_262.jpg, C:\Users\ayubb\Pictures\IMG\right_2026_07_29_19_37_01_262.jpg, 0, 1, 0, 30.18997
C:\Users\ayubb\Pictures\IMG\center_2026_07_29_19_37_01_363.jpg, C:\Users\ayubb\Pictures\IMG\left_2026_07_29_19_37_01_363.jpg, C:\Users\ayubb\Pictures\IMG\right_2026_07_29_19_37_01_363.jpg, 0, 1, 0, 30.1905
C:\Users\ayubb\Pictures\IMG\center_2026_07_29_19_37_01_463.jpg, C:\Users\ayubb\Pictures\IMG\left_2026_07_29_19_37_01_463.jpg, C:\Users\ayubb\Pictures\IMG\right_2026_07_29_19_37_01_463.jpg, 0, 1, 0, 30.19028
C:\Users\ayubb\Pictures\IMG\center_2026_07_29_19_37_01_564.jpg, C:\Users\ayubb\Pictures\IMG\left_2026_07_29_19_37_01_564.jpg, C:\Users\ayubb\Pictures\IMG\right_2026_07_29_19_37_01_564.jpg, 0, 1, 0, 30.19027
C:\Users\ayubb\Pictures\IMG\center_2026_07_29_19_37_01_665.jpg, C:\Users\ayubb\Pictures\IMG\left_2026_07_29_19_37_01_665.jpg, C:\Users\ayubb\Pictures\IMG\right_2026_07_29_19_37_01_665.jpg, 0, 1, 0, 30.19028
C:\Users\ayubb\Pictures\IMG\center_2026_07_29_19_37_01_766.jpg, C:\Users\ayubb\Pictures\IMG\left_2026_07_29_19_37_01_766.jpg, C:\Users\ayubb\Pictures\IMG\right_2026_07_29_19_37_01_766.jpg, 0, 1, 0, 30.19029
C:\Users\ayubb\Pictures\IMG\center_2026_07_29_19_37_01_867.jpg, C:\Users\ayubb\Pictures\IMG\left_2026_07_29_19_37_01_867.jpg, C:\Users\ayubb\Pictures\IMG\right_2026_07_29_19_37_01_867.jpg, 0, 1, 0, 30.18843
C:\Users\ayubb\Pictures\IMG\center_2026_07_29_19_37_01_968.jpg, C:\Users\ayubb\Pictures\IMG\left_2026_07_29_19_37_01_968.jpg, C:\Users\ayubb\Pictures\IMG\right_2026_07_29_19_37_01_968.jpg, 0, 1, 0, 30.19079
C:\Users\ayubb\Pictures\IMG\center_2026_07_29_19_37_02_069.jpg, C:\Users\ayubb\Pictures\IMG\left_2026_07_29_19_37_02_069.jpg, C:\Users\ayubb\Pictures\IMG\right_2026_07_29_19_37_02_069.jpg, 0, 1, 0, 30.18981
C:\Users\ayubb\Pictures\IMG\center_2026_07_29_19_37_02_172.jpg, C:\Users\ayubb\Pictures\IMG\left_2026_07_29_19_37_02_172.jpg, C:\Users\ayubb\Pictures\IMG\right_2026_07_29_19_37_02_172.jpg, 0, 1, 0, 30.19062
C:\Users\ayubb\Pictures\IMG\center_2026_07_29_19_37_02_273.jpg, C:\Users\ayubb\Pictures\IMG\left_2026_07_29_19_37_02_273.jpg, C:\Users\ayubb\Pictures\IMG\right_2026_07_29_19_37_02_273.jpg, -0.1583769, 1, 0, 30.18353
C:\Users\ayubb\Pictures\IMG\center_2026_07_29_19_37_02_375.jpg, C:\Users\ayubb\Pictures\IMG\left_2026_07_29_19_37_02_375.jpg, C:\Users\ayubb\Pictures\IMG\right_2026_07_29_19_37_02_375.jpg, -0.3794331, 1, 0, 30.16056
C:\Users\ayubb\Pictures\IMG\center_2026_07_29_19_37_02_477.jpg, C:\Users\ayubb\Pictures\IMG\left_2026_07_29_19_37_02_477.jpg, C:\Users\ayubb\Pictures\IMG\right_2026_07_29_19_37_02_477.jpg, -0.02651525, 1, 0, 30.18936
C:\Users\ayubb\Pictures\IMG\center_2026_07_29_19_37_02_577.jpg, C:\Users\ayubb\Pictures\IMG\left_2026_07_29_19_37_02_577.jpg, C:\Users\ayubb\Pictures\IMG\right_2026_07_29_19_37_02_577.jpg, 0, 1, 0, 30.18973
C:\Users\ayubb\Pictures\IMG\center_2026_07_29_19_37_02_678.jpg, C:\Users\ayubb\Pictures\IMG\left_2026_07_29_19_37_02_678.jpg, C:\Users\ayubb\Pictures\IMG\right_2026_07_29_19_37_02_678.jpg, 0, 1, 0, 30.19027
C:\Users\ayubb\Pictures\IMG\center_2026_07_29_19_37_02_781.jpg, C:\Users\ayubb\Pictures\IMG\left_2026_07_29_19_37_02_781.jpg, C:\Users\ayubb\Pictures\IMG\right_2026_07_29_19_37_02_781.jpg, 0, 1, 0, 30.19031
C:\Users\ayubb\Pictures\IMG\center_2026_07_29_19_37_02_882.jpg, C:\Users\ayubb\Pictures\IMG\left_2026_07_29_19_37_02_882.jpg, C:\Users\ayubb\Pictures\IMG\right_2026_07_29_19_37_02_882.jpg, 0, 1, 0, 30.19024
C:\Users\ayubb\Pictures\IMG\center_2026_07_29_19_37_02_984.jpg, C:\Users\ayubb\Pictures\IMG\left_2026_07_29_19_37_02_984.jpg, C:\Users\ayubb\Pictures\IMG\right_2026_07_29_19_37_02_984.jpg, 0, 1, 0, 30.19028
C:\Users\ayubb\Pictures\IMG\center_2026_07_29_19_37_03_085.jpg, C:\Users\ayubb\Pictures\IMG\left_2026_07_29_19_37_03_085.jpg, C:\Users\ayubb\Pictures\IMG\right_2026_07_29_19_37_03_085.jpg, -0.1516131, 1, 0, 30.18408
C:\Users\ayubb\Pictures\IMG\center_2026_07_29_19_37_03_188.jpg, C:\Users\ayubb\Pictures\IMG\left_2026_07_29_19_37_03_188.jpg, C:\Users\ayubb\Pictures\IMG\right_2026_07_29_19_37_03_188.jpg, -0.3880596, 1, 0, 30.15895
C:\Users\ayubb\Pictures\IMG\center_2026_07_29_19_37_03_290.jpg, C:\Users\ayubb\Pictures\IMG\left_2026_07_29_19_37_03_290.jpg, C:\Users\ayubb\Pictures\IMG\right_2026_07_29_19_37_03_290.jpg, -0.09257225, 1, 0, 30.19158
C:\Users\ayubb\Pictures\IMG\center_2026_07_29_19_37_03_392.jpg, C:\Users\ayubb\Pictures\IMG\left_2026_07_29_19_37_03_392.jpg, C:\Users\ayubb\Pictures\IMG\right_2026_07_29_19_37_03_392.jpg, 0, 1, 0, 30.18944
C:\Users\ayubb\Pictures\IMG\center_2026_07_29_19_37_03_495.jpg, C:\Users\ayubb\Pictures\IMG\left_2026_07_29_19_37_03_495.jpg, C:\Users\ayubb\Pictures\IMG\right_2026_07_29_19_37_03_495.jpg, -0.0794013, 1, 0, 30.1898
C:\Users\ayubb\Pictures\IMG\center_2026_07_29_19_37_03_594.jpg, C:\Users\ayubb\Pictures\IMG\left_2026_07_29_19_37_03_594.jpg, C:\Users\ayubb\Pictures\IMG\right_2026_07_29_19_37_03_594.jpg, -0.2962944, 1, 0, 30.17255
C:\Users\ayubb\Pictures\IMG\center_2026_07_29_19_37_03_697.jpg, C:\Users\ayubb\Pictures\IMG\left_2026_07_29_19_37_03_697.jpg, C:\Users\ayubb\Pictures\IMG\right_2026_07_29_19_37_03_697.jpg, 0, 1, 0, 30.18853
C:\Users\ayubb\Pictures\IMG\center_2026_07_29_19_37_03_799.jpg, C:\Users\ayubb\Pictures\IMG\left_2026_07_29_19_37_03_799.jpg, C:\Users\ayubb\Pictures\IMG\right_2026_07_29_19_37_03_799.jpg, 0, 1, 0, 30.19015
C:\Users\ayubb\Pictures\IMG\center_2026_07_29_19_37_03_902.jpg, C:\Users\ayubb\Pictures\IMG\left_2026_07_29_19_37_03_902.jpg, C:\Users\ayubb\Pictures\IMG\right_2026_07_29_19_37_03_902.jpg, -0.1367967, 1, 0, 30.18662
C:\Users\ayubb\Pictures\IMG\center_2026_07_29_19_37_04_007.jpg, C:\Users\ayubb\Pictures\IMG\left_2026_07_29_19_37_04_007.jpg, C:\Users\ayubb\Pictures\IMG\right_2026_07_29_19_37_04_007.jpg, -0.390517, 1, 0, 30.15921
C:\Users\ayubb\Pictures\IMG\center_2026_07_29_19_37_04_107.jpg, C:\Users\ayubb\Pictures\IMG\left_2026_07_29_19_37_04_107.jpg, C:\Users\ayubb\Pictures\IMG\right_2026_07_29_19_37_04_107.jpg, -0.08943518, 1, 0, 30.19174
C:\Users\ayubb\Pictures\IMG\center_2026_07_29_19_37_04_210.jpg, C:\Users\ayubb\Pictures\IMG\left_2026_07_29_19_37_04_210.jpg, C:\Users\ayubb\Pictures\IMG\right_2026_07_29_19_37_04_210.jpg, 0, 1, 0, 30.18949
C:\Users\ayubb\Pictures\IMG\center_2026_07_29_19_37_04_310.jpg, C:\Users\ayubb\Pictures\IMG\left_2026_07_29_19_37_04_310.jpg, C:\Users\ayubb\Pictures\IMG\right_2026_07_29_19_37_04_310.jpg, -0.08468521, 1, 0, 30.18978
C:\Users\ayubb\Pictures\IMG\center_2026_07_29_19_37_04_413.jpg, C:\Users\ayubb\Pictures\IMG\left_2026_07_29_19_37_04_413.jpg, C:\Users\ayubb\Pictures\IMG\right_2026_07_29_19_37_04_413.jpg, -0.2741278, 1, 0, 30.17545
C:\Users\ayubb\Pictures\IMG\center_2026_07_29_19_37_04_515.jpg, C:\Users\ayubb\Pictures\IMG\left_2026_07_29_19_37_04_515.jpg, C:\Users\ayubb\Pictures\IMG\right_2026_07_29_19_37_04_515.jpg, 0, 1, 0, 30.18901
C:\Users\ayubb\Pictures\IMG\center_2026_07_29_19_37_04_617.jpg, C:\Users\ayubb\Pictures\IMG\left_2026_07_29_19_37_04_617.jpg, C:\Users\ayubb\Pictures\IMG\right_2026_07_29_19_37_04_617.jpg, 0, 1, 0, 30.18943
C:\Users\ayubb\Pictures\IMG\center_2026_07_29_19_37_04_717.jpg, C:\Users\ayubb\Pictures\IMG\left_2026_07_29_19_37_04_717.jpg, C:\Users\ayubb\Pictures\IMG\right_2026_07_29_19_37_04_717.jpg, 0, 1, 0, 30.19031
C:\Users\ayubb\Pictures\IMG\center_2026_07_29_19_37_04_818.jpg, C:\Users\ayubb\Pictures\IMG\left_2026_07_29_19_37_04_818.jpg, C:\Users\ayubb\Pictures\IMG\right_2026_07_29_19_37_04_818.jpg, -0.06215343, 1, 0, 30.19077
C:\Users\ayubb\Pictures\IMG\center_2026_07_29_19_37_04_921.jpg, C:\Users\ayubb\Pictures\IMG\left_2026_07_29_19_37_04_921.jpg, C:\Users\ayubb\Pictures\IMG\right_2026_07_29_19_37_04_921.jpg, 0, 1, 0, 30.19026
C:\Users\ayubb\Pictures\IMG\center_2026_07_29_19_37_05_022.jpg, C:\Users\ayubb\Pictures\IMG\left_2026_07_29_19_37_05_022.jpg, C:\Users\ayubb\Pictures\IMG\right_2026_07_29_19_37_05_022.jpg, 0, 1, 0, 30.19035
C:\Users\ayubb\Pictures\IMG\center_2026_07_29_19_37_05_124.jpg, C:\Users\ayubb\Pictures\IMG\left_2026_07_29_19_37_05_124.jpg, C:\Users\ayubb\Pictures\IMG\right_2026_07_29_19_37_05_124.jpg, 0, 1, 0, 30.19031
C:\Users\ayubb\Pictures\IMG\center_2026_07_29_19_37_05_225.jpg, C:\Users\ayubb\Pictures\IMG\left_2026_07_29_19_37_05_225.jpg, C:\Users\ayubb\Pictures\IMG\right_2026_07_29_19_37_05_225.jpg, 0, 1, 0, 30.19029
C:\Users\ayubb\Pictures\IMG\center_2026_07_29_19_37_05_326.jpg, C:\Users\ayubb\Pictures\IMG\left_2026_07_29_19_37_05_326.jpg, C:\Users\ayubb\Pictures\IMG\right_2026_07_29_19_37_05_326.jpg, 0, 1, 0, 30.19031
C:\Users\ayubb\Pictures\IMG\center_2026_07_29_19_37_05_427.jpg, C:\Users\ayubb\Pictures\IMG\left_2026_07_29_19_37_05_427.jpg, C:\Users\ayubb\Pictures\IMG\right_2026_07_29_19_37_05_427.jpg, 0, 1, 0, 30.19027
C:\Users\ayubb\Pictures\IMG\center_2026_07_29_19_37_05_529.jpg, C:\Users\ayubb\Pictures\IMG\left_2026_07_29_19_37_05_529.jpg, C:\Users\ayubb\Pictures\IMG\right_2026_07_29_19_37_05_529.jpg, 0, 1, 0, 30.1903
C:\Users\ayubb\Pictures\IMG\center_2026_07_29_19_37_05_632.jpg, C:\Users\ayubb\Pictures\IMG\left_2026_07_29_19_37_05_632.jpg, C:\Users\ayubb\Pictures\IMG\right_2026_07_29_19_37_05_632.jpg, 0, 1, 0, 30.1898
C:\Users\ayubb\Pictures\IMG\center_2026_07_29_19_37_05_733.jpg, C:\Users\ayubb\Pictures\IMG\left_2026_07_29_19_37_05_733.jpg, C:\Users\ayubb\Pictures\IMG\right_2026_07_29_19_37_05_733.jpg, 0, 1, 0, 30.1903
C:\Users\ayubb\Pictures\IMG\center_2026_07_29_19_37_05_836.jpg, C:\Users\ayubb\Pictures\IMG\left_2026_07_29_19_37_05_836.jpg, C:\Users\ayubb\Pictures\IMG\right_2026_07_29_19_37_05_836.jpg, -0.254526, 1, 0, 30.17373
C:\Users\ayubb\Pictures\IMG\center_2026_07_29_19_37_05_937.jpg, C:\Users\ayubb\Pictures\IMG\left_2026_07_29_19_37_05_937.jpg, C:\Users\ayubb\Pictures\IMG\right_2026_07_29_19_37_05_937.jpg, -0.3289242, 1, 0, 30.17768
C:\Users\ayubb\Pictures\IMG\center_2026_07_29_19_37_06_041.jpg, C:\Users\ayubb\Pictures\IMG\left_2026_07_29_19_37_06_041.jpg, C:\Users\ayubb\Pictures\IMG\right_2026_07_29_19_37_06_041.jpg, -0.03111628, 1, 0, 30.18917
C:\Users\ayubb\Pictures\IMG\center_2026_07_29_19_37_06_142.jpg, C:\Users\ayubb\Pictures\IMG\left_2026_07_29_19_37_06_142.jpg, C:\Users\ayubb\Pictures\IMG\right_2026_07_29_19_37_06_142.jpg, 0, 1, 0, 30.18963
C:\Users\ayubb\Pictures\IMG\center_2026_07_29_19_37_06_246.jpg, C:\Users\ayubb\Pictures\IMG\left_2026_07_29_19_37_06_246.jpg, C:\Users\ayubb\Pictures\IMG\right_2026_07_29_19_37_06_246.jpg, 0, 1, 0, 30.1902
C:\Users\ayubb\Pictures\IMG\center_2026_07_29_19_37_06_347.jpg, C:\Users\ayubb\Pictures\IMG\left_2026_07_29_19_37_06_347.jpg, C:\Users\ayubb\Pictures\IMG\right_2026_07_29_19_37_06_347.jpg, 0, 1, 0, 30.19031
C:\Users\ayubb\Pictures\IMG\center_2026_07_29_19_37_06_449.jpg, C:\Users\ayubb\Pictures\IMG\left_2026_07_29_19_37_06_449.jpg, C:\Users\ayubb\Pictures\IMG\right_2026_07_29_19_37_06_449.jpg, 0, 1, 0, 30.19029
C:\Users\ayubb\Pictures\IMG\center_2026_07_29_19_37_06_550.jpg, C:\Users\ayubb\Pictures\IMG\left_2026_07_29_19_37_06_550.jpg, C:\Users\ayubb\Pictures\IMG\right_2026_07_29_19_37_06_550.jpg, 0, 1, 0, 30.19031
C:\Users\ayubb\Pictures\IMG\center_2026_07_29_19_37_06_652.jpg, C:\Users\ayubb\Pictures\IMG\left_2026_07_29_19_37_06_652.jpg, C:\Users\ayubb\Pictures\IMG\right_2026_07_29_19_37_06_652.jpg, 0, 1, 0, 30.18997
C:\Users\ayubb\Pictures\IMG\center_2026_07_29_19_37_06_754.jpg, C:\Users\ayubb\Pictures\IMG\left_2026_07_29_19_37_06_754.jpg, C:\Users\ayubb\Pictures\IMG\right_2026_07_29_19_37_06_754.jpg, 0, 1, 0, 30.1903
C:\Users\ayubb\Pictures\IMG\center_2026_07_29_19_37_06_855.jpg, C:\Users\ayubb\Pictures\IMG\left_2026_07_29_19_37_06_855.jpg, C:\Users\ayubb\Pictures\IMG\right_2026_07_29_19_37_06_855.jpg, 0, 1, 0, 30.18989
C:\Users\ayubb\Pictures\IMG\center_2026_07_29_19_37_06_958.jpg, C:\Users\ayubb\Pictures\IMG\left_2026_07_29_19_37_06_958.jpg, C:\Users\ayubb\Pictures\IMG\right_2026_07_29_19_37_06_958.jpg, -0.3028701, 1, 0, 30.1678
C:\Users\ayubb\Pictures\IMG\center_2026_07_29_19_37_07_058.jpg, C:\Users\ayubb\Pictures\IMG\left_2026_07_29_19_37_07_058.jpg, C:\Users\ayubb\Pictures\IMG\right_2026_07_29_19_37_07_058.jpg, -0.2849625, 1, 0, 30.18409
C:\Users\ayubb\Pictures\IMG\center_2026_07_29_19_37_07_158.jpg, C:\Users\ayubb\Pictures\IMG\left_2026_07_29_19_37_07_158.jpg, C:\Users\ayubb\Pictures\IMG\right_2026_07_29_19_37_07_158.jpg, 0, 1, 0, 30.18733
C:\Users\ayubb\Pictures\IMG\center_2026_07_29_19_37_07_259.jpg, C:\Users\ayubb\Pictures\IMG\left_2026_07_29_19_37_07_259.jpg, C:\Users\ayubb\Pictures\IMG\right_2026_07_29_19_37_07_259.jpg, 0, 1, 0, 30.18981
C:\Users\ayubb\Pictures\IMG\center_2026_07_29_19_37_07_361.jpg, C:\Users\ayubb\Pictures\IMG\left_2026_07_29_19_37_07_361.jpg, C:\Users\ayubb\Pictures\IMG\right_2026_07_29_19_37_07_361.jpg, 0, 1, 0, 30.19027
C:\Users\ayubb\Pictures\IMG\center_2026_07_29_19_37_07_463.jpg, C:\Users\ayubb\Pictures\IMG\left_2026_07_29_19_37_07_463.jpg, C:\Users\ayubb\Pictures\IMG\right_2026_07_29_19_37_07_463.jpg, 0, 1, 0, 30.18966
C:\Users\ayubb\Pictures\IMG\center_2026_07_29_19_37_07_566.jpg, C:\Users\ayubb\Pictures\IMG\left_2026_07_29_19_37_07_566.jpg, C:\Users\ayubb\Pictures\IMG\right_2026_07_29_19_37_07_566.jpg, 0, 1, 0, 30.19006
C:\Users\ayubb\Pictures\IMG\center_2026_07_29_19_37_07_669.jpg, C:\Users\ayubb\Pictures\IMG\left_2026_07_29_19_37_07_669.jpg, C:\Users\ayubb\Pictures\IMG\right_2026_07_29_19_37_07_669.jpg, 0, 1, 0, 30.1901
C:\Users\ayubb\Pictures\IMG\center_2026_07_29_19_37_07_770.jpg, C:\Users\ayubb\Pictures\IMG\left_2026_07_29_19_37_07_770.jpg, C:\Users\ayubb\Pictures\IMG\right_2026_07_29_19_37_07_770.jpg, 0, 1, 0, 30.1904
C:\Users\ayubb\Pictures\IMG\center_2026_07_29_19_37_07_871.jpg, C:\Users\ayubb\Pictures\IMG\left_2026_07_29_19_37_07_871.jpg, C:\Users\ayubb\Pictures\IMG\right_2026_07_29_19_37_07_871.jpg, 0, 1, 0, 30.19025
C:\Users\ayubb\Pictures\IMG\center_2026_07_29_19_37_07_973.jpg, C:\Users\ayubb\Pictures\IMG\left_2026_07_29_19_37_07_973.jpg, C:\Users\ayubb\Pictures\IMG\right_2026_07_29_19_37_07_973.jpg, 0, 1, 0, 30.19074
C:\Users\ayubb\Pictures\IMG\center_2026_07_29_19_37_08_075.jpg, C:\Users\ayubb\Pictures\IMG\left_2026_07_29_19_37_08_075.jpg, C:\Users\ayubb\Pictures\IMG\right_2026_07_29_19_37_08_075.jpg, 0, 1, 0, 30.19043
C:\Users\ayubb\Pictures\IMG\center_2026_07_29_19_37_08_177.jpg, C:\Users\ayubb\Pictures\IMG\left_2026_07_29_19_37_08_177.jpg, C:\Users\ayubb\Pictures\IMG\right_2026_07_29_19_37_08_177.jpg, 0, 1, 0, 30.19038
C:\Users\ayubb\Pictures\IMG\center_2026_07_29_19_37_08_278.jpg, C:\Users\ayubb\Pictures\IMG\left_2026_07_29_19_37_08_278.jpg, C:\Users\ayubb\Pictures\IMG\right_2026_07_29_19_37_08_278.jpg, 0, 1, 0, 30.1904
C:\Users\ayubb\Pictures\IMG\center_2026_07_29_19_37_08_379.jpg, C:\Users\ayubb\Pictures\IMG\left_2026_07_29_19_37_08_379.jpg, C:\Users\ayubb\Pictures\IMG\right_2026_07_29_19_37_08_379.jpg, 0, 1, 0, 30.19029
C:\Users\ayubb\Pictures\IMG\center_2026_07_29_19_37_08_482.jpg, C:\Users\ayubb\Pictures\IMG\left_2026_07_29_19_37_08_482.jpg, C:\Users\ayubb\Pictures\IMG\right_2026_07_29_19_37_08_482.jpg, 0, 1, 0, 30.19036
C:\Users\ayubb\Pictures\IMG\center_2026_07_29_19_37_08_583.jpg, C:\Users\ayubb\Pictures\IMG\left_2026_07_29_19_37_08_583.jpg, C:\Users\ayubb\Pictures\IMG\right_2026_07_29_19_37_08_583.jpg, 0, 1, 0, 30.19023
C:\Users\ayubb\Pictures\IMG\center_2026_07_29_19_37_08_688.jpg, C:\Users\ayubb\Pictures\IMG\left_2026_07_29_19_37_08_688.jpg, C:\Users\ayubb\Pictures\IMG\right_2026_07_29_19_37_08_688.jpg, 0, 1, 0, 30.19032
C:\Users\ayubb\Pictures\IMG\center_2026_07_29_19_37_08_790.jpg, C:\Users\ayubb\Pictures\IMG\left_2026_07_29_19_37_08_790.jpg, C:\Users\ayubb\Pictures\IMG\right_2026_07_29_19_37_08_790.jpg, 0, 1, 0, 30.1902
C:\Users\ayubb\Pictures\IMG\center_2026_07_29_19_37_08_890.jpg, C:\Users\ayubb\Pictures\IMG\left_2026_07_29_19_37_08_890.jpg, C:\Users\ayubb\Pictures\IMG\right_2026_07_29_19_37_08_890.jpg, 0, 1, 0, 30.1903
C:\Users\ayubb\Pictures\IMG\center_2026_07_29_19_37_08_990.jpg, C:\Users\ayubb\Pictures\IMG\left_2026_07_29_19_37_08_990.jpg, C:\Users\ayubb\Pictures\IMG\right_2026_07_29_19_37_08_990.jpg, -0.219993, 1, 0, 30.17717
C:\Users\ayubb\Pictures\IMG\center_2026_07_29_19_37_09_093.jpg, C:\Users\ayubb\Pictures\IMG\left_2026_07_29_19_37_09_093.jpg, C:\Users\ayubb\Pictures\IMG\right_2026_07_29_19_37_09_093.jpg, -0.1564775, 1, 0, 30.18946
C:\Users\ayubb\Pictures\IMG\center_2026_07_29_19_37_09_195.jpg, C:\Users\ayubb\Pictures\IMG\left_2026_07_29_19_37_09_195.jpg, C:\Users\ayubb\Pictures\IMG\right_2026_07_29_19_37_09_195.jpg, 0, 1, 0, 30.18947
C:\Users\ayubb\Pictures\IMG\center_2026_07_29_19_37_09_295.jpg, C:\Users\ayubb\Pictures\IMG\left_2026_07_29_19_37_09_295.jpg, C:\Users\ayubb\Pictures\IMG\right_2026_07_29_19_37_09_295.jpg, 0, 1, 0, 30.19019
C:\Users\ayubb\Pictures\IMG\center_2026_07_29_19_37_09_397.jpg, C:\Users\ayubb\Pictures\IMG\left_2026_07_29_19_37_09_397.jpg, C:\Users\ayubb\Pictures\IMG\right_2026_07_29_19_37_09_397.jpg, 0, 1, 0, 30.19029
C:\Users\ayubb\Pictures\IMG\center_2026_07_29_19_37_09_501.jpg, C:\Users\ayubb\Pictures\IMG\left_2026_07_29_19_37_09_501.jpg, C:\Users\ayubb\Pictures\IMG\right_2026_07_29_19_37_09_501.jpg, 0, 1, 0, 30.19032
C:\Users\ayubb\Pictures\IMG\center_2026_07_29_19_37_09_603.jpg, C:\Users\ayubb\Pictures\IMG\left_2026_07_29_19_37_09_603.jpg, C:\Users\ayubb\Pictures\IMG\right_2026_07_29_19_37_09_603.jpg, 0, 1, 0, 30.19029
C:\Users\ayubb\Pictures\IMG\center_2026_07_29_19_37_09_707.jpg, C:\Users\ayubb\Pictures\IMG\left_2026_07_29_19_37_09_707.jpg, C:\Users\ayubb\Pictures\IMG\right_2026_07_29_19_37_09_707.jpg, 0, 1, 0, 30.19029
C:\Users\ayubb\Pictures\IMG\center_2026_07_29_19_37_09_807.jpg, C:\Users\ayubb\Pictures\IMG\left_2026_07_29_19_37_09_807.jpg, C:\Users\ayubb\Pictures\IMG\right_2026_07_29_19_37_09_807.jpg, 0, 1, 0, 30.19029
C:\Users\ayubb\Pictures\IMG\center_2026_07_29_19_37_09_909.jpg, C:\Users\ayubb\Pictures\IMG\left_2026_07_29_19_37_09_909.jpg, C:\Users\ayubb\Pictures\IMG\right_2026_07_29_19_37_09_909.jpg, 0, 1, 0, 30.19031
C:\Users\ayubb\Pictures\IMG\center_2026_07_29_19_37_10_012.jpg, C:\Users\ayubb\Pictures\IMG\left_2026_07_29_19_37_10_012.jpg, C:\Users\ayubb\Pictures\IMG\right_2026_07_29_19_37_10_012.jpg, 0, 1, 0, 30.19029
C:\Users\ayubb\Pictures\IMG\center_2026_07_29_19_37_10_113.jpg, C:\Users\ayubb\Pictures\IMG\left_2026_07_29_19_37_10_113.jpg, C:\Users\ayubb\Pictures\IMG\right_2026_07_29_19_37_10_113.jpg, 0, 1, 0, 30.1903
C:\Users\ayubb\Pictures\IMG\center_2026_07_29_19_37_10_216.jpg, C:\Users\ayubb\Pictures\IMG\left_2026_07_29_19_37_10_216.jpg, C:\Users\ayubb\Pictures\IMG\right_2026_07_29_19_37_10_216.jpg, -0.3006477, 1, 0, 30.16811
C:\Users\ayubb\Pictures\IMG\center_2026_07_29_19_37_10_319.jpg, C:\Users\ayubb\Pictures\IMG\left_2026_07_29_19_37_10_319.jpg, C:\Users\ayubb\Pictures\IMG\right_2026_07_29_19_37_10_319.jpg, -0.04270238, 1, 0, 30.19053
C:\Users\ayubb\Pictures\IMG\center_2026_07_29_19_37_10_419.jpg, C:\Users\ayubb\Pictures\IMG\left_2026_07_29_19_37_10_419.jpg, C:\Users\ayubb\Pictures\IMG\right_2026_07_29_19_37_10_419.jpg, 0, 1, 0, 30.18986
C:\Users\ayubb\Pictures\IMG\center_2026_07_29_19_37_10_522.jpg, C:\Users\ayubb\Pictures\IMG\left_2026_07_29_19_37_10_522.jpg, C:\Users\ayubb\Pictures\IMG\right_2026_07_29_19_37_10_522.jpg, -0.1099056, 1, 0, 30.18856
C:\Users\ayubb\Pictures\IMG\center_2026_07_29_19_37_10_626.jpg, C:\Users\ayubb\Pictures\IMG\left_2026_07_29_19_37_10_626.jpg, C:\Users\ayubb\Pictures\IMG\right_2026_07_29_19_37_10_626.jpg, -0.2135332, 1, 0, 30.18425
C:\Users\ayubb\Pictures\IMG\center_2026_07_29_19_37_10_727.jpg, C:\Users\ayubb\Pictures\IMG\left_2026_07_29_19_37_10_727.jpg, C:\Users\ayubb\Pictures\IMG\right_2026_07_29_19_37_10_727.jpg, 0, 1, 0, 30.18906
C:\Users\ayubb\Pictures\IMG\center_2026_07_29_19_37_10_828.jpg, C:\Users\ayubb\Pictures\IMG\left_2026_07_29_19_37_10_828.jpg, C:\Users\ayubb\Pictures\IMG\right_2026_07_29_19_37_10_828.jpg, 0, 1, 0, 30.19017
C:\Users\ayubb\Pictures\IMG\center_2026_07_29_19_37_10_928.jpg, C:\Users\ayubb\Pictures\IMG\left_2026_07_29_19_37_10_928.jpg, C:\Users\ayubb\Pictures\IMG\right_2026_07_29_19_37_10_928.jpg, -0.1563471, 1, 0, 30.18499
C:\Users\ayubb\Pictures\IMG\center_2026_07_29_19_37_11_030.jpg, C:\Users\ayubb\Pictures\IMG\left_2026_07_29_19_37_11_030.jpg, C:\Users\ayubb\Pictures\IMG\right_2026_07_29_19_37_11_030.jpg, -0.05163119, 1, 0, 30.1909
C:\Users\ayubb\Pictures\IMG\center_2026_07_29_19_37_11_133.jpg, C:\Users\ayubb\Pictures\IMG\left_2026_07_29_19_37_11_133.jpg, C:\Users\ayubb\Pictures\IMG\right_2026_07_29_19_37_11_133.jpg, 0, 1, 0, 30.19012
C:\Users\ayubb\Pictures\IMG\center_2026_07_29_19_37_11_235.jpg, C:\Users\ayubb\Pictures\IMG\left_2026_07_29_19_37_11_235.jpg, C:\Users\ayubb\Pictures\IMG\right_2026_07_29_19_37_11_235.jpg, 0, 1, 0, 30.1903
C:\Users\ayubb\Pictures\IMG\center_2026_07_29_19_37_11_335.jpg, C:\Users\ayubb\Pictures\IMG\left_2026_07_29_19_37_11_335.jpg, C:\Users\ayubb\Pictures\IMG\right_2026_07_29_19_37_11_335.jpg, 0, 1, 0, 30.1903
C:\Users\ayubb\Pictures\IMG\center_2026_07_29_19_37_11_439.jpg, C:\Users\ayubb\Pictures\IMG\left_2026_07_29_19_37_11_439.jpg, C:\Users\ayubb\Pictures\IMG\right_2026_07_29_19_37_11_439.jpg, 0, 1, 0, 30.19032
C:\Users\ayubb\Pictures\IMG\center_2026_07_29_19_37_11_541.jpg, C:\Users\ayubb\Pictures\IMG\left_2026_07_29_19_37_11_541.jpg, C:\Users\ayubb\Pictures\IMG\right_2026_07_29_19_37_11_541.jpg, 0, 1, 0, 30.1903
C:\Users\ayubb\Pictures\IMG\center_2026_07_29_19_37_11_642.jpg, C:\Users\ayubb\Pictures\IMG\left_2026_07_29_19_37_11_642.jpg, C:\Users\ayubb\Pictures\IMG\right_2026_07_29_19_37_11_642.jpg, 0, 1, 0, 30.19029
C:\Users\ayubb\Pictures\IMG\center_2026_07_29_19_37_11_744.jpg, C:\Users\ayubb\Pictures\IMG\left_2026_07_29_19_37_11_744.jpg, C:\Users\ayubb\Pictures\IMG\right_2026_07_29_19_37_11_744.jpg, 0, 1, 0, 30.1903
C:\Users\ayubb\Pictures\IMG\center_2026_07_29_19_37_11_846.jpg, C:\Users\ayubb\Pictures\IMG\left_2026_07_29_19_37_11_846.jpg, C:\Users\ayubb\Pictures\IMG\right_2026_07_29_19_37_11_846.jpg, -0.2004393, 1, 0, 30.1798
C:\Users\ayubb\Pictures\IMG\center_2026_07_29_19_37_11_948.jpg, C:\Users\ayubb\Pictures\IMG\left_2026_07_29_19_37_11_948.jpg, C:\Users\ayubb\Pictures\IMG\right_2026_07_29_19_37_11_948.jpg, 0, 1, 0, 30.18961
C:\Users\ayubb\Pictures\IMG\center_2026_07_29_19_37_12_050.jpg, C:\Users\ayubb\Pictures\IMG\left_2026_07_29_19_37_12_050.jpg, C:\Users\ayubb\Pictures\IMG\right_2026_07_29_19_37_12_050.jpg, 0, 1, 0, 30.1902
C:\Users\ayubb\Pictures\IMG\center_2026_07_29_19_37_12_151.jpg, C:\Users\ayubb\Pictures\IMG\left_2026_07_29_19_37_12_151.jpg, C:\Users\ayubb\Pictures\IMG\right_2026_07_29_19_37_12_151.jpg, 0, 1, 0, 30.19028
C:\Users\ayubb\Pictures\IMG\center_2026_07_29_19_37_12_252.jpg, C:\Users\ayubb\Pictures\IMG\left_2026_07_29_19_37_12_252.jpg, C:\Users\ayubb\Pictures\IMG\right_2026_07_29_19_37_12_252.jpg, 0, 1, 0, 30.19031
C:\Users\ayubb\Pictures\IMG\center_2026_07_29_19_37_12_352.jpg, C:\Users\ayubb\Pictures\IMG\left_2026_07_29_19_37_12_352.jpg, C:\Users\ayubb\Pictures\IMG\right_2026_07_29_19_37_12_352.jpg, 0, 1, 0, 30.19029
C:\Users\ayubb\Pictures\IMG\center_2026_07_29_19_37_12_455.jpg, C:\Users\ayubb\Pictures\IMG\left_2026_07_29_19_37_12_455.jpg, C:\Users\ayubb\Pictures\IMG\right_2026_07_29_19_37_12_455.jpg, 0.1683006, 1, 0, 30.18284
C:\Users\ayubb\Pictures\IMG\center_2026_07_29_19_37_12_558.jpg, C:\Users\ayubb\Pictures\IMG\left_2026_07_29_19_37_12_558.jpg, C:\Users\ayubb\Pictures\IMG\right_2026_07_29_19_37_12_558.jpg, 0, 1, 0, 30.18963
C:\Users\ayubb\Pictures\IMG\center_2026_07_29_19_37_12_660.jpg, C:\Users\ayubb\Pictures\IMG\left_2026_07_29_19_37_12_660.jpg, C:\Users\ayubb\Pictures\IMG\right_2026_07_29_19_37_12_660.jpg, 0, 1, 0, 30.19018
C:\Users\ayubb\Pictures\IMG\center_2026_07_29_19_37_12_760.jpg, C:\Users\ayubb\Pictures\IMG\left_2026_07_29_19_37_12_760.jpg, C:\Users\ayubb\Pictures\IMG\right_2026_07_29_19_37_12_760.jpg, 0, 1, 0, 30.19022
C:\Users\ayubb\Pictures\IMG\center_2026_07_29_19_37_12_862.jpg, C:\Users\ayubb\Pictures\IMG\left_2026_07_29_19_37_12_862.jpg, C:\Users\ayubb\Pictures\IMG\right_2026_07_29_19_37_12_862.jpg, 0, 1, 0, 30.1903
C:\Users\ayubb\Pictures\IMG\center_2026_07_29_19_37_12_963.jpg, C:\Users\ayubb\Pictures\IMG\left_2026_07_29_19_37_12_963.jpg, C:\Users\ayubb\Pictures\IMG\right_2026_07_29_19_37_12_963.jpg, 0, 1, 0, 30.19032
C:\Users\ayubb\Pictures\IMG\center_2026_07_29_19_37_13_067.jpg, C:\Users\ayubb\Pictures\IMG\left_2026_07_29_19_37_13_067.jpg, C:\Users\ayubb\Pictures\IMG\right_2026_07_29_19_37_13_067.jpg, 0, 1, 0, 30.19031
C:\Users\ayubb\Pictures\IMG\center_2026_07_29_19_37_13_167.jpg, C:\Users\ayubb\Pictures\IMG\left_2026_07_29_19_37_13_167.jpg, C:\Users\ayubb\Pictures\IMG\right_2026_07_29_19_37_13_167.jpg, 0, 1, 0, 30.1903
C:\Users\ayubb\Pictures\IMG\center_2026_07_29_19_37_13_270.jpg, C:\Users\ayubb\Pictures\IMG\left_2026_07_29_19_37_13_270.jpg, C:\Users\ayubb\Pictures\IMG\right_2026_07_29_19_37_13_270.jpg, 0, 1, 0, 30.19029
C:\Users\ayubb\Pictures\IMG\center_2026_07_29_19_37_13_372.jpg, C:\Users\ayubb\Pictures\IMG\left_2026_07_29_19_37_13_372.jpg, C:\Users\ayubb\Pictures\IMG\right_2026_07_29_19_37_13_372.jpg, 0, 1, 0, 30.19029
C:\Users\ayubb\Pictures\IMG\center_2026_07_29_19_37_13_473.jpg, C:\Users\ayubb\Pictures\IMG\left_2026_07_29_19_37_13_473.jpg, C:\Users\ayubb\Pictures\IMG\right_2026_07_29_19_37_13_473.jpg, 0, 1, 0, 30.19031
C:\Users\ayubb\Pictures\IMG\center_2026_07_29_19_37_13_575.jpg, C:\Users\ayubb\Pictures\IMG\left_2026_07_29_19_37_13_575.jpg, C:\Users\ayubb\Pictures\IMG\right_2026_07_29_19_37_13_575.jpg, 0, 1, 0, 30.1903
C:\Users\ayubb\Pictures\IMG\center_2026_07_29_19_37_13_676.jpg, C:\Users\ayubb\Pictures\IMG\left_2026_07_29_19_37_13_676.jpg, C:\Users\ayubb\Pictures\IMG\right_2026_07_29_19_37_13_676.jpg, 0, 1, 0, 30.19029
C:\Users\ayubb\Pictures\IMG\center_2026_07_29_19_37_13_775.jpg, C:\Users\ayubb\Pictures\IMG\left_2026_07_29_19_37_13_775.jpg, C:\Users\ayubb\Pictures\IMG\right_2026_07_29_19_37_13_775.jpg, 0, 1, 0, 30.19031
C:\Users\ayubb\Pictures\IMG\center_2026_07_29_19_37_13_877.jpg, C:\Users\ayubb\Pictures\IMG\left_2026_07_29_19_37_13_877.jpg, C:\Users\ayubb\Pictures\IMG\right_2026_07_29_19_37_13_877.jpg, 0, 1, 0, 30.1903
C:\Users\ayubb\Pictures\IMG\center_2026_07_29_19_37_13_980.jpg, C:\Users\ayubb\Pictures\IMG\left_2026_07_29_19_37_13_980.jpg, C:\Users\ayubb\Pictures\IMG\right_2026_07_29_19_37_13_980.jpg, -0.264255, 1, 0, 30.17229
C:\Users\ayubb\Pictures\IMG\center_2026_07_29_19_37_14_082.jpg, C:\Users\ayubb\Pictures\IMG\left_2026_07_29_19_37_14_082.jpg, C:\Users\ayubb\Pictures\IMG\right_2026_07_29_19_37_14_082.jpg, -0.0584847, 1, 0, 30.19091
C:\Users\ayubb\Pictures\IMG\center_2026_07_29_19_37_14_183.jpg, C:\Users\ayubb\Pictures\IMG\left_2026_07_29_19_37_14_183.jpg, C:\Users\ayubb\Pictures\IMG\right_2026_07_29_19_37_14_183.jpg, 0, 1, 0, 30.1899
C:\Users\ayubb\Pictures\IMG\center_2026_07_29_19_37_14_284.jpg, C:\Users\ayubb\Pictures\IMG\left_2026_07_29_19_37_14_284.jpg, C:\Users\ayubb\Pictures\IMG\right_2026_07_29_19_37_14_284.jpg, 0, 1, 0, 30.19024
C:\Users\ayubb\Pictures\IMG\center_2026_07_29_19_37_14_387.jpg, C:\Users\ayubb\Pictures\IMG\left_2026_07_29_19_37_14_387.jpg, C:\Users\ayubb\Pictures\IMG\right_2026_07_29_19_37_14_387.jpg, 0, 1, 0, 30.19029
C:\Users\ayubb\Pictures\IMG\center_2026_07_29_19_37_14_489.jpg, C:\Users\ayubb\Pictures\IMG\left_2026_07_29_19_37_14_489.jpg, C:\Users\ayubb\Pictures\IMG\right_2026_07_29_19_37_14_489.jpg, 0, 1, 0, 30.19031
C:\Users\ayubb\Pictures\IMG\center_2026_07_29_19_37_14_591.jpg, C:\Users\ayubb\Pictures\IMG\left_2026_07_29_19_37_14_591.jpg, C:\Users\ayubb\Pictures\IMG\right_2026_07_29_19_37_14_591.jpg, 0, 1, 0, 30.19029
C:\Users\ayubb\Pictures\IMG\center_2026_07_29_19_37_14_693.jpg, C:\Users\ayubb\Pictures\IMG\left_2026_07_29_19_37_14_693.jpg, C:\Users\ayubb\Pictures\IMG\right_2026_07_29_19_37_14_693.jpg, 0, 1, 0, 30.19029
C:\Users\ayubb\Pictures\IMG\center_2026_07_29_19_37_14_795.jpg, C:\Users\ayubb\Pictures\IMG\left_2026_07_29_19_37_14_795.jpg, C:\Users\ayubb\Pictures\IMG\right_2026_07_29_19_37_14_795.jpg, 0, 1, 0, 30.19029
C:\Users\ayubb\Pictures\IMG\center_2026_07_29_19_37_14_897.jpg, C:\Users\ayubb\Pictures\IMG\left_2026_07_29_19_37_14_897.jpg, C:\Users\ayubb\Pictures\IMG\right_2026_07_29_19_37_14_897.jpg, 0, 1, 0, 30.19031
C:\Users\ayubb\Pictures\IMG\center_2026_07_29_19_37_14_997.jpg, C:\Users\ayubb\Pictures\IMG\left_2026_07_29_19_37_14_997.jpg, C:\Users\ayubb\Pictures\IMG\right_2026_07_29_19_37_14_997.jpg, 0, 1, 0, 30.19029
C:\Users\ayubb\Pictures\IMG\center_2026_07_29_19_37_15_100.jpg, C:\Users\ayubb\Pictures\IMG\left_2026_07_29_19_37_15_100.jpg, C:\Users\ayubb\Pictures\IMG\right_2026_07_29_19_37_15_100.jpg, 0, 1, 0, 30.19028
C:\Users\ayubb\Pictures\IMG\center_2026_07_29_19_37_15_202.jpg, C:\Users\ayubb\Pictures\IMG\left_2026_07_29_19_37_15_202.jpg, C:\Users\ayubb\Pictures\IMG\right_2026_07_29_19_37_15_202.jpg, 0, 1, 0, 30.1903
C:\Users\ayubb\Pictures\IMG\center_2026_07_29_19_37_15_305.jpg, C:\Users\ayubb\Pictures\IMG\left_2026_07_29_19_37_15_305.jpg, C:\Users\ayubb\Pictures\IMG\right_2026_07_29_19_37_15_305.jpg, 0, 1, 0, 30.1903
C:\Users\ayubb\Pictures\IMG\center_2026_07_29_19_37_15_405.jpg, C:\Users\ayubb\Pictures\IMG\left_2026_07_29_19_37_15_405.jpg, C:\Users\ayubb\Pictures\IMG\right_2026_07_29_19_37_15_405.jpg, 0, 1, 0, 30.1903
C:\Users\ayubb\Pictures\IMG\center_2026_07_29_19_37_15_505.jpg, C:\Users\ayubb\Pictures\IMG\left_2026_07_29_19_37_15_505.jpg, C:\Users\ayubb\Pictures\IMG\right_2026_07_29_19_37_15_505.jpg, 0, 1, 0, 30.19031
C:\Users\ayubb\Pictures\IMG\center_2026_07_29_19_37_15_606.jpg, C:\Users\ayubb\Pictures\IMG\left_2026_07_29_19_37_15_606.jpg, C:\Users\ayubb\Pictures\IMG\right_2026_07_29_19_37_15_606.jpg, -0.2838546, 1, 0, 30.1701
C:\Users\ayubb\Pictures\IMG\center_2026_07_29_19_37_15_707.jpg, C:\Users\ayubb\Pictures\IMG\left_2026_07_29_19_37_15_707.jpg, C:\Users\ayubb\Pictures\IMG\right_2026_07_29_19_37_15_707.jpg, -0.2493432, 1, 0, 30.18631
C:\Users\ayubb\Pictures\IMG\center_2026_07_29_19_37_15_809.jpg, C:\Users\ayubb\Pictures\IMG\left_2026_07_29_19_37_15_809.jpg, C:\Users\ayubb\Pictures\IMG\right_2026_07_29_19_37_15_809.jpg, 0, 1, 0, 30.18736
C:\Users\ayubb\Pictures\IMG\center_2026_07_29_19_37_15_911.jpg, C:\Users\ayubb\Pictures\IMG\left_2026_07_29_19_37_15_911.jpg, C:\Users\ayubb\Pictures\IMG\right_2026_07_29_19_37_15_911.jpg, 0, 1, 0, 30.18996
C:\Users\ayubb\Pictures\IMG\center_2026_07_29_19_37_16_011.jpg, C:\Users\ayubb\Pictures\IMG\left_2026_07_29_19_37_16_011.jpg, C:\Users\ayubb\Pictures\IMG\right_2026_07_29_19_37_16_011.jpg, 0, 1, 0, 30.19028
C:\Users\ayubb\Pictures\IMG\center_2026_07_29_19_37_16_113.jpg, C:\Users\ayubb\Pictures\IMG\left_2026_07_29_19_37_16_113.jpg, C:\Users\ayubb\Pictures\IMG\right_2026_07_29_19_37_16_113.jpg, 0, 1, 0, 30.19031
C:\Users\ayubb\Pictures\IMG\center_2026_07_29_19_37_16_214.jpg, C:\Users\ayubb\Pictures\IMG\left_2026_07_29_19_37_16_214.jpg, C:\Users\ayubb\Pictures\IMG\right_2026_07_29_19_37_16_214.jpg, 0, 1, 0, 30.1903
C:\Users\ayubb\Pictures\IMG\center_2026_07_29_19_37_16_316.jpg, C:\Users\ayubb\Pictures\IMG\left_2026_07_29_19_37_16_316.jpg, C:\Users\ayubb\Pictures\IMG\right_2026_07_29_19_37_16_316.jpg, 0, 1, 0, 30.19029
C:\Users\ayubb\Pictures\IMG\center_2026_07_29_19_37_16_418.jpg, C:\Users\ayubb\Pictures\IMG\left_2026_07_29_19_37_16_418.jpg, C:\Users\ayubb\Pictures\IMG\right_2026_07_29_19_37_16_418.jpg, 0, 1, 0, 30.19027
C:\Users\ayubb\Pictures\IMG\center_2026_07_29_19_37_16_518.jpg, C:\Users\ayubb\Pictures\IMG\left_2026_07_29_19_37_16_518.jpg, C:\Users\ayubb\Pictures\IMG\right_2026_07_29_19_37_16_518.jpg, 0, 1, 0, 30.1903
C:\Users\ayubb\Pictures\IMG\center_2026_07_29_19_37_16_619.jpg, C:\Users\ayubb\Pictures\IMG\left_2026_07_29_19_37_16_619.jpg, C:\Users\ayubb\Pictures\IMG\right_2026_07_29_19_37_16_619.jpg, 0, 1, 0, 30.19027
C:\Users\ayubb\Pictures\IMG\center_2026_07_29_19_37_16_719.jpg, C:\Users\ayubb\Pictures\IMG\left_2026_07_29_19_37_16_719.jpg, C:\Users\ayubb\Pictures\IMG\right_2026_07_29_19_37_16_719.jpg, 0, 1, 0, 30.1903
C:\Users\ayubb\Pictures\IMG\center_2026_07_29_19_37_16_821.jpg, C:\Users\ayubb\Pictures\IMG\left_2026_07_29_19_37_16_821.jpg, C:\Users\ayubb\Pictures\IMG\right_2026_07_29_19_37_16_821.jpg, 0, 1, 0, 30.1903
C:\Users\ayubb\Pictures\IMG\center_2026_07_29_19_37_16_923.jpg, C:\Users\ayubb\Pictures\IMG\left_2026_07_29_19_37_16_923.jpg, C:\Users\ayubb\Pictures\IMG\right_2026_07_29_19_37_16_923.jpg, 0, 1, 0, 30.19029
C:\Users\ayubb\Pictures\IMG\center_2026_07_29_19_37_17_025.jpg, C:\Users\ayubb\Pictures\IMG\left_2026_07_29_19_37_17_025.jpg, C:\Users\ayubb\Pictures\IMG\right_2026_07_29_19_37_17_025.jpg, 0, 1, 0, 30.19028
C:\Users\ayubb\Pictures\IMG\center_2026_07_29_19_37_17_126.jpg, C:\Users\ayubb\Pictures\IMG\left_2026_07_29_19_37_17_126.jpg, C:\Users\ayubb\Pictures\IMG\right_2026_07_29_19_37_17_126.jpg, 0, 1, 0, 30.1903
C:\Users\ayubb\Pictures\IMG\center_2026_07_29_19_37_17_228.jpg, C:\Users\ayubb\Pictures\IMG\left_2026_07_29_19_37_17_228.jpg, C:\Users\ayubb\Pictures\IMG\right_2026_07_29_19_37_17_228.jpg, 0, 1, 0, 30.1903
C:\Users\ayubb\Pictures\IMG\center_2026_07_29_19_37_17_329.jpg, C:\Users\ayubb\Pictures\IMG\left_2026_07_29_19_37_17_329.jpg, C:\Users\ayubb\Pictures\IMG\right_2026_07_29_19_37_17_329.jpg, 0, 1, 0, 30.19029
C:\Users\ayubb\Pictures\IMG\center_2026_07_29_19_37_17_430.jpg, C:\Users\ayubb\Pictures\IMG\left_2026_07_29_19_37_17_430.jpg, C:\Users\ayubb\Pictures\IMG\right_2026_07_29_19_37_17_430.jpg, 0, 1, 0, 30.19031
C:\Users\ayubb\Pictures\IMG\center_2026_07_29_19_37_17_532.jpg, C:\Users\ayubb\Pictures\IMG\left_2026_07_29_19_37_17_532.jpg, C:\Users\ayubb\Pictures\IMG\right_2026_07_29_19_37_17_532.jpg, 0, 1, 0, 30.1903
C:\Users\ayubb\Pictures\IMG\center_2026_07_29_19_37_17_633.jpg, C:\Users\ayubb\Pictures\IMG\left_2026_07_29_19_37_17_633.jpg, C:\Users\ayubb\Pictures\IMG\right_2026_07_29_19_37_17_633.jpg, 0, 1, 0, 30.19029
C:\Users\ayubb\Pictures\IMG\center_2026_07_29_19_37_17_733.jpg, C:\Users\ayubb\Pictures\IMG\left_2026_07_29_19_37_17_733.jpg, C:\Users\ayubb\Pictures\IMG\right_2026_07_29_19_37_17_733.jpg, 0, 1, 0, 30.1903
C:\Users\ayubb\Pictures\IMG\center_2026_07_29_19_37_17_836.jpg, C:\Users\ayubb\Pictures\IMG\left_2026_07_29_19_37_17_836.jpg, C:\Users\ayubb\Pictures\IMG\right_2026_07_29_19_37_17_836.jpg, 0, 1, 0, 30.19032
C:\Users\ayubb\Pictures\IMG\center_2026_07_29_19_37_17_937.jpg, C:\Users\ayubb\Pictures\IMG\left_2026_07_29_19_37_17_937.jpg, C:\Users\ayubb\Pictures\IMG\right_2026_07_29_19_37_17_937.jpg, 0, 1, 0, 30.19029
C:\Users\ayubb\Pictures\IMG\center_2026_07_29_19_37_18_038.jpg, C:\Users\ayubb\Pictures\IMG\left_2026_07_29_19_37_18_038.jpg, C:\Users\ayubb\Pictures\IMG\right_2026_07_29_19_37_18_038.jpg, 0, 1, 0, 30.19028
C:\Users\ayubb\Pictures\IMG\center_2026_07_29_19_37_18_139.jpg, C:\Users\ayubb\Pictures\IMG\left_2026_07_29_19_37_18_139.jpg, C:\Users\ayubb\Pictures\IMG\right_2026_07_29_19_37_18_139.jpg, -0.2954202, 1, 0, 30.16862
C:\Users\ayubb\Pictures\IMG\center_2026_07_29_19_37_18_240.jpg, C:\Users\ayubb\Pictures\IMG\left_2026_07_29_19_37_18_240.jpg, C:\Users\ayubb\Pictures\IMG\right_2026_07_29_19_37_18_240.jpg, -0.2727338, 1, 0, 30.18473
C:\Users\ayubb\Pictures\IMG\center_2026_07_29_19_37_18_340.jpg, C:\Users\ayubb\Pictures\IMG\left_2026_07_29_19_37_18_340.jpg, C:\Users\ayubb\Pictures\IMG\right_2026_07_29_19_37_18_340.jpg, 0, 1, 0, 30.18721
C:\Users\ayubb\Pictures\IMG\center_2026_07_29_19_37_18_441.jpg, C:\Users\ayubb\Pictures\IMG\left_2026_07_29_19_37_18_441.jpg, C:\Users\ayubb\Pictures\IMG\right_2026_07_29_19_37_18_441.jpg, 0, 1, 0, 30.18988
C:\Users\ayubb\Pictures\IMG\center_2026_07_29_19_37_18_542.jpg, C:\Users\ayubb\Pictures\IMG\left_2026_07_29_19_37_18_542.jpg, C:\Users\ayubb\Pictures\IMG\right_2026_07_29_19_37_18_542.jpg, 0, 1, 0, 30.19079
C:\Users\ayubb\Pictures\IMG\center_2026_07_29_19_37_18_642.jpg, C:\Users\ayubb\Pictures\IMG\left_2026_07_29_19_37_18_642.jpg, C:\Users\ayubb\Pictures\IMG\right_2026_07_29_19_37_18_642.jpg, 0, 1, 0, 30.18992
C:\Users\ayubb\Pictures\IMG\center_2026_07_29_19_37_18_744.jpg, C:\Users\ayubb\Pictures\IMG\left_2026_07_29_19_37_18_744.jpg, C:\Users\ayubb\Pictures\IMG\right_2026_07_29_19_37_18_744.jpg, 0, 1, 0, 30.19097
C:\Users\ayubb\Pictures\IMG\center_2026_07_29_19_37_18_845.jpg, C:\Users\ayubb\Pictures\IMG\left_2026_07_29_19_37_18_845.jpg, C:\Users\ayubb\Pictures\IMG\right_2026_07_29_19_37_18_845.jpg, 0.2324043, 1, 0, 30.1756
C:\Users\ayubb\Pictures\IMG\center_2026_07_29_19_37_18_946.jpg, C:\Users\ayubb\Pictures\IMG\left_2026_07_29_19_37_18_946.jpg, C:\Users\ayubb\Pictures\IMG\right_2026_07_29_19_37_18_946.jpg, 0.07720769, 1, 0, 30.19051
C:\Users\ayubb\Pictures\IMG\center_2026_07_29_19_37_19_048.jpg, C:\Users\ayubb\Pictures\IMG\left_2026_07_29_19_37_19_048.jpg, C:\Users\ayubb\Pictures\IMG\right_2026_07_29_19_37_19_048.jpg, 0, 1, 0, 30.18955
C:\Users\ayubb\Pictures\IMG\center_2026_07_29_19_37_19_148.jpg, C:\Users\ayubb\Pictures\IMG\left_2026_07_29_19_37_19_148.jpg, C:\Users\ayubb\Pictures\IMG\right_2026_07_29_19_37_19_148.jpg, 0, 1, 0, 30.19003
C:\Users\ayubb\Pictures\IMG\center_2026_07_29_19_37_19_249.jpg, C:\Users\ayubb\Pictures\IMG\left_2026_07_29_19_37_19_249.jpg, C:\Users\ayubb\Pictures\IMG\right_2026_07_29_19_37_19_249.jpg, 0.0829455, 1, 0, 30.18917
C:\Users\ayubb\Pictures\IMG\center_2026_07_29_19_37_19_350.jpg, C:\Users\ayubb\Pictures\IMG\left_2026_07_29_19_37_19_350.jpg, C:\Users\ayubb\Pictures\IMG\right_2026_07_29_19_37_19_350.jpg, 0.2335782, 1, 0, 30.17991
C:\Users\ayubb\Pictures\IMG\center_2026_07_29_19_37_19_452.jpg, C:\Users\ayubb\Pictures\IMG\left_2026_07_29_19_37_19_452.jpg, C:\Users\ayubb\Pictures\IMG\right_2026_07_29_19_37_19_452.jpg, 0, 1, 0, 30.18905
C:\Users\ayubb\Pictures\IMG\center_2026_07_29_19_37_19_553.jpg, C:\Users\ayubb\Pictures\IMG\left_2026_07_29_19_37_19_553.jpg, C:\Users\ayubb\Pictures\IMG\right_2026_07_29_19_37_19_553.jpg, 0, 1, 0, 30.19036
C:\Users\ayubb\Pictures\IMG\center_2026_07_29_19_37_19_656.jpg, C:\Users\ayubb\Pictures\IMG\left_2026_07_29_19_37_19_656.jpg, C:\Users\ayubb\Pictures\IMG\right_2026_07_29_19_37_19_656.jpg, 0, 1, 0, 30.19051
C:\Users\ayubb\Pictures\IMG\center_2026_07_29_19_37_19_756.jpg, C:\Users\ayubb\Pictures\IMG\left_2026_07_29_19_37_19_756.jpg, C:\Users\ayubb\Pictures\IMG\right_2026_07_29_19_37_19_756.jpg, 0, 1, 0, 30.19054
C:\Users\ayubb\Pictures\IMG\center_2026_07_29_19_37_19_858.jpg, C:\Users\ayubb\Pictures\IMG\left_2026_07_29_19_37_19_858.jpg, C:\Users\ayubb\Pictures\IMG\right_2026_07_29_19_37_19_858.jpg, 0, 1, 0, 30.19054
C:\Users\ayubb\Pictures\IMG\center_2026_07_29_19_37_19_962.jpg, C:\Users\ayubb\Pictures\IMG\left_2026_07_29_19_37_19_962.jpg, C:\Users\ayubb\Pictures\IMG\right_2026_07_29_19_37_19_962.jpg, 0, 1, 0, 30.19054
C:\Users\ayubb\Pictures\IMG\center_2026_07_29_19_37_20_063.jpg, C:\Users\ayubb\Pictures\IMG\left_2026_07_29_19_37_20_063.jpg, C:\Users\ayubb\Pictures\IMG\right_2026_07_29_19_37_20_063.jpg, 0, 1, 0, 30.19056
C:\Users\ayubb\Pictures\IMG\center_2026_07_29_19_37_20_163.jpg, C:\Users\ayubb\Pictures\IMG\left_2026_07_29_19_37_20_163.jpg, C:\Users\ayubb\Pictures\IMG\right_2026_07_29_19_37_20_163.jpg, 0, 1, 0, 30.19112
C:\Users\ayubb\Pictures\IMG\center_2026_07_29_19_37_20_266.jpg, C:\Users\ayubb\Pictures\IMG\left_2026_07_29_19_37_20_266.jpg, C:\Users\ayubb\Pictures\IMG\right_2026_07_29_19_37_20_266.jpg, 0, 1, 0, 30.19034
C:\Users\ayubb\Pictures\IMG\center_2026_07_29_19_37_20_368.jpg, C:\Users\ayubb\Pictures\IMG\left_2026_07_29_19_37_20_368.jpg, C:\Users\ayubb\Pictures\IMG\right_2026_07_29_19_37_20_368.jpg, 0, 1, 0, 30.19045
C:\Users\ayubb\Pictures\IMG\center_2026_07_29_19_37_20_471.jpg, C:\Users\ayubb\Pictures\IMG\left_2026_07_29_19_37_20_471.jpg, C:\Users\ayubb\Pictures\IMG\right_2026_07_29_19_37_20_471.jpg, 0, 1, 0, 30.19021
C:\Users\ayubb\Pictures\IMG\center_2026_07_29_19_37_20_572.jpg, C:\Users\ayubb\Pictures\IMG\left_2026_07_29_19_37_20_572.jpg, C:\Users\ayubb\Pictures\IMG\right_2026_07_29_19_37_20_572.jpg, 0, 1, 0, 30.19028
C:\Users\ayubb\Pictures\IMG\center_2026_07_29_19_37_20_672.jpg, C:\Users\ayubb\Pictures\IMG\left_2026_07_29_19_37_20_672.jpg, C:\Users\ayubb\Pictures\IMG\right_2026_07_29_19_37_20_672.jpg, 0, 1, 0, 30.19033
C:\Users\ayubb\Pictures\IMG\center_2026_07_29_19_37_20_773.jpg, C:\Users\ayubb\Pictures\IMG\left_2026_07_29_19_37_20_773.jpg, C:\Users\ayubb\Pictures\IMG\right_2026_07_29_19_37_20_773.jpg, 0, 1, 0, 30.19029
C:\Users\ayubb\Pictures\IMG\center_2026_07_29_19_37_20_874.jpg, C:\Users\ayubb\Pictures\IMG\left_2026_07_29_19_37_20_874.jpg, C:\Users\ayubb\Pictures\IMG\right_2026_07_29_19_37_20_874.jpg, 0, 1, 0, 30.19029
C:\Users\ayubb\Pictures\IMG\center_2026_07_29_19_37_20_975.jpg, C:\Users\ayubb\Pictures\IMG\left_2026_07_29_19_37_20_975.jpg, C:\Users\ayubb\Pictures\IMG\right_2026_07_29_19_37_20_975.jpg, -0.0199695, 1, 0, 30.19022
C:\Users\ayubb\Pictures\IMG\center_2026_07_29_19_37_21_076.jpg, C:\Users\ayubb\Pictures\IMG\left_2026_07_29_19_37_21_076.jpg, C:\Users\ayubb\Pictures\IMG\right_2026_07_29_19_37_21_076.jpg, -0.3220863, 1, 0, 30.16547
C:\Users\ayubb\Pictures\IMG\center_2026_07_29_19_37_21_176.jpg, C:\Users\ayubb\Pictures\IMG\left_2026_07_29_19_37_21_176.jpg, C:\Users\ayubb\Pictures\IMG\right_2026_07_29_19_37_21_176.jpg, -0.1140555, 1, 0, 30.19122
C:\Users\ayubb\Pictures\IMG\center_2026_07_29_19_37_21_276.jpg, C:\Users\ayubb\Pictures\IMG\left_2026_07_29_19_37_21_276.jpg, C:\Users\ayubb\Pictures\IMG\right_2026_07_29_19_37_21_276.jpg, 0, 1, 0, 30.18977
C:\Users\ayubb\Pictures\IMG\center_2026_07_29_19_37_21_379.jpg, C:\Users\ayubb\Pictures\IMG\left_2026_07_29_19_37_21_379.jpg, C:\Users\ayubb\Pictures\IMG\right_2026_07_29_19_37_21_379.jpg, 0, 1, 0, 30.19025
C:\Users\ayubb\Pictures\IMG\center_2026_07_29_19_37_21_479.jpg, C:\Users\ayubb\Pictures\IMG\left_2026_07_29_19_37_21_479.jpg, C:\Users\ayubb\Pictures\IMG\right_2026_07_29_19_37_21_479.jpg, 0, 1, 0, 30.19031
C:\Users\ayubb\Pictures\IMG\center_2026_07_29_19_37_21_581.jpg, C:\Users\ayubb\Pictures\IMG\left_2026_07_29_19_37_21_581.jpg, C:\Users\ayubb\Pictures\IMG\right_2026_07_29_19_37_21_581.jpg, 0, 1, 0, 30.19028
C:\Users\ayubb\Pictures\IMG\center_2026_07_29_19_37_21_684.jpg, C:\Users\ayubb\Pictures\IMG\left_2026_07_29_19_37_21_684.jpg, C:\Users\ayubb\Pictures\IMG\right_2026_07_29_19_37_21_684.jpg, 0, 1, 0, 30.19029
C:\Users\ayubb\Pictures\IMG\center_2026_07_29_19_37_21_785.jpg, C:\Users\ayubb\Pictures\IMG\left_2026_07_29_19_37_21_785.jpg, C:\Users\ayubb\Pictures\IMG\right_2026_07_29_19_37_21_785.jpg, 0, 1, 0, 30.19031
C:\Users\ayubb\Pictures\IMG\center_2026_07_29_19_37_21_886.jpg, C:\Users\ayubb\Pictures\IMG\left_2026_07_29_19_37_21_886.jpg, C:\Users\ayubb\Pictures\IMG\right_2026_07_29_19_37_21_886.jpg, 0, 1, 0, 30.1903
C:\Users\ayubb\Pictures\IMG\center_2026_07_29_19_37_21_989.jpg, C:\Users\ayubb\Pictures\IMG\left_2026_07_29_19_37_21_989.jpg, C:\Users\ayubb\Pictures\IMG\right_2026_07_29_19_37_21_989.jpg, 0, 1, 0, 30.1903
C:\Users\ayubb\Pictures\IMG\center_2026_07_29_19_37_22_091.jpg, C:\Users\ayubb\Pictures\IMG\left_2026_07_29_19_37_22_091.jpg, C:\Users\ayubb\Pictures\IMG\right_2026_07_29_19_37_22_091.jpg, -0.2771586, 1, 0, 30.17072
C:\Users\ayubb\Pictures\IMG\center_2026_07_29_19_37_22_194.jpg, C:\Users\ayubb\Pictures\IMG\left_2026_07_29_19_37_22_194.jpg, C:\Users\ayubb\Pictures\IMG\right_2026_07_29_19_37_22_194.jpg, -0.01497357, 1, 0, 30.19
C:\Users\ayubb\Pictures\IMG\center_2026_07_29_19_37_22_295.jpg, C:\Users\ayubb\Pictures\IMG\left_2026_07_29_19_37_22_295.jpg, C:\Users\ayubb\Pictures\IMG\right_2026_07_29_19_37_22_295.jpg, 0, 1, 0, 30.19002
C:\Users\ayubb\Pictures\IMG\center_2026_07_29_19_37_22_395.jpg, C:\Users\ayubb\Pictures\IMG\left_2026_07_29_19_37_22_395.jpg, C:\Users\ayubb\Pictures\IMG\right_2026_07_29_19_37_22_395.jpg, 0, 1, 0, 30.19028
C:\Users\ayubb\Pictures\IMG\center_2026_07_29_19_37_22_497.jpg, C:\Users\ayubb\Pictures\IMG\left_2026_07_29_19_37_22_497.jpg, C:\Users\ayubb\Pictures\IMG\right_2026_07_29_19_37_22_497.jpg, 0, 1, 0, 30.19028
C:\Users\ayubb\Pictures\IMG\center_2026_07_29_19_37_22_599.jpg, C:\Users\ayubb\Pictures\IMG\left_2026_07_29_19_37_22_599.jpg, C:\Users\ayubb\Pictures\IMG\right_2026_07_29_19_37_22_599.jpg, 0, 1, 0, 30.19031
C:\Users\ayubb\Pictures\IMG\center_2026_07_29_19_37_22_699.jpg, C:\Users\ayubb\Pictures\IMG\left_2026_07_29_19_37_22_699.jpg, C:\Users\ayubb\Pictures\IMG\right_2026_07_29_19_37_22_699.jpg, 0, 1, 0, 30.19027
C:\Users\ayubb\Pictures\IMG\center_2026_07_29_19_37_22_800.jpg, C:\Users\ayubb\Pictures\IMG\left_2026_07_29_19_37_22_800.jpg, C:\Users\ayubb\Pictures\IMG\right_2026_07_29_19_37_22_800.jpg, 0, 1, 0, 30.19033
C:\Users\ayubb\Pictures\IMG\center_2026_07_29_19_37_22_900.jpg, C:\Users\ayubb\Pictures\IMG\left_2026_07_29_19_37_22_900.jpg, C:\Users\ayubb\Pictures\IMG\right_2026_07_29_19_37_22_900.jpg, 0, 1, 0, 30.19031
C:\Users\ayubb\Pictures\IMG\center_2026_07_29_19_37_23_002.jpg, C:\Users\ayubb\Pictures\IMG\left_2026_07_29_19_37_23_002.jpg, C:\Users\ayubb\Pictures\IMG\right_2026_07_29_19_37_23_002.jpg, 0, 1, 0, 30.1903
C:\Users\ayubb\Pictures\IMG\center_2026_07_29_19_37_23_105.jpg, C:\Users\ayubb\Pictures\IMG\left_2026_07_29_19_37_23_105.jpg, C:\Users\ayubb\Pictures\IMG\right_2026_07_29_19_37_23_105.jpg, 0, 1, 0, 30.19028
C:\Users\ayubb\Pictures\IMG\center_2026_07_29_19_37_23_205.jpg, C:\Users\ayubb\Pictures\IMG\left_2026_07_29_19_37_23_205.jpg, C:\Users\ayubb\Pictures\IMG\right_2026_07_29_19_37_23_205.jpg, 0, 1, 0, 30.1903
C:\Users\ayubb\Pictures\IMG\center_2026_07_29_19_37_23_307.jpg, C:\Users\ayubb\Pictures\IMG\left_2026_07_29_19_37_23_307.jpg, C:\Users\ayubb\Pictures\IMG\right_2026_07_29_19_37_23_307.jpg, 0, 1, 0, 30.19029
C:\Users\ayubb\Pictures\IMG\center_2026_07_29_19_37_23_409.jpg, C:\Users\ayubb\Pictures\IMG\left_2026_07_29_19_37_23_409.jpg, C:\Users\ayubb\Pictures\IMG\right_2026_07_29_19_37_23_409.jpg, 0, 1, 0, 30.19027
C:\Users\ayubb\Pictures\IMG\center_2026_07_29_19_37_23_513.jpg, C:\Users\ayubb\Pictures\IMG\left_2026_07_29_19_37_23_513.jpg, C:\Users\ayubb\Pictures\IMG\right_2026_07_29_19_37_23_513.jpg, 0, 1, 0, 30.1903
C:\Users\ayubb\Pictures\IMG\center_2026_07_29_19_37_23_615.jpg, C:\Users\ayubb\Pictures\IMG\left_2026_07_29_19_37_23_615.jpg, C:\Users\ayubb\Pictures\IMG\right_2026_07_29_19_37_23_615.jpg, -0.0100191, 1, 0, 30.19017
C:\Users\ayubb\Pictures\IMG\center_2026_07_29_19_37_23_716.jpg, C:\Users\ayubb\Pictures\IMG\left_2026_07_29_19_37_23_716.jpg, C:\Users\ayubb\Pictures\IMG\right_2026_07_29_19_37_23_716.jpg, -0.2544486, 1, 0, 30.17479
C:\Users\ayubb\Pictures\IMG\center_2026_07_29_19_37_23_820.jpg, C:\Users\ayubb\Pictures\IMG\left_2026_07_29_19_37_23_820.jpg, C:\Users\ayubb\Pictures\IMG\right_2026_07_29_19_37_23_820.jpg, 0, 1, 0, 30.18877
C:\Users\ayubb\Pictures\IMG\center_2026_07_29_19_37_23_921.jpg, C:\Users\ayubb\Pictures\IMG\left_2026_07_29_19_37_23_921.jpg, C:\Users\ayubb\Pictures\IMG\right_2026_07_29_19_37_23_921.jpg, 0, 1, 0, 30.19009
C:\Users\ayubb\Pictures\IMG\center_2026_07_29_19_37_24_023.jpg, C:\Users\ayubb\Pictures\IMG\left_2026_07_29_19_37_24_023.jpg, C:\Users\ayubb\Pictures\IMG\right_2026_07_29_19_37_24_023.jpg, 0, 1, 0, 30.19027
C:\Users\ayubb\Pictures\IMG\center_2026_07_29_19_37_24_123.jpg, C:\Users\ayubb\Pictures\IMG\left_2026_07_29_19_37_24_123.jpg, C:\Users\ayubb\Pictures\IMG\right_2026_07_29_19_37_24_123.jpg, 0, 1, 0, 30.19029
C:\Users\ayubb\Pictures\IMG\center_2026_07_29_19_37_24_224.jpg, C:\Users\ayubb\Pictures\IMG\left_2026_07_29_19_37_24_224.jpg, C:\Users\ayubb\Pictures\IMG\right_2026_07_29_19_37_24_224.jpg, 0, 1, 0, 30.19031
C:\Users\ayubb\Pictures\IMG\center_2026_07_29_19_37_24_325.jpg, C:\Users\ayubb\Pictures\IMG\left_2026_07_29_19_37_24_325.jpg, C:\Users\ayubb\Pictures\IMG\right_2026_07_29_19_37_24_325.jpg, 0, 1, 0, 30.19031
C:\Users\ayubb\Pictures\IMG\center_2026_07_29_19_37_24_426.jpg, C:\Users\ayubb\Pictures\IMG\left_2026_07_29_19_37_24_426.jpg, C:\Users\ayubb\Pictures\IMG\right_2026_07_29_19_37_24_426.jpg, 0, 1, 0, 30.19029
C:\Users\ayubb\Pictures\IMG\center_2026_07_29_19_37_24_526.jpg, C:\Users\ayubb\Pictures\IMG\left_2026_07_29_19_37_24_526.jpg, C:\Users\ayubb\Pictures\IMG\right_2026_07_29_19_37_24_526.jpg, 0, 1, 0, 30.19031
C:\Users\ayubb\Pictures\IMG\center_2026_07_29_19_37_24_626.jpg, C:\Users\ayubb\Pictures\IMG\left_2026_07_29_19_37_24_626.jpg, C:\Users\ayubb\Pictures\IMG\right_2026_07_29_19_37_24_626.jpg, 0, 1, 0, 30.19029
C:\Users\ayubb\Pictures\IMG\center_2026_07_29_19_37_24_727.jpg, C:\Users\ayubb\Pictures\IMG\left_2026_07_29_19_37_24_727.jpg, C:\Users\ayubb\Pictures\IMG\right_2026_07_29_19_37_24_727.jpg, 0, 1, 0, 30.19029
C:\Users\ayubb\Pictures\IMG\center_2026_07_29_19_37_24_829.jpg, C:\Users\ayubb\Pictures\IMG\left_2026_07_29_19_37_24_829.jpg, C:\Users\ayubb\Pictures\IMG\right_2026_07_29_19_37_24_829.jpg, 0, 1, 0, 30.19029
C:\Users\ayubb\Pictures\IMG\center_2026_07_29_19_37_24_930.jpg, C:\Users\ayubb\Pictures\IMG\left_2026_07_29_19_37_24_930.jpg, C:\Users\ayubb\Pictures\IMG\right_2026_07_29_19_37_24_930.jpg, 0, 1, 0, 30.19031
C:\Users\ayubb\Pictures\IMG\center_2026_07_29_19_37_25_030.jpg, C:\Users\ayubb\Pictures\IMG\left_2026_07_29_19_37_25_030.jpg, C:\Users\ayubb\Pictures\IMG\right_2026_07_29_19_37_25_030.jpg, 0, 1, 0, 30.1903
C:\Users\ayubb\Pictures\IMG\center_2026_07_29_19_37_25_132.jpg, C:\Users\ayubb\Pictures\IMG\left_2026_07_29_19_37_25_132.jpg, C:\Users\ayubb\Pictures\IMG\right_2026_07_29_19_37_25_132.jpg, 0, 1, 0, 30.19027
C:\Users\ayubb\Pictures\IMG\center_2026_07_29_19_37_25_233.jpg, C:\Users\ayubb\Pictures\IMG\left_2026_07_29_19_37_25_233.jpg, C:\Users\ayubb\Pictures\IMG\right_2026_07_29_19_37_25_233.jpg, 0, 1, 0, 30.1903
C:\Users\ayubb\Pictures\IMG\center_2026_07_29_19_37_25_338.jpg, C:\Users\ayubb\Pictures\IMG\left_2026_07_29_19_37_25_338.jpg, C:\Users\ayubb\Pictures\IMG\right_2026_07_29_19_37_25_338.jpg, 0, 1, 0, 30.19031
C:\Users\ayubb\Pictures\IMG\center_2026_07_29_19_37_25_438.jpg, C:\Users\ayubb\Pictures\IMG\left_2026_07_29_19_37_25_438.jpg, C:\Users\ayubb\Pictures\IMG\right_2026_07_29_19_37_25_438.jpg, 0, 1, 0, 30.1903
C:\Users\ayubb\Pictures\IMG\center_2026_07_29_19_37_25_541.jpg, C:\Users\ayubb\Pictures\IMG\left_2026_07_29_19_37_25_541.jpg, C:\Users\ayubb\Pictures\IMG\right_2026_07_29_19_37_25_541.jpg, 0, 1, 0, 30.1903
C:\Users\ayubb\Pictures\IMG\center_2026_07_29_19_37_25_644.jpg, C:\Users\ayubb\Pictures\IMG\left_2026_07_29_19_37_25_644.jpg, C:\Users\ayubb\Pictures\IMG\right_2026_07_29_19_37_25_644.jpg, 0, 1, 0, 30.1903
C:\Users\ayubb\Pictures\IMG\center_2026_07_29_19_37_25_746.jpg, C:\Users\ayubb\Pictures\IMG\left_2026_07_29_19_37_25_746.jpg, C:\Users\ayubb\Pictures\IMG\right_2026_07_29_19_37_25_746.jpg, 0, 1, 0, 30.19031
C:\Users\ayubb\Pictures\IMG\center_2026_07_29_19_37_25_847.jpg, C:\Users\ayubb\Pictures\IMG\left_2026_07_29_19_37_25_847.jpg, C:\Users\ayubb\Pictures\IMG\right_2026_07_29_19_37_25_847.jpg, 0, 1, 0, 30.19027
C:\Users\ayubb\Pictures\IMG\center_2026_07_29_19_37_25_951.jpg, C:\Users\ayubb\Pictures\IMG\left_2026_07_29_19_37_25_951.jpg, C:\Users\ayubb\Pictures\IMG\right_2026_07_29_19_37_25_951.jpg, 0, 1, 0, 30.19029
C:\Users\ayubb\Pictures\IMG\center_2026_07_29_19_37_26_052.jpg, C:\Users\ayubb\Pictures\IMG\left_2026_07_29_19_37_26_052.jpg, C:\Users\ayubb\Pictures\IMG\right_2026_07_29_19_37_26_052.jpg, 0, 1, 0, 30.19032
C:\Users\ayubb\Pictures\IMG\center_2026_07_29_19_37_26_155.jpg, C:\Users\ayubb\Pictures\IMG\left_2026_07_29_19_37_26_155.jpg, C:\Users\ayubb\Pictures\IMG\right_2026_07_29_19_37_26_155.jpg, 0, 1, 0, 30.19044
C:\Users\ayubb\Pictures\IMG\center_2026_07_29_19_37_26_256.jpg, C:\Users\ayubb\Pictures\IMG\left_2026_07_29_19_37_26_256.jpg, C:\Users\ayubb\Pictures\IMG\right_2026_07_29_19_37_26_256.jpg, 0, 1, 0, 30.19032
C:\Users\ayubb\Pictures\IMG\center_2026_07_29_19_37_26_359.jpg, C:\Users\ayubb\Pictures\IMG\left_2026_07_29_19_37_26_359.jpg, C:\Users\ayubb\Pictures\IMG\right_2026_07_29_19_37_26_359.jpg, -0.2107797, 1, 0, 30.17826
C:\Users\ayubb\Pictures\IMG\center_2026_07_29_19_37_26_460.jpg, C:\Users\ayubb\Pictures\IMG\left_2026_07_29_19_37_26_460.jpg, C:\Users\ayubb\Pictures\IMG\right_2026_07_29_19_37_26_460.jpg, -0.08811296, 1, 0, 30.1907
C:\Users\ayubb\Pictures\IMG\center_2026_07_29_19_37_26_562.jpg, C:\Users\ayubb\Pictures\IMG\left_2026_07_29_19_37_26_562.jpg, C:\Users\ayubb\Pictures\IMG\right_2026_07_29_19_37_26_562.jpg, 0, 1, 0, 30.18984
C:\Users\ayubb\Pictures\IMG\center_2026_07_29_19_37_26_663.jpg, C:\Users\ayubb\Pictures\IMG\left_2026_07_29_19_37_26_663.jpg, C:\Users\ayubb\Pictures\IMG\right_2026_07_29_19_37_26_663.jpg, 0, 1, 0, 30.19026
C:\Users\ayubb\Pictures\IMG\center_2026_07_29_19_37_26_763.jpg, C:\Users\ayubb\Pictures\IMG\left_2026_07_29_19_37_26_763.jpg, C:\Users\ayubb\Pictures\IMG\right_2026_07_29_19_37_26_763.jpg, 0, 1, 0, 30.19033
C:\Users\ayubb\Pictures\IMG\center_2026_07_29_19_37_26_865.jpg, C:\Users\ayubb\Pictures\IMG\left_2026_07_29_19_37_26_865.jpg, C:\Users\ayubb\Pictures\IMG\right_2026_07_29_19_37_26_865.jpg, 0, 1, 0, 30.19032
C:\Users\ayubb\Pictures\IMG\center_2026_07_29_19_37_26_968.jpg, C:\Users\ayubb\Pictures\IMG\left_2026_07_29_19_37_26_968.jpg, C:\Users\ayubb\Pictures\IMG\right_2026_07_29_19_37_26_968.jpg, 0, 1, 0, 30.19029
C:\Users\ayubb\Pictures\IMG\center_2026_07_29_19_37_27_069.jpg, C:\Users\ayubb\Pictures\IMG\left_2026_07_29_19_37_27_069.jpg, C:\Users\ayubb\Pictures\IMG\right_2026_07_29_19_37_27_069.jpg, 0, 1, 0, 30.19031
C:\Users\ayubb\Pictures\IMG\center_2026_07_29_19_37_27_170.jpg, C:\Users\ayubb\Pictures\IMG\left_2026_07_29_19_37_27_170.jpg, C:\Users\ayubb\Pictures\IMG\right_2026_07_29_19_37_27_170.jpg, 0, 1, 0, 30.19033
C:\Users\ayubb\Pictures\IMG\center_2026_07_29_19_37_27_272.jpg, C:\Users\ayubb\Pictures\IMG\left_2026_07_29_19_37_27_272.jpg, C:\Users\ayubb\Pictures\IMG\right_2026_07_29_19_37_27_272.jpg, 0, 1, 0, 30.19029
C:\Users\ayubb\Pictures\IMG\center_2026_07_29_19_37_27_372.jpg, C:\Users\ayubb\Pictures\IMG\left_2026_07_29_19_37_27_372.jpg, C:\Users\ayubb\Pictures\IMG\right_2026_07_29_19_37_27_372.jpg, 0, 1, 0, 30.1903
C:\Users\ayubb\Pictures\IMG\center_2026_07_29_19_37_27_476.jpg, C:\Users\ayubb\Pictures\IMG\left_2026_07_29_19_37_27_476.jpg, C:\Users\ayubb\Pictures\IMG\right_2026_07_29_19_37_27_476.jpg, 0, 1, 0, 30.19023
C:\Users\ayubb\Pictures\IMG\center_2026_07_29_19_37_27_578.jpg, C:\Users\ayubb\Pictures\IMG\left_2026_07_29_19_37_27_578.jpg, C:\Users\ayubb\Pictures\IMG\right_2026_07_29_19_37_27_578.jpg, 0, 1, 0, 30.19028
C:\Users\ayubb\Pictures\IMG\center_2026_07_29_19_37_27_679.jpg, C:\Users\ayubb\Pictures\IMG\left_2026_07_29_19_37_27_679.jpg, C:\Users\ayubb\Pictures\IMG\right_2026_07_29_19_37_27_679.jpg, 0, 1, 0, 30.19024
C:\Users\ayubb\Pictures\IMG\center_2026_07_29_19_37_27_779.jpg, C:\Users\ayubb\Pictures\IMG\left_2026_07_29_19_37_27_779.jpg, C:\Users\ayubb\Pictures\IMG\right_2026_07_29_19_37_27_779.jpg, 0, 1, 0, 30.19032
C:\Users\ayubb\Pictures\IMG\center_2026_07_29_19_37_27_881.jpg, C:\Users\ayubb\Pictures\IMG\left_2026_07_29_19_37_27_881.jpg, C:\Users\ayubb\Pictures\IMG\right_2026_07_29_19_37_27_881.jpg, 0, 1, 0, 30.19028
C:\Users\ayubb\Pictures\IMG\center_2026_07_29_19_37_27_982.jpg, C:\Users\ayubb\Pictures\IMG\left_2026_07_29_19_37_27_982.jpg, C:\Users\ayubb\Pictures\IMG\right_2026_07_29_19_37_27_982.jpg, 0, 1, 0, 30.19029
C:\Users\ayubb\Pictures\IMG\center_2026_07_29_19_37_28_082.jpg, C:\Users\ayubb\Pictures\IMG\left_2026_07_29_19_37_28_082.jpg, C:\Users\ayubb\Pictures\IMG\right_2026_07_29_19_37_28_082.jpg, 0, 1, 0, 30.1903
C:\Users\ayubb\Pictures\IMG\center_2026_07_29_19_37_28_184.jpg, C:\Users\ayubb\Pictures\IMG\left_2026_07_29_19_37_28_184.jpg, C:\Users\ayubb\Pictures\IMG\right_2026_07_29_19_37_28_184.jpg, 0, 1, 0, 30.19029
C:\Users\ayubb\Pictures\IMG\center_2026_07_29_19_37_28_286.jpg, C:\Users\ayubb\Pictures\IMG\left_2026_07_29_19_37_28_286.jpg, C:\Users\ayubb\Pictures\IMG\right_2026_07_29_19_37_28_286.jpg, 0, 1, 0, 30.19029
C:\Users\ayubb\Pictures\IMG\center_2026_07_29_19_37_28_389.jpg, C:\Users\ayubb\Pictures\IMG\left_2026_07_29_19_37_28_389.jpg, C:\Users\ayubb\Pictures\IMG\right_2026_07_29_19_37_28_389.jpg, 0, 1, 0, 30.19028
C:\Users\ayubb\Pictures\IMG\center_2026_07_29_19_37_28_490.jpg, C:\Users\ayubb\Pictures\IMG\left_2026_07_29_19_37_28_490.jpg, C:\Users\ayubb\Pictures\IMG\right_2026_07_29_19_37_28_490.jpg, 0, 1, 0, 30.19029
C:\Users\ayubb\Pictures\IMG\center_2026_07_29_19_37_28_592.jpg, C:\Users\ayubb\Pictures\IMG\left_2026_07_29_19_37_28_592.jpg, C:\Users\ayubb\Pictures\IMG\right_2026_07_29_19_37_28_592.jpg, 0, 1, 0, 30.19031
C:\Users\ayubb\Pictures\IMG\center_2026_07_29_19_37_28_693.jpg, C:\Users\ayubb\Pictures\IMG\left_2026_07_29_19_37_28_693.jpg, C:\Users\ayubb\Pictures\IMG\right_2026_07_29_19_37_28_693.jpg, -0.2101869, 1, 0, 30.17834
C:\Users\ayubb\Pictures\IMG\center_2026_07_29_19_37_28_793.jpg, C:\Users\ayubb\Pictures\IMG\left_2026_07_29_19_37_28_793.jpg, C:\Users\ayubb\Pictures\IMG\right_2026_07_29_19_37_28_793.jpg, -0.3416306, 1, 0, 30.17174
C:\Users\ayubb\Pictures\IMG\center_2026_07_29_19_37_28_893.jpg, C:\Users\ayubb\Pictures\IMG\left_2026_07_29_19_37_28_893.jpg, C:\Users\ayubb\Pictures\IMG\right_2026_07_29_19_37_28_893.jpg, -0.03526071, 1, 0, 30.18975
C:\Users\ayubb\Pictures\IMG\center_2026_07_29_19_37_28_995.jpg, C:\Users\ayubb\Pictures\IMG\left_2026_07_29_19_37_28_995.jpg, C:\Users\ayubb\Pictures\IMG\right_2026_07_29_19_37_28_995.jpg, 0, 1, 0, 30.18965
C:\Users\ayubb\Pictures\IMG\center_2026_07_29_19_37_29_096.jpg, C:\Users\ayubb\Pictures\IMG\left_2026_07_29_19_37_29_096.jpg, C:\Users\ayubb\Pictures\IMG\right_2026_07_29_19_37_29_096.jpg, 0, 1, 0, 30.19021
C:\Users\ayubb\Pictures\IMG\center_2026_07_29_19_37_29_196.jpg, C:\Users\ayubb\Pictures\IMG\left_2026_07_29_19_37_29_196.jpg, C:\Users\ayubb\Pictures\IMG\right_2026_07_29_19_37_29_196.jpg, 0, 1, 0, 30.19032
C:\Users\ayubb\Pictures\IMG\center_2026_07_29_19_37_29_298.jpg, C:\Users\ayubb\Pictures\IMG\left_2026_07_29_19_37_29_298.jpg, C:\Users\ayubb\Pictures\IMG\right_2026_07_29_19_37_29_298.jpg, 0, 1, 0, 30.19031
C:\Users\ayubb\Pictures\IMG\center_2026_07_29_19_37_29_399.jpg, C:\Users\ayubb\Pictures\IMG\left_2026_07_29_19_37_29_399.jpg, C:\Users\ayubb\Pictures\IMG\right_2026_07_29_19_37_29_399.jpg, 0, 1, 0, 30.19029
C:\Users\ayubb\Pictures\IMG\center_2026_07_29_19_37_29_501.jpg, C:\Users\ayubb\Pictures\IMG\left_2026_07_29_19_37_29_501.jpg, C:\Users\ayubb\Pictures\IMG\right_2026_07_29_19_37_29_501.jpg, 0, 1, 0, 30.19028
C:\Users\ayubb\Pictures\IMG\center_2026_07_29_19_37_29_603.jpg, C:\Users\ayubb\Pictures\IMG\left_2026_07_29_19_37_29_603.jpg, C:\Users\ayubb\Pictures\IMG\right_2026_07_29_19_37_29_603.jpg, 0, 1, 0, 30.1903
C:\Users\ayubb\Pictures\IMG\center_2026_07_29_19_37_29_705.jpg, C:\Users\ayubb\Pictures\IMG\left_2026_07_29_19_37_29_705.jpg, C:\Users\ayubb\Pictures\IMG\right_2026_07_29_19_37_29_705.jpg, 0, 1, 0, 30.19029
C:\Users\ayubb\Pictures\IMG\center_2026_07_29_19_37_29_807.jpg, C:\Users\ayubb\Pictures\IMG\left_2026_07_29_19_37_29_807.jpg, C:\Users\ayubb\Pictures\IMG\right_2026_07_29_19_37_29_807.jpg, 0, 1, 0, 30.19026
C:\Users\ayubb\Pictures\IMG\center_2026_07_29_19_37_29_908.jpg, C:\Users\ayubb\Pictures\IMG\left_2026_07_29_19_37_29_908.jpg, C:\Users\ayubb\Pictures\IMG\right_2026_07_29_19_37_29_908.jpg, 0, 1, 0, 30.19031
C:\Users\ayubb\Pictures\IMG\center_2026_07_29_19_37_30_009.jpg, C:\Users\ayubb\Pictures\IMG\left_2026_07_29_19_37_30_009.jpg, C:\Users\ayubb\Pictures\IMG\right_2026_07_29_19_37_30_009.jpg, 0, 1, 0, 30.19029
C:\Users\ayubb\Pictures\IMG\center_2026_07_29_19_37_30_110.jpg, C:\Users\ayubb\Pictures\IMG\left_2026_07_29_19_37_30_110.jpg, C:\Users\ayubb\Pictures\IMG\right_2026_07_29_19_37_30_110.jpg, 0, 1, 0, 30.19029
C:\Users\ayubb\Pictures\IMG\center_2026_07_29_19_37_30_210.jpg, C:\Users\ayubb\Pictures\IMG\left_2026_07_29_19_37_30_210.jpg, C:\Users\ayubb\Pictures\IMG\right_2026_07_29_19_37_30_210.jpg, 0, 1, 0, 30.1903
C:\Users\ayubb\Pictures\IMG\center_2026_07_29_19_37_30_311.jpg, C:\Users\ayubb\Pictures\IMG\left_2026_07_29_19_37_30_311.jpg, C:\Users\ayubb\Pictures\IMG\right_2026_07_29_19_37_30_311.jpg, 0, 1, 0, 30.19033
C:\Users\ayubb\Pictures\IMG\center_2026_07_29_19_37_30_413.jpg, C:\Users\ayubb\Pictures\IMG\left_2026_07_29_19_37_30_413.jpg, C:\Users\ayubb\Pictures\IMG\right_2026_07_29_19_37_30_413.jpg, -0.1168143, 1, 0, 30.1867
C:\Users\ayubb\Pictures\IMG\center_2026_07_29_19_37_30_514.jpg, C:\Users\ayubb\Pictures\IMG\left_2026_07_29_19_37_30_514.jpg, C:\Users\ayubb\Pictures\IMG\right_2026_07_29_19_37_30_514.jpg, -0.3562704, 1, 0, 30.16272
C:\Users\ayubb\Pictures\IMG\center_2026_07_29_19_37_30_615.jpg, C:\Users\ayubb\Pictures\IMG\left_2026_07_29_19_37_30_615.jpg, C:\Users\ayubb\Pictures\IMG\right_2026_07_29_19_37_30_615.jpg, -0.04665485, 1, 0, 30.19036
C:\Users\ayubb\Pictures\IMG\center_2026_07_29_19_37_30_717.jpg, C:\Users\ayubb\Pictures\IMG\left_2026_07_29_19_37_30_717.jpg, C:\Users\ayubb\Pictures\IMG\right_2026_07_29_19_37_30_717.jpg, 0, 1, 0, 30.18988
C:\Users\ayubb\Pictures\IMG\center_2026_07_29_19_37_30_820.jpg, C:\Users\ayubb\Pictures\IMG\left_2026_07_29_19_37_30_820.jpg, C:\Users\ayubb\Pictures\IMG\right_2026_07_29_19_37_30_820.jpg, 0, 1, 0, 30.19027
C:\Users\ayubb\Pictures\IMG\center_2026_07_29_19_37_30_919.jpg, C:\Users\ayubb\Pictures\IMG\left_2026_07_29_19_37_30_919.jpg, C:\Users\ayubb\Pictures\IMG\right_2026_07_29_19_37_30_919.jpg, 0, 1, 0, 30.19032
C:\Users\ayubb\Pictures\IMG\center_2026_07_29_19_37_31_021.jpg, C:\Users\ayubb\Pictures\IMG\left_2026_07_29_19_37_31_021.jpg, C:\Users\ayubb\Pictures\IMG\right_2026_07_29_19_37_31_021.jpg, 0, 1, 0, 30.19032
C:\Users\ayubb\Pictures\IMG\center_2026_07_29_19_37_31_122.jpg, C:\Users\ayubb\Pictures\IMG\left_2026_07_29_19_37_31_122.jpg, C:\Users\ayubb\Pictures\IMG\right_2026_07_29_19_37_31_122.jpg, 0, 0.8511091, 0, 30.16311
C:\Users\ayubb\Pictures\IMG\center_2026_07_29_19_37_31_224.jpg, C:\Users\ayubb\Pictures\IMG\left_2026_07_29_19_37_31_224.jpg, C:\Users\ayubb\Pictures\IMG\right_2026_07_29_19_37_31_224.jpg, 0, 0.5539216, 0, 30.09021
C:\Users\ayubb\Pictures\IMG\center_2026_07_29_19_37_31_325.jpg, C:\Users\ayubb\Pictures\IMG\left_2026_07_29_19_37_31_325.jpg, C:\Users\ayubb\Pictures\IMG\right_2026_07_29_19_37_31_325.jpg, 0, 0.2533581, 0, 30.01293
C:\Users\ayubb\Pictures\IMG\center_2026_07_29_19_37_47_841.jpg, C:\Users\ayubb\Pictures\IMG\left_2026_07_29_19_37_47_841.jpg, C:\Users\ayubb\Pictures\IMG\right_2026_07_29_19_37_47_841.jpg, 0, 0, 0, 23.47172
C:\Users\ayubb\Pictures\IMG\center_2026_07_29_19_37_47_943.jpg, C:\Users\ayubb\Pictures\IMG\left_2026_07_29_19_37_47_943.jpg, C:\Users\ayubb\Pictures\IMG\right_2026_07_29_19_37_47_943.jpg, 0, 0.2892168, 0, 23.39699
C:\Users\ayubb\Pictures\IMG\center_2026_07_29_19_37_48_046.jpg, C:\Users\ayubb\Pictures\IMG\left_2026_07_29_19_37_48_046.jpg, C:\Users\ayubb\Pictures\IMG\right_2026_07_29_19_37_48_046.jpg, 0, 0.5940498, 0, 23.6919
C:\Users\ayubb\Pictures\IMG\center_2026_07_29_19_37_48_146.jpg, C:\Users\ayubb\Pictures\IMG\left_2026_07_29_19_37_48_146.jpg, C:\Users\ayubb\Pictures\IMG\right_2026_07_29_19_37_48_146.jpg, 0, 0.8939816, 0, 24.34425
C:\Users\ayubb\Pictures\IMG\center_2026_07_29_19_37_48_249.jpg, C:\Users\ayubb\Pictures\IMG\left_2026_07_29_19_37_48_249.jpg, C:\Users\ayubb\Pictures\IMG\right_2026_07_29_19_37_48_249.jpg, 0, 1, 0, 25.28564
C:\Users\ayubb\Pictures\IMG\center_2026_07_29_19_37_48_350.jpg, C:\Users\ayubb\Pictures\IMG\left_2026_07_29_19_37_48_350.jpg, C:\Users\ayubb\Pictures\IMG\right_2026_07_29_19_37_48_350.jpg, 0, 1, 0, 26.23936
C:\Users\ayubb\Pictures\IMG\center_2026_07_29_19_37_48_453.jpg, C:\Users\ayubb\Pictures\IMG\left_2026_07_29_19_37_48_453.jpg, C:\Users\ayubb\Pictures\IMG\right_2026_07_29_19_37_48_453.jpg, 0, 1, 0, 27.18377
C:\Users\ayubb\Pictures\IMG\center_2026_07_29_19_37_48_554.jpg, C:\Users\ayubb\Pictures\IMG\left_2026_07_29_19_37_48_554.jpg, C:\Users\ayubb\Pictures\IMG\right_2026_07_29_19_37_48_554.jpg, 0, 1, 0, 28.1187
C:\Users\ayubb\Pictures\IMG\center_2026_07_29_19_37_48_655.jpg, C:\Users\ayubb\Pictures\IMG\left_2026_07_29_19_37_48_655.jpg, C:\Users\ayubb\Pictures\IMG\right_2026_07_29_19_37_48_655.jpg, 0, 1, 0, 29.04417
C:\Users\ayubb\Pictures\IMG\center_2026_07_29_19_37_48_757.jpg, C:\Users\ayubb\Pictures\IMG\left_2026_07_29_19_37_48_757.jpg, C:\Users\ayubb\Pictures\IMG\right_2026_07_29_19_37_48_757.jpg, 0, 1, 0, 30.14248
C:\Users\ayubb\Pictures\IMG\center_2026_07_29_19_37_48_860.jpg, C:\Users\ayubb\Pictures\IMG\left_2026_07_29_19_37_48_860.jpg, C:\Users\ayubb\Pictures\IMG\right_2026_07_29_19_37_48_860.jpg, 0.128322, 1, 0, 30.18576
C:\Users\ayubb\Pictures\IMG\center_2026_07_29_19_37_48_961.jpg, C:\Users\ayubb\Pictures\IMG\left_2026_07_29_19_37_48_961.jpg, C:\Users\ayubb\Pictures\IMG\right_2026_07_29_19_37_48_961.jpg, 0.161761, 1, 0, 30.1876
C:\Users\ayubb\Pictures\IMG\center_2026_07_29_19_37_49_063.jpg, C:\Users\ayubb\Pictures\IMG\left_2026_07_29_19_37_49_063.jpg, C:\Users\ayubb\Pictures\IMG\right_2026_07_29_19_37_49_063.jpg, 0, 1, 0, 30.18962
C:\Users\ayubb\Pictures\IMG\center_2026_07_29_19_37_49_163.jpg, C:\Users\ayubb\Pictures\IMG\left_2026_07_29_19_37_49_163.jpg, C:\Users\ayubb\Pictures\IMG\right_2026_07_29_19_37_49_163.jpg, 0, 1, 0, 30.19
C:\Users\ayubb\Pictures\IMG\center_2026_07_29_19_37_49_266.jpg, C:\Users\ayubb\Pictures\IMG\left_2026_07_29_19_37_49_266.jpg, C:\Users\ayubb\Pictures\IMG\right_2026_07_29_19_37_49_266.jpg, 0, 1, 0, 30.19019
C:\Users\ayubb\Pictures\IMG\center_2026_07_29_19_37_49_369.jpg, C:\Users\ayubb\Pictures\IMG\left_2026_07_29_19_37_49_369.jpg, C:\Users\ayubb\Pictures\IMG\right_2026_07_29_19_37_49_369.jpg, 0, 1, 0, 30.19025
C:\Users\ayubb\Pictures\IMG\center_2026_07_29_19_37_49_469.jpg, C:\Users\ayubb\Pictures\IMG\left_2026_07_29_19_37_49_469.jpg, C:\Users\ayubb\Pictures\IMG\right_2026_07_29_19_37_49_469.jpg, 0.1488303, 1, 0, 30.18471
C:\Users\ayubb\Pictures\IMG\center_2026_07_29_19_37_49_569.jpg, C:\Users\ayubb\Pictures\IMG\left_2026_07_29_19_37_49_569.jpg, C:\Users\ayubb\Pictures\IMG\right_2026_07_29_19_37_49_569.jpg, 0, 1, 0, 30.18958
C:\Users\ayubb\Pictures\IMG\center_2026_07_29_19_37_49_671.jpg, C:\Users\ayubb\Pictures\IMG\left_2026_07_29_19_37_49_671.jpg, C:\Users\ayubb\Pictures\IMG\right_2026_07_29_19_37_49_671.jpg, 0, 1, 0, 30.19014
C:\Users\ayubb\Pictures\IMG\center_2026_07_29_19_37_49_773.jpg, C:\Users\ayubb\Pictures\IMG\left_2026_07_29_19_37_49_773.jpg, C:\Users\ayubb\Pictures\IMG\right_2026_07_29_19_37_49_773.jpg, 0, 1, 0, 30.19003
C:\Users\ayubb\Pictures\IMG\center_2026_07_29_19_37_49_873.jpg, C:\Users\ayubb\Pictures\IMG\left_2026_07_29_19_37_49_873.jpg, C:\Users\ayubb\Pictures\IMG\right_2026_07_29_19_37_49_873.jpg, 0, 1, 0, 30.19003
C:\Users\ayubb\Pictures\IMG\center_2026_07_29_19_37_49_973.jpg, C:\Users\ayubb\Pictures\IMG\left_2026_07_29_19_37_49_973.jpg, C:\Users\ayubb\Pictures\IMG\right_2026_07_29_19_37_49_973.jpg, 0.2080257, 1, 0, 30.17892
C:\Users\ayubb\Pictures\IMG\center_2026_07_29_19_37_50_073.jpg, C:\Users\ayubb\Pictures\IMG\left_2026_07_29_19_37_50_073.jpg, C:\Users\ayubb\Pictures\IMG\right_2026_07_29_19_37_50_073.jpg, 0, 1, 0, 30.18969
C:\Users\ayubb\Pictures\IMG\center_2026_07_29_19_37_50_176.jpg, C:\Users\ayubb\Pictures\IMG\left_2026_07_29_19_37_50_176.jpg, C:\Users\ayubb\Pictures\IMG\right_2026_07_29_19_37_50_176.jpg, 0, 1, 0, 30.1902
C:\Users\ayubb\Pictures\IMG\center_2026_07_29_19_37_50_279.jpg, C:\Users\ayubb\Pictures\IMG\left_2026_07_29_19_37_50_279.jpg, C:\Users\ayubb\Pictures\IMG\right_2026_07_29_19_37_50_279.jpg, 0, 1, 0, 30.19025
C:\Users\ayubb\Pictures\IMG\center_2026_07_29_19_37_50_380.jpg, C:\Users\ayubb\Pictures\IMG\left_2026_07_29_19_37_50_380.jpg, C:\Users\ayubb\Pictures\IMG\right_2026_07_29_19_37_50_380.jpg, 0, 1, 0, 30.19027
C:\Users\ayubb\Pictures\IMG\center_2026_07_29_19_37_50_482.jpg, C:\Users\ayubb\Pictures\IMG\left_2026_07_29_19_37_50_482.jpg, C:\Users\ayubb\Pictures\IMG\right_2026_07_29_19_37_50_482.jpg, 0.074601, 1, 0, 30.18908
C:\Users\ayubb\Pictures\IMG\center_2026_07_29_19_37_50_583.jpg, C:\Users\ayubb\Pictures\IMG\left_2026_07_29_19_37_50_583.jpg, C:\Users\ayubb\Pictures\IMG\right_2026_07_29_19_37_50_583.jpg, 0.005495424, 1, 0, 30.19014
C:\Users\ayubb\Pictures\IMG\center_2026_07_29_19_37_50_686.jpg, C:\Users\ayubb\Pictures\IMG\left_2026_07_29_19_37_50_686.jpg, C:\Users\ayubb\Pictures\IMG\right_2026_07_29_19_37_50_686.jpg, 0, 1, 0, 30.19022
C:\Users\ayubb\Pictures\IMG\center_2026_07_29_19_37_50_789.jpg, C:\Users\ayubb\Pictures\IMG\left_2026_07_29_19_37_50_789.jpg, C:\Users\ayubb\Pictures\IMG\right_2026_07_29_19_37_50_789.jpg, 0, 1, 0, 30.19031
C:\Users\ayubb\Pictures\IMG\center_2026_07_29_19_37_50_889.jpg, C:\Users\ayubb\Pictures\IMG\left_2026_07_29_19_37_50_889.jpg, C:\Users\ayubb\Pictures\IMG\right_2026_07_29_19_37_50_889.jpg, 0.1734321, 1, 0, 30.18268
C:\Users\ayubb\Pictures\IMG\center_2026_07_29_19_37_50_991.jpg, C:\Users\ayubb\Pictures\IMG\left_2026_07_29_19_37_50_991.jpg, C:\Users\ayubb\Pictures\IMG\right_2026_07_29_19_37_50_991.jpg, 0.0850248, 1, 0, 30.19061
C:\Users\ayubb\Pictures\IMG\center_2026_07_29_19_37_51_090.jpg, C:\Users\ayubb\Pictures\IMG\left_2026_07_29_19_37_51_090.jpg, C:\Users\ayubb\Pictures\IMG\right_2026_07_29_19_37_51_090.jpg, 0, 1, 0, 30.1898
C:\Users\ayubb\Pictures\IMG\center_2026_07_29_19_37_51_193.jpg, C:\Users\ayubb\Pictures\IMG\left_2026_07_29_19_37_51_193.jpg, C:\Users\ayubb\Pictures\IMG\right_2026_07_29_19_37_51_193.jpg, 0, 1, 0, 30.19027
C:\Users\ayubb\Pictures\IMG\center_2026_07_29_19_37_51_294.jpg, C:\Users\ayubb\Pictures\IMG\left_2026_07_29_19_37_51_294.jpg, C:\Users\ayubb\Pictures\IMG\right_2026_07_29_19_37_51_294.jpg, 0, 1, 0, 30.19041
C:\Users\ayubb\Pictures\IMG\center_2026_07_29_19_37_51_395.jpg, C:\Users\ayubb\Pictures\IMG\left_2026_07_29_19_37_51_395.jpg, C:\Users\ayubb\Pictures\IMG\right_2026_07_29_19_37_51_395.jpg, 0, 1, 0, 30.19042
C:\Users\ayubb\Pictures\IMG\center_2026_07_29_19_37_51_498.jpg, C:\Users\ayubb\Pictures\IMG\left_2026_07_29_19_37_51_498.jpg, C:\Users\ayubb\Pictures\IMG\right_2026_07_29_19_37_51_498.jpg, 0, 1, 0, 30.19036
C:\Users\ayubb\Pictures\IMG\center_2026_07_29_19_37_51_599.jpg, C:\Users\ayubb\Pictures\IMG\left_2026_07_29_19_37_51_599.jpg, C:\Users\ayubb\Pictures\IMG\right_2026_07_29_19_37_51_599.jpg, 0, 1, 0, 30.19039
C:\Users\ayubb\Pictures\IMG\center_2026_07_29_19_37_51_700.jpg, C:\Users\ayubb\Pictures\IMG\left_2026_07_29_19_37_51_700.jpg, C:\Users\ayubb\Pictures\IMG\right_2026_07_29_19_37_51_700.jpg, 0, 1, 0, 30.19039
C:\Users\ayubb\Pictures\IMG\center_2026_07_29_19_37_51_802.jpg, C:\Users\ayubb\Pictures\IMG\left_2026_07_29_19_37_51_802.jpg, C:\Users\ayubb\Pictures\IMG\right_2026_07_29_19_37_51_802.jpg, 0, 1, 0, 30.19037
C:\Users\ayubb\Pictures\IMG\center_2026_07_29_19_37_51_905.jpg, C:\Users\ayubb\Pictures\IMG\left_2026_07_29_19_37_51_905.jpg, C:\Users\ayubb\Pictures\IMG\right_2026_07_29_19_37_51_905.jpg, 0, 1, 0, 30.19039
C:\Users\ayubb\Pictures\IMG\center_2026_07_29_19_37_52_007.jpg, C:\Users\ayubb\Pictures\IMG\left_2026_07_29_19_37_52_007.jpg, C:\Users\ayubb\Pictures\IMG\right_2026_07_29_19_37_52_007.jpg, 0, 1, 0, 30.19042
C:\Users\ayubb\Pictures\IMG\center_2026_07_29_19_37_52_111.jpg, C:\Users\ayubb\Pictures\IMG\left_2026_07_29_19_37_52_111.jpg, C:\Users\ayubb\Pictures\IMG\right_2026_07_29_19_37_52_111.jpg, 0, 1, 0, 30.1904
C:\Users\ayubb\Pictures\IMG\center_2026_07_29_19_37_52_211.jpg, C:\Users\ayubb\Pictures\IMG\left_2026_07_29_19_37_52_211.jpg, C:\Users\ayubb\Pictures\IMG\right_2026_07_29_19_37_52_211.jpg, 0, 1, 0, 30.19017
C:\Users\ayubb\Pictures\IMG\center_2026_07_29_19_37_52_312.jpg, C:\Users\ayubb\Pictures\IMG\left_2026_07_29_19_37_52_312.jpg, C:\Users\ayubb\Pictures\IMG\right_2026_07_29_19_37_52_312.jpg, 0, 1, 0, 30.19029
C:\Users\ayubb\Pictures\IMG\center_2026_07_29_19_37_52_415.jpg, C:\Users\ayubb\Pictures\IMG\left_2026_07_29_19_37_52_415.jpg, C:\Users\ayubb\Pictures\IMG\right_2026_07_29_19_37_52_415.jpg, 0, 1, 0, 30.19007
C:\Users\ayubb\Pictures\IMG\center_2026_07_29_19_37_52_518.jpg, C:\Users\ayubb\Pictures\IMG\left_2026_07_29_19_37_52_518.jpg, C:\Users\ayubb\Pictures\IMG\right_2026_07_29_19_37_52_518.jpg, 0, 1, 0, 30.19019
C:\Users\ayubb\Pictures\IMG\center_2026_07_29_19_37_52_619.jpg, C:\Users\ayubb\Pictures\IMG\left_2026_07_29_19_37_52_619.jpg, C:\Users\ayubb\Pictures\IMG\right_2026_07_29_19_37_52_619.jpg, 0.2506359, 1, 0, 30.17417
C:\Users\ayubb\Pictures\IMG\center_2026_07_29_19_37_52_720.jpg, C:\Users\ayubb\Pictures\IMG\left_2026_07_29_19_37_52_720.jpg, C:\Users\ayubb\Pictures\IMG\right_2026_07_29_19_37_52_720.jpg, 0, 1, 0, 30.18941
C:\Users\ayubb\Pictures\IMG\center_2026_07_29_19_37_52_823.jpg, C:\Users\ayubb\Pictures\IMG\left_2026_07_29_19_37_52_823.jpg, C:\Users\ayubb\Pictures\IMG\right_2026_07_29_19_37_52_823.jpg, 0, 1, 0, 30.1902
C:\Users\ayubb\Pictures\IMG\center_2026_07_29_19_37_52_925.jpg, C:\Users\ayubb\Pictures\IMG\left_2026_07_29_19_37_52_925.jpg, C:\Users\ayubb\Pictures\IMG\right_2026_07_29_19_37_52_925.jpg, 0, 1, 0, 30.19033
C:\Users\ayubb\Pictures\IMG\center_2026_07_29_19_37_53_027.jpg, C:\Users\ayubb\Pictures\IMG\left_2026_07_29_19_37_53_027.jpg, C:\Users\ayubb\Pictures\IMG\right_2026_07_29_19_37_53_027.jpg, 0, 1, 0, 30.19035
C:\Users\ayubb\Pictures\IMG\center_2026_07_29_19_37_53_130.jpg, C:\Users\ayubb\Pictures\IMG\left_2026_07_29_19_37_53_130.jpg, C:\Users\ayubb\Pictures\IMG\right_2026_07_29_19_37_53_130.jpg, 0, 1, 0, 30.19037
C:\Users\ayubb\Pictures\IMG\center_2026_07_29_19_37_53_230.jpg, C:\Users\ayubb\Pictures\IMG\left_2026_07_29_19_37_53_230.jpg, C:\Users\ayubb\Pictures\IMG\right_2026_07_29_19_37_53_230.jpg, 0, 1, 0, 30.19011
C:\Users\ayubb\Pictures\IMG\center_2026_07_29_19_37_53_333.jpg, C:\Users\ayubb\Pictures\IMG\left_2026_07_29_19_37_53_333.jpg, C:\Users\ayubb\Pictures\IMG\right_2026_07_29_19_37_53_333.jpg, 0, 1, 0, 30.19033
C:\Users\ayubb\Pictures\IMG\center_2026_07_29_19_37_53_433.jpg, C:\Users\ayubb\Pictures\IMG\left_2026_07_29_19_37_53_433.jpg, C:\Users\ayubb\Pictures\IMG\right_2026_07_29_19_37_53_433.jpg, 0.2372814, 1, 0, 30.17576
C:\Users\ayubb\Pictures\IMG\center_2026_07_29_19_37_53_536.jpg, C:\Users\ayubb\Pictures\IMG\left_2026_07_29_19_37_53_536.jpg, C:\Users\ayubb\Pictures\IMG\right_2026_07_29_19_37_53_536.jpg, 0, 1, 0, 30.18945
C:\Users\ayubb\Pictures\IMG\center_2026_07_29_19_37_53_639.jpg, C:\Users\ayubb\Pictures\IMG\left_2026_07_29_19_37_53_639.jpg, C:\Users\ayubb\Pictures\IMG\right_2026_07_29_19_37_53_639.jpg, 0, 1, 0, 30.19024
C:\Users\ayubb\Pictures\IMG\center_2026_07_29_19_37_53_741.jpg, C:\Users\ayubb\Pictures\IMG\left_2026_07_29_19_37_53_741.jpg, C:\Users\ayubb\Pictures\IMG\right_2026_07_29_19_37_53_741.jpg, 0, 1, 0, 30.19033
C:\Users\ayubb\Pictures\IMG\center_2026_07_29_19_37_53_842.jpg, C:\Users\ayubb\Pictures\IMG\left_2026_07_29_19_37_53_842.jpg, C:\Users\ayubb\Pictures\IMG\right_2026_07_29_19_37_53_842.jpg, 0, 1, 0, 30.19028
C:\Users\ayubb\Pictures\IMG\center_2026_07_29_19_37_53_944.jpg, C:\Users\ayubb\Pictures\IMG\left_2026_07_29_19_37_53_944.jpg, C:\Users\ayubb\Pictures\IMG\right_2026_07_29_19_37_53_944.jpg, 0, 1, 0, 30.19029
C:\Users\ayubb\Pictures\IMG\center_2026_07_29_19_37_54_044.jpg, C:\Users\ayubb\Pictures\IMG\left_2026_07_29_19_37_54_044.jpg, C:\Users\ayubb\Pictures\IMG\right_2026_07_29_19_37_54_044.jpg, 0, 1, 0, 30.19032
C:\Users\ayubb\Pictures\IMG\center_2026_07_29_19_37_54_147.jpg, C:\Users\ayubb\Pictures\IMG\left_2026_07_29_19_37_54_147.jpg, C:\Users\ayubb\Pictures\IMG\right_2026_07_29_19_37_54_147.jpg, 0, 1, 0, 30.19028
C:\Users\ayubb\Pictures\IMG\center_2026_07_29_19_37_54_249.jpg, C:\Users\ayubb\Pictures\IMG\left_2026_07_29_19_37_54_249.jpg, C:\Users\ayubb\Pictures\IMG\right_2026_07_29_19_37_54_249.jpg, 0, 1, 0, 30.19033
C:\Users\ayubb\Pictures\IMG\center_2026_07_29_19_37_54_351.jpg, C:\Users\ayubb\Pictures\IMG\left_2026_07_29_19_37_54_351.jpg, C:\Users\ayubb\Pictures\IMG\right_2026_07_29_19_37_54_351.jpg, 0, 1, 0, 30.19032
C:\Users\ayubb\Pictures\IMG\center_2026_07_29_19_37_54_451.jpg, C:\Users\ayubb\Pictures\IMG\left_2026_07_29_19_37_54_451.jpg, C:\Users\ayubb\Pictures\IMG\right_2026_07_29_19_37_54_451.jpg, 0, 1, 0, 30.19028
C:\Users\ayubb\Pictures\IMG\center_2026_07_29_19_37_54_555.jpg, C:\Users\ayubb\Pictures\IMG\left_2026_07_29_19_37_54_555.jpg, C:\Users\ayubb\Pictures\IMG\right_2026_07_29_19_37_54_555.jpg, 0, 1, 0, 30.19031
C:\Users\ayubb\Pictures\IMG\center_2026_07_29_19_37_54_655.jpg, C:\Users\ayubb\Pictures\IMG\left_2026_07_29_19_37_54_655.jpg, C:\Users\ayubb\Pictures\IMG\right_2026_07_29_19_37_54_655.jpg, 0, 1, 0, 30.19032
C:\Users\ayubb\Pictures\IMG\center_2026_07_29_19_37_54_758.jpg, C:\Users\ayubb\Pictures\IMG\left_2026_07_29_19_37_54_758.jpg, C:\Users\ayubb\Pictures\IMG\right_2026_07_29_19_37_54_758.jpg, 0, 1, 0, 30.19032
C:\Users\ayubb\Pictures\IMG\center_2026_07_29_19_37_54_861.jpg, C:\Users\ayubb\Pictures\IMG\left_2026_07_29_19_37_54_861.jpg, C:\Users\ayubb\Pictures\IMG\right_2026_07_29_19_37_54_861.jpg, 0.0192099, 1, 0, 30.1903
C:\Users\ayubb\Pictures\IMG\center_2026_07_29_19_37_54_965.jpg, C:\Users\ayubb\Pictures\IMG\left_2026_07_29_19_37_54_965.jpg, C:\Users\ayubb\Pictures\IMG\right_2026_07_29_19_37_54_965.jpg, 0.1364781, 1, 0, 30.18631
C:\Users\ayubb\Pictures\IMG\center_2026_07_29_19_37_55_068.jpg, C:\Users\ayubb\Pictures\IMG\left_2026_07_29_19_37_55_068.jpg, C:\Users\ayubb\Pictures\IMG\right_2026_07_29_19_37_55_068.jpg, 0, 1, 0, 30.19009
C:\Users\ayubb\Pictures\IMG\center_2026_07_29_19_37_55_169.jpg, C:\Users\ayubb\Pictures\IMG\left_2026_07_29_19_37_55_169.jpg, C:\Users\ayubb\Pictures\IMG\right_2026_07_29_19_37_55_169.jpg, 0, 1, 0, 30.19027
C:\Users\ayubb\Pictures\IMG\center_2026_07_29_19_37_55_269.jpg, C:\Users\ayubb\Pictures\IMG\left_2026_07_29_19_37_55_269.jpg, C:\Users\ayubb\Pictures\IMG\right_2026_07_29_19_37_55_269.jpg, 0, 1, 0, 30.19029
C:\Users\ayubb\Pictures\IMG\center_2026_07_29_19_37_55_372.jpg, C:\Users\ayubb\Pictures\IMG\left_2026_07_29_19_37_55_372.jpg, C:\Users\ayubb\Pictures\IMG\right_2026_07_29_19_37_55_372.jpg, 0, 1, 0, 30.19027
C:\Users\ayubb\Pictures\IMG\center_2026_07_29_19_37_55_473.jpg, C:\Users\ayubb\Pictures\IMG\left_2026_07_29_19_37_55_473.jpg, C:\Users\ayubb\Pictures\IMG\right_2026_07_29_19_37_55_473.jpg, 0, 1, 0, 30.19031
C:\Users\ayubb\Pictures\IMG\center_2026_07_29_19_37_55_576.jpg, C:\Users\ayubb\Pictures\IMG\left_2026_07_29_19_37_55_576.jpg, C:\Users\ayubb\Pictures\IMG\right_2026_07_29_19_37_55_576.jpg, 0, 1, 0, 30.1903
C:\Users\ayubb\Pictures\IMG\center_2026_07_29_19_37_55_678.jpg, C:\Users\ayubb\Pictures\IMG\left_2026_07_29_19_37_55_678.jpg, C:\Users\ayubb\Pictures\IMG\right_2026_07_29_19_37_55_678.jpg, 0, 1, 0, 30.19031
C:\Users\ayubb\Pictures\IMG\center_2026_07_29_19_37_55_781.jpg, C:\Users\ayubb\Pictures\IMG\left_2026_07_29_19_37_55_781.jpg, C:\Users\ayubb\Pictures\IMG\right_2026_07_29_19_37_55_781.jpg, 0, 1, 0, 30.19029
C:\Users\ayubb\Pictures\IMG\center_2026_07_29_19_37_55_881.jpg, C:\Users\ayubb\Pictures\IMG\left_2026_07_29_19_37_55_881.jpg, C:\Users\ayubb\Pictures\IMG\right_2026_07_29_19_37_55_881.jpg, 0, 1, 0, 30.19029
C:\Users\ayubb\Pictures\IMG\center_2026_07_29_19_37_55_982.jpg, C:\Users\ayubb\Pictures\IMG\left_2026_07_29_19_37_55_982.jpg, C:\Users\ayubb\Pictures\IMG\right_2026_07_29_19_37_55_982.jpg, 0, 1, 0, 30.1903
C:\Users\ayubb\Pictures\IMG\center_2026_07_29_19_37_56_083.jpg, C:\Users\ayubb\Pictures\IMG\left_2026_07_29_19_37_56_083.jpg, C:\Users\ayubb\Pictures\IMG\right_2026_07_29_19_37_56_083.jpg, 0, 1, 0, 30.19028
C:\Users\ayubb\Pictures\IMG\center_2026_07_29_19_37_56_184.jpg, C:\Users\ayubb\Pictures\IMG\left_2026_07_29_19_37_56_184.jpg, C:\Users\ayubb\Pictures\IMG\right_2026_07_29_19_37_56_184.jpg, 0, 1, 0, 30.19029
C:\Users\ayubb\Pictures\IMG\center_2026_07_29_19_37_56_285.jpg, C:\Users\ayubb\Pictures\IMG\left_2026_07_29_19_37_56_285.jpg, C:\Users\ayubb\Pictures\IMG\right_2026_07_29_19_37_56_285.jpg, 0, 1, 0, 30.19016
C:\Users\ayubb\Pictures\IMG\center_2026_07_29_19_37_56_386.jpg, C:\Users\ayubb\Pictures\IMG\left_2026_07_29_19_37_56_386.jpg, C:\Users\ayubb\Pictures\IMG\right_2026_07_29_19_37_56_386.jpg, 0, 1, 0, 30.19032
C:\Users\ayubb\Pictures\IMG\center_2026_07_29_19_37_56_488.jpg, C:\Users\ayubb\Pictures\IMG\left_2026_07_29_19_37_56_488.jpg, C:\Users\ayubb\Pictures\IMG\right_2026_07_29_19_37_56_488.jpg, 0, 1, 0, 30.1902
C:\Users\ayubb\Pictures\IMG\center_2026_07_29_19_37_56_591.jpg, C:\Users\ayubb\Pictures\IMG\left_2026_07_29_19_37_56_591.jpg, C:\Users\ayubb\Pictures\IMG\right_2026_07_29_19_37_56_591.jpg, 0, 1, 0, 30.19032
C:\Users\ayubb\Pictures\IMG\center_2026_07_29_19_37_56_692.jpg, C:\Users\ayubb\Pictures\IMG\left_2026_07_29_19_37_56_692.jpg, C:\Users\ayubb\Pictures\IMG\right_2026_07_29_19_37_56_692.jpg, 0, 1, 0, 30.1903
C:\Users\ayubb\Pictures\IMG\center_2026_07_29_19_37_56_794.jpg, C:\Users\ayubb\Pictures\IMG\left_2026_07_29_19_37_56_794.jpg, C:\Users\ayubb\Pictures\IMG\right_2026_07_29_19_37_56_794.jpg, 0, 1, 0, 30.19032
C:\Users\ayubb\Pictures\IMG\center_2026_07_29_19_37_56_896.jpg, C:\Users\ayubb\Pictures\IMG\left_2026_07_29_19_37_56_896.jpg, C:\Users\ayubb\Pictures\IMG\right_2026_07_29_19_37_56_896.jpg, 0, 1, 0, 30.19032
C:\Users\ayubb\Pictures\IMG\center_2026_07_29_19_37_56_998.jpg, C:\Users\ayubb\Pictures\IMG\left_2026_07_29_19_37_56_998.jpg, C:\Users\ayubb\Pictures\IMG\right_2026_07_29_19_37_56_998.jpg, 0, 1, 0, 30.19028
C:\Users\ayubb\Pictures\IMG\center_2026_07_29_19_37_57_102.jpg, C:\Users\ayubb\Pictures\IMG\left_2026_07_29_19_37_57_102.jpg, C:\Users\ayubb\Pictures\IMG\right_2026_07_29_19_37_57_102.jpg, 0, 1, 0, 30.19029
C:\Users\ayubb\Pictures\IMG\center_2026_07_29_19_37_57_205.jpg, C:\Users\ayubb\Pictures\IMG\left_2026_07_29_19_37_57_205.jpg, C:\Users\ayubb\Pictures\IMG\right_2026_07_29_19_37_57_205.jpg, 0, 1, 0, 30.19027
C:\Users\ayubb\Pictures\IMG\center_2026_07_29_19_37_57_305.jpg, C:\Users\ayubb\Pictures\IMG\left_2026_07_29_19_37_57_305.jpg, C:\Users\ayubb\Pictures\IMG\right_2026_07_29_19_37_57_305.jpg, 0, 1, 0, 30.19028
C:\Users\ayubb\Pictures\IMG\center_2026_07_29_19_37_57_405.jpg, C:\Users\ayubb\Pictures\IMG\left_2026_07_29_19_37_57_405.jpg, C:\Users\ayubb\Pictures\IMG\right_2026_07_29_19_37_57_405.jpg, 0, 1, 0, 30.19032
C:\Users\ayubb\Pictures\IMG\center_2026_07_29_19_37_57_507.jpg, C:\Users\ayubb\Pictures\IMG\left_2026_07_29_19_37_57_507.jpg, C:\Users\ayubb\Pictures\IMG\right_2026_07_29_19_37_57_507.jpg, 0, 1, 0, 30.19029
C:\Users\ayubb\Pictures\IMG\center_2026_07_29_19_37_57_609.jpg, C:\Users\ayubb\Pictures\IMG\left_2026_07_29_19_37_57_609.jpg, C:\Users\ayubb\Pictures\IMG\right_2026_07_29_19_37_57_609.jpg, 0.006951605, 1, 0, 30.18965
C:\Users\ayubb\Pictures\IMG\center_2026_07_29_19_37_57_710.jpg, C:\Users\ayubb\Pictures\IMG\left_2026_07_29_19_37_57_710.jpg, C:\Users\ayubb\Pictures\IMG\right_2026_07_29_19_37_57_710.jpg, 0, 1, 0, 30.19031
C:\Users\ayubb\Pictures\IMG\center_2026_07_29_19_37_57_811.jpg, C:\Users\ayubb\Pictures\IMG\left_2026_07_29_19_37_57_811.jpg, C:\Users\ayubb\Pictures\IMG\right_2026_07_29_19_37_57_811.jpg, 0, 1, 0, 30.1903
C:\Users\ayubb\Pictures\IMG\center_2026_07_29_19_37_57_913.jpg, C:\Users\ayubb\Pictures\IMG\left_2026_07_29_19_37_57_913.jpg, C:\Users\ayubb\Pictures\IMG\right_2026_07_29_19_37_57_913.jpg, 0, 1, 0, 30.19027
C:\Users\ayubb\Pictures\IMG\center_2026_07_29_19_37_58_014.jpg, C:\Users\ayubb\Pictures\IMG\left_2026_07_29_19_37_58_014.jpg, C:\Users\ayubb\Pictures\IMG\right_2026_07_29_19_37_58_014.jpg, 0, 1, 0, 30.1903
C:\Users\ayubb\Pictures\IMG\center_2026_07_29_19_37_58_118.jpg, C:\Users\ayubb\Pictures\IMG\left_2026_07_29_19_37_58_118.jpg, C:\Users\ayubb\Pictures\IMG\right_2026_07_29_19_37_58_118.jpg, 0, 1, 0, 30.19031
C:\Users\ayubb\Pictures\IMG\center_2026_07_29_19_37_58_219.jpg, C:\Users\ayubb\Pictures\IMG\left_2026_07_29_19_37_58_219.jpg, C:\Users\ayubb\Pictures\IMG\right_2026_07_29_19_37_58_219.jpg, 0, 1, 0, 30.19034
C:\Users\ayubb\Pictures\IMG\center_2026_07_29_19_37_58_321.jpg, C:\Users\ayubb\Pictures\IMG\left_2026_07_29_19_37_58_321.jpg, C:\Users\ayubb\Pictures\IMG\right_2026_07_29_19_37_58_321.jpg, 0.2544753, 1, 0, 30.17352
C:\Users\ayubb\Pictures\IMG\center_2026_07_29_19_37_58_423.jpg, C:\Users\ayubb\Pictures\IMG\left_2026_07_29_19_37_58_423.jpg, C:\Users\ayubb\Pictures\IMG\right_2026_07_29_19_37_58_423.jpg, 0, 1, 0, 30.1895
C:\Users\ayubb\Pictures\IMG\center_2026_07_29_19_37_58_526.jpg, C:\Users\ayubb\Pictures\IMG\left_2026_07_29_19_37_58_526.jpg, C:\Users\ayubb\Pictures\IMG\right_2026_07_29_19_37_58_526.jpg, 0, 1, 0, 30.18999
C:\Users\ayubb\Pictures\IMG\center_2026_07_29_19_37_58_630.jpg, C:\Users\ayubb\Pictures\IMG\left_2026_07_29_19_37_58_630.jpg, C:\Users\ayubb\Pictures\IMG\right_2026_07_29_19_37_58_630.jpg, 0.180288, 1, 0, 30.18303
C:\Users\ayubb\Pictures\IMG\center_2026_07_29_19_37_58_731.jpg, C:\Users\ayubb\Pictures\IMG\left_2026_07_29_19_37_58_731.jpg, C:\Users\ayubb\Pictures\IMG\right_2026_07_29_19_37_58_731.jpg, 0, 1, 0, 30.18999
C:\Users\ayubb\Pictures\IMG\center_2026_07_29_19_37_58_831.jpg, C:\Users\ayubb\Pictures\IMG\left_2026_07_29_19_37_58_831.jpg, C:\Users\ayubb\Pictures\IMG\right_2026_07_29_19_37_58_831.jpg, 0, 1, 0, 30.19027
C:\Users\ayubb\Pictures\IMG\center_2026_07_29_19_37_58_933.jpg, C:\Users\ayubb\Pictures\IMG\left_2026_07_29_19_37_58_933.jpg, C:\Users\ayubb\Pictures\IMG\right_2026_07_29_19_37_58_933.jpg, 0, 1, 0, 30.19013
C:\Users\ayubb\Pictures\IMG\center_2026_07_29_19_37_59_035.jpg, C:\Users\ayubb\Pictures\IMG\left_2026_07_29_19_37_59_035.jpg, C:\Users\ayubb\Pictures\IMG\right_2026_07_29_19_37_59_035.jpg, 0, 1, 0, 30.19025
C:\Users\ayubb\Pictures\IMG\center_2026_07_29_19_37_59_135.jpg, C:\Users\ayubb\Pictures\IMG\left_2026_07_29_19_37_59_135.jpg, C:\Users\ayubb\Pictures\IMG\right_2026_07_29_19_37_59_135.jpg, 0, 1, 0, 30.19018
C:\Users\ayubb\Pictures\IMG\center_2026_07_29_19_37_59_237.jpg, C:\Users\ayubb\Pictures\IMG\left_2026_07_29_19_37_59_237.jpg, C:\Users\ayubb\Pictures\IMG\right_2026_07_29_19_37_59_237.jpg, 0, 1, 0, 30.19029
C:\Users\ayubb\Pictures\IMG\center_2026_07_29_19_37_59_337.jpg, C:\Users\ayubb\Pictures\IMG\left_2026_07_29_19_37_59_337.jpg, C:\Users\ayubb\Pictures\IMG\right_2026_07_29_19_37_59_337.jpg, 0.0452736, 1, 0, 30.18983
C:\Users\ayubb\Pictures\IMG\center_2026_07_29_19_37_59_439.jpg, C:\Users\ayubb\Pictures\IMG\left_2026_07_29_19_37_59_439.jpg, C:\Users\ayubb\Pictures\IMG\right_2026_07_29_19_37_59_439.jpg, 0.3485577, 1, 0, 30.16157
C:\Users\ayubb\Pictures\IMG\center_2026_07_29_19_37_59_539.jpg, C:\Users\ayubb\Pictures\IMG\left_2026_07_29_19_37_59_539.jpg, C:\Users\ayubb\Pictures\IMG\right_2026_07_29_19_37_59_539.jpg, 0.1450495, 1, 0, 30.19128
C:\Users\ayubb\Pictures\IMG\center_2026_07_29_19_37_59_641.jpg, C:\Users\ayubb\Pictures\IMG\left_2026_07_29_19_37_59_641.jpg, C:\Users\ayubb\Pictures\IMG\right_2026_07_29_19_37_59_641.jpg, 0, 1, 0, 30.1891
C:\Users\ayubb\Pictures\IMG\center_2026_07_29_19_37_59_742.jpg, C:\Users\ayubb\Pictures\IMG\left_2026_07_29_19_37_59_742.jpg, C:\Users\ayubb\Pictures\IMG\right_2026_07_29_19_37_59_742.jpg, 0, 1, 0, 30.19014
C:\Users\ayubb\Pictures\IMG\center_2026_07_29_19_37_59_843.jpg, C:\Users\ayubb\Pictures\IMG\left_2026_07_29_19_37_59_843.jpg, C:\Users\ayubb\Pictures\IMG\right_2026_07_29_19_37_59_843.jpg, 0, 1, 0, 30.19028
C:\Users\ayubb\Pictures\IMG\center_2026_07_29_19_37_59_946.jpg, C:\Users\ayubb\Pictures\IMG\left_2026_07_29_19_37_59_946.jpg, C:\Users\ayubb\Pictures\IMG\right_2026_07_29_19_37_59_946.jpg, 0, 1, 0, 30.1903
C:\Users\ayubb\Pictures\IMG\center_2026_07_29_19_38_00_046.jpg, C:\Users\ayubb\Pictures\IMG\left_2026_07_29_19_38_00_046.jpg, C:\Users\ayubb\Pictures\IMG\right_2026_07_29_19_38_00_046.jpg, 0, 1, 0, 30.1903
C:\Users\ayubb\Pictures\IMG\center_2026_07_29_19_38_00_149.jpg, C:\Users\ayubb\Pictures\IMG\left_2026_07_29_19_38_00_149.jpg, C:\Users\ayubb\Pictures\IMG\right_2026_07_29_19_38_00_149.jpg, 0, 1, 0, 30.19032
C:\Users\ayubb\Pictures\IMG\center_2026_07_29_19_38_00_250.jpg, C:\Users\ayubb\Pictures\IMG\left_2026_07_29_19_38_00_250.jpg, C:\Users\ayubb\Pictures\IMG\right_2026_07_29_19_38_00_250.jpg, 0, 1, 0, 30.19031
C:\Users\ayubb\Pictures\IMG\center_2026_07_29_19_38_00_351.jpg, C:\Users\ayubb\Pictures\IMG\left_2026_07_29_19_38_00_351.jpg, C:\Users\ayubb\Pictures\IMG\right_2026_07_29_19_38_00_351.jpg, 0, 1, 0, 30.19031
C:\Users\ayubb\Pictures\IMG\center_2026_07_29_19_38_00_452.jpg, C:\Users\ayubb\Pictures\IMG\left_2026_07_29_19_38_00_452.jpg, C:\Users\ayubb\Pictures\IMG\right_2026_07_29_19_38_00_452.jpg, 0, 1, 0, 30.19031
C:\Users\ayubb\Pictures\IMG\center_2026_07_29_19_38_00_552.jpg, C:\Users\ayubb\Pictures\IMG\left_2026_07_29_19_38_00_552.jpg, C:\Users\ayubb\Pictures\IMG\right_2026_07_29_19_38_00_552.jpg, -0.2059359, 1, 0, 30.17904
C:\Users\ayubb\Pictures\IMG\center_2026_07_29_19_38_00_653.jpg, C:\Users\ayubb\Pictures\IMG\left_2026_07_29_19_38_00_653.jpg, C:\Users\ayubb\Pictures\IMG\right_2026_07_29_19_38_00_653.jpg, -0.2634213, 1, 0, 30.183
C:\Users\ayubb\Pictures\IMG\center_2026_07_29_19_38_00_754.jpg, C:\Users\ayubb\Pictures\IMG\left_2026_07_29_19_38_00_754.jpg, C:\Users\ayubb\Pictures\IMG\right_2026_07_29_19_38_00_754.jpg, 0, 1, 0, 30.18809
C:\Users\ayubb\Pictures\IMG\center_2026_07_29_19_38_00_857.jpg, C:\Users\ayubb\Pictures\IMG\left_2026_07_29_19_38_00_857.jpg, C:\Users\ayubb\Pictures\IMG\right_2026_07_29_19_38_00_857.jpg, 0.009727499, 1, 0, 30.18995
C:\Users\ayubb\Pictures\IMG\center_2026_07_29_19_38_00_958.jpg, C:\Users\ayubb\Pictures\IMG\left_2026_07_29_19_38_00_958.jpg, C:\Users\ayubb\Pictures\IMG\right_2026_07_29_19_38_00_958.jpg, 0.271213, 1, 0, 30.16914
C:\Users\ayubb\Pictures\IMG\center_2026_07_29_19_38_01_061.jpg, C:\Users\ayubb\Pictures\IMG\left_2026_07_29_19_38_01_061.jpg, C:\Users\ayubb\Pictures\IMG\right_2026_07_29_19_38_01_061.jpg, 0, 1, 0, 30.18921
C:\Users\ayubb\Pictures\IMG\center_2026_07_29_19_38_01_163.jpg, C:\Users\ayubb\Pictures\IMG\left_2026_07_29_19_38_01_163.jpg, C:\Users\ayubb\Pictures\IMG\right_2026_07_29_19_38_01_163.jpg, 0, 1, 0, 30.19007
C:\Users\ayubb\Pictures\IMG\center_2026_07_29_19_38_01_263.jpg, C:\Users\ayubb\Pictures\IMG\left_2026_07_29_19_38_01_263.jpg, C:\Users\ayubb\Pictures\IMG\right_2026_07_29_19_38_01_263.jpg, 0, 1, 0, 30.19025
C:\Users\ayubb\Pictures\IMG\center_2026_07_29_19_38_01_367.jpg, C:\Users\ayubb\Pictures\IMG\left_2026_07_29_19_38_01_367.jpg, C:\Users\ayubb\Pictures\IMG\right_2026_07_29_19_38_01_367.jpg, 0, 1, 0, 30.19029
C:\Users\ayubb\Pictures\IMG\center_2026_07_29_19_38_01_469.jpg, C:\Users\ayubb\Pictures\IMG\left_2026_07_29_19_38_01_469.jpg, C:\Users\ayubb\Pictures\IMG\right_2026_07_29_19_38_01_469.jpg, 0, 1, 0, 30.19031
C:\Users\ayubb\Pictures\IMG\center_2026_07_29_19_38_01_570.jpg, C:\Users\ayubb\Pictures\IMG\left_2026_07_29_19_38_01_570.jpg, C:\Users\ayubb\Pictures\IMG\right_2026_07_29_19_38_01_570.jpg, 0, 1, 0, 30.1903
C:\Users\ayubb\Pictures\IMG\center_2026_07_29_19_38_01_671.jpg, C:\Users\ayubb\Pictures\IMG\left_2026_07_29_19_38_01_671.jpg, C:\Users\ayubb\Pictures\IMG\right_2026_07_29_19_38_01_671.jpg, 0, 1, 0, 30.1903
C:\Users\ayubb\Pictures\IMG\center_2026_07_29_19_38_01_775.jpg, C:\Users\ayubb\Pictures\IMG\left_2026_07_29_19_38_01_775.jpg, C:\Users\ayubb\Pictures\IMG\right_2026_07_29_19_38_01_775.jpg, 0, 1, 0, 30.19029
C:\Users\ayubb\Pictures\IMG\center_2026_07_29_19_38_01_875.jpg, C:\Users\ayubb\Pictures\IMG\left_2026_07_29_19_38_01_875.jpg, C:\Users\ayubb\Pictures\IMG\right_2026_07_29_19_38_01_875.jpg, 0, 1, 0, 30.19034
C:\Users\ayubb\Pictures\IMG\center_2026_07_29_19_38_01_977.jpg, C:\Users\ayubb\Pictures\IMG\left_2026_07_29_19_38_01_977.jpg, C:\Users\ayubb\Pictures\IMG\right_2026_07_29_19_38_01_977.jpg, 0, 1, 0, 30.19031
C:\Users\ayubb\Pictures\IMG\center_2026_07_29_19_38_02_079.jpg, C:\Users\ayubb\Pictures\IMG\left_2026_07_29_19_38_02_079.jpg, C:\Users\ayubb\Pictures\IMG\right_2026_07_29_19_38_02_079.jpg, 0, 1, 0, 30.19033
C:\Users\ayubb\Pictures\IMG\center_2026_07_29_19_38_02_180.jpg, C:\Users\ayubb\Pictures\IMG\left_2026_07_29_19_38_02_180.jpg, C:\Users\ayubb\Pictures\IMG\right_2026_07_29_19_38_02_180.jpg, 0, 1, 0, 30.19031
C:\Users\ayubb\Pictures\IMG\center_2026_07_29_19_38_02_282.jpg, C:\Users\ayubb\Pictures\IMG\left_2026_07_29_19_38_02_282.jpg, C:\Users\ayubb\Pictures\IMG\right_2026_07_29_19_38_02_282.jpg, 0, 1, 0, 30.1903
C:\Users\ayubb\Pictures\IMG\center_2026_07_29_19_38_02_383.jpg, C:\Users\ayubb\Pictures\IMG\left_2026_07_29_19_38_02_383.jpg, C:\Users\ayubb\Pictures\IMG\right_2026_07_29_19_38_02_383.jpg, 0, 1, 0, 30.19033
C:\Users\ayubb\Pictures\IMG\center_2026_07_29_19_38_02_487.jpg, C:\Users\ayubb\Pictures\IMG\left_2026_07_29_19_38_02_487.jpg, C:\Users\ayubb\Pictures\IMG\right_2026_07_29_19_38_02_487.jpg, 0, 1, 0, 30.19028
C:\Users\ayubb\Pictures\IMG\center_2026_07_29_19_38_02_588.jpg, C:\Users\ayubb\Pictures\IMG\left_2026_07_29_19_38_02_588.jpg, C:\Users\ayubb\Pictures\IMG\right_2026_07_29_19_38_02_588.jpg, 0.2397426, 1, 0, 30.17523
C:\Users\ayubb\Pictures\IMG\center_2026_07_29_19_38_02_691.jpg, C:\Users\ayubb\Pictures\IMG\left_2026_07_29_19_38_02_691.jpg, C:\Users\ayubb\Pictures\IMG\right_2026_07_29_19_38_02_691.jpg, 0.1195347, 1, 0, 30.19062
C:\Users\ayubb\Pictures\IMG\center_2026_07_29_19_38_02_792.jpg, C:\Users\ayubb\Pictures\IMG\left_2026_07_29_19_38_02_792.jpg, C:\Users\ayubb\Pictures\IMG\right_2026_07_29_19_38_02_792.jpg, 0, 1, 0, 30.18961
C:\Users\ayubb\Pictures\IMG\center_2026_07_29_19_38_02_893.jpg, C:\Users\ayubb\Pictures\IMG\left_2026_07_29_19_38_02_893.jpg, C:\Users\ayubb\Pictures\IMG\right_2026_07_29_19_38_02_893.jpg, 0, 1, 0, 30.1902
C:\Users\ayubb\Pictures\IMG\center_2026_07_29_19_38_02_997.jpg, C:\Users\ayubb\Pictures\IMG\left_2026_07_29_19_38_02_997.jpg, C:\Users\ayubb\Pictures\IMG\right_2026_07_29_19_38_02_997.jpg, 0, 1, 0, 30.19028
C:\Users\ayubb\Pictures\IMG\center_2026_07_29_19_38_03_100.jpg, C:\Users\ayubb\Pictures\IMG\left_2026_07_29_19_38_03_100.jpg, C:\Users\ayubb\Pictures\IMG\right_2026_07_29_19_38_03_100.jpg, 0, 1, 0, 30.19031
C:\Users\ayubb\Pictures\IMG\center_2026_07_29_19_38_03_205.jpg, C:\Users\ayubb\Pictures\IMG\left_2026_07_29_19_38_03_205.jpg, C:\Users\ayubb\Pictures\IMG\right_2026_07_29_19_38_03_205.jpg, 0, 1, 0, 30.1903
C:\Users\ayubb\Pictures\IMG\center_2026_07_29_19_38_03_305.jpg, C:\Users\ayubb\Pictures\IMG\left_2026_07_29_19_38_03_305.jpg, C:\Users\ayubb\Pictures\IMG\right_2026_07_29_19_38_03_305.jpg, 0, 1, 0, 30.1903
C:\Users\ayubb\Pictures\IMG\center_2026_07_29_19_38_03_406.jpg, C:\Users\ayubb\Pictures\IMG\left_2026_07_29_19_38_03_406.jpg, C:\Users\ayubb\Pictures\IMG\right_2026_07_29_19_38_03_406.jpg, 0, 1, 0, 30.19028
C:\Users\ayubb\Pictures\IMG\center_2026_07_29_19_38_03_506.jpg, C:\Users\ayubb\Pictures\IMG\left_2026_07_29_19_38_03_506.jpg, C:\Users\ayubb\Pictures\IMG\right_2026_07_29_19_38_03_506.jpg, 0, 1, 0, 30.19029
C:\Users\ayubb\Pictures\IMG\center_2026_07_29_19_38_03_607.jpg, C:\Users\ayubb\Pictures\IMG\left_2026_07_29_19_38_03_607.jpg, C:\Users\ayubb\Pictures\IMG\right_2026_07_29_19_38_03_607.jpg, 0, 1, 0, 30.1903
C:\Users\ayubb\Pictures\IMG\center_2026_07_29_19_38_03_710.jpg, C:\Users\ayubb\Pictures\IMG\left_2026_07_29_19_38_03_710.jpg, C:\Users\ayubb\Pictures\IMG\right_2026_07_29_19_38_03_710.jpg, 0, 1, 0, 30.19029
C:\Users\ayubb\Pictures\IMG\center_2026_07_29_19_38_03_813.jpg, C:\Users\ayubb\Pictures\IMG\left_2026_07_29_19_38_03_813.jpg, C:\Users\ayubb\Pictures\IMG\right_2026_07_29_19_38_03_813.jpg, 0, 1, 0, 30.1903
C:\Users\ayubb\Pictures\IMG\center_2026_07_29_19_38_03_915.jpg, C:\Users\ayubb\Pictures\IMG\left_2026_07_29_19_38_03_915.jpg, C:\Users\ayubb\Pictures\IMG\right_2026_07_29_19_38_03_915.jpg, 0, 1, 0, 30.19029
C:\Users\ayubb\Pictures\IMG\center_2026_07_29_19_38_04_018.jpg, C:\Users\ayubb\Pictures\IMG\left_2026_07_29_19_38_04_018.jpg, C:\Users\ayubb\Pictures\IMG\right_2026_07_29_19_38_04_018.jpg, 0.2007351, 1, 0, 30.17941
C:\Users\ayubb\Pictures\IMG\center_2026_07_29_19_38_04_121.jpg, C:\Users\ayubb\Pictures\IMG\left_2026_07_29_19_38_04_121.jpg, C:\Users\ayubb\Pictures\IMG\right_2026_07_29_19_38_04_121.jpg, 0.0242469, 1, 0, 30.19053
C:\Users\ayubb\Pictures\IMG\center_2026_07_29_19_38_04_221.jpg, C:\Users\ayubb\Pictures\IMG\left_2026_07_29_19_38_04_221.jpg, C:\Users\ayubb\Pictures\IMG\right_2026_07_29_19_38_04_221.jpg, 0, 1, 0, 30.19007
C:\Users\ayubb\Pictures\IMG\center_2026_07_29_19_38_04_322.jpg, C:\Users\ayubb\Pictures\IMG\left_2026_07_29_19_38_04_322.jpg, C:\Users\ayubb\Pictures\IMG\right_2026_07_29_19_38_04_322.jpg, 0, 1, 0, 30.19027
C:\Users\ayubb\Pictures\IMG\center_2026_07_29_19_38_04_426.jpg, C:\Users\ayubb\Pictures\IMG\left_2026_07_29_19_38_04_426.jpg, C:\Users\ayubb\Pictures\IMG\right_2026_07_29_19_38_04_426.jpg, 0, 1, 0, 30.19031
C:\Users\ayubb\Pictures\IMG\center_2026_07_29_19_38_04_528.jpg, C:\Users\ayubb\Pictures\IMG\left_2026_07_29_19_38_04_528.jpg, C:\Users\ayubb\Pictures\IMG\right_2026_07_29_19_38_04_528.jpg, 0, 1, 0, 30.19014
C:\Users\ayubb\Pictures\IMG\center_2026_07_29_19_38_04_630.jpg, C:\Users\ayubb\Pictures\IMG\left_2026_07_29_19_38_04_630.jpg, C:\Users\ayubb\Pictures\IMG\right_2026_07_29_19_38_04_630.jpg, 0, 1, 0, 30.19022
C:\Users\ayubb\Pictures\IMG\center_2026_07_29_19_38_04_731.jpg, C:\Users\ayubb\Pictures\IMG\left_2026_07_29_19_38_04_731.jpg, C:\Users\ayubb\Pictures\IMG\right_2026_07_29_19_38_04_731.jpg, 0, 1, 0, 30.19019
C:\Users\ayubb\Pictures\IMG\center_2026_07_29_19_38_04_833.jpg, C:\Users\ayubb\Pictures\IMG\left_2026_07_29_19_38_04_833.jpg, C:\Users\ayubb\Pictures\IMG\right_2026_07_29_19_38_04_833.jpg, 0, 1, 0, 30.1906
C:\Users\ayubb\Pictures\IMG\center_2026_07_29_19_38_04_935.jpg, C:\Users\ayubb\Pictures\IMG\left_2026_07_29_19_38_04_935.jpg, C:\Users\ayubb\Pictures\IMG\right_2026_07_29_19_38_04_935.jpg, 0, 1, 0, 30.19033
C:\Users\ayubb\Pictures\IMG\center_2026_07_29_19_38_05_036.jpg, C:\Users\ayubb\Pictures\IMG\left_2026_07_29_19_38_05_036.jpg, C:\Users\ayubb\Pictures\IMG\right_2026_07_29_19_38_05_036.jpg, 0, 1, 0, 30.1903
C:\Users\ayubb\Pictures\IMG\center_2026_07_29_19_38_05_138.jpg, C:\Users\ayubb\Pictures\IMG\left_2026_07_29_19_38_05_138.jpg, C:\Users\ayubb\Pictures\IMG\right_2026_07_29_19_38_05_138.jpg, 0, 1, 0, 30.1903
C:\Users\ayubb\Pictures\IMG\center_2026_07_29_19_38_05_239.jpg, C:\Users\ayubb\Pictures\IMG\left_2026_07_29_19_38_05_239.jpg, C:\Users\ayubb\Pictures\IMG\right_2026_07_29_19_38_05_239.jpg, 0, 1, 0, 30.1903
C:\Users\ayubb\Pictures\IMG\center_2026_07_29_19_38_05_340.jpg, C:\Users\ayubb\Pictures\IMG\left_2026_07_29_19_38_05_340.jpg, C:\Users\ayubb\Pictures\IMG\right_2026_07_29_19_38_05_340.jpg, 0, 1, 0, 30.19031
C:\Users\ayubb\Pictures\IMG\center_2026_07_29_19_38_05_441.jpg, C:\Users\ayubb\Pictures\IMG\left_2026_07_29_19_38_05_441.jpg, C:\Users\ayubb\Pictures\IMG\right_2026_07_29_19_38_05_441.jpg, 0, 1, 0, 30.19031
C:\Users\ayubb\Pictures\IMG\center_2026_07_29_19_38_05_544.jpg, C:\Users\ayubb\Pictures\IMG\left_2026_07_29_19_38_05_544.jpg, C:\Users\ayubb\Pictures\IMG\right_2026_07_29_19_38_05_544.jpg, 0.0103314, 1, 0, 30.19028
C:\Users\ayubb\Pictures\IMG\center_2026_07_29_19_38_05_645.jpg, C:\Users\ayubb\Pictures\IMG\left_2026_07_29_19_38_05_645.jpg, C:\Users\ayubb\Pictures\IMG\right_2026_07_29_19_38_05_645.jpg, 0.3156828, 1, 0, 30.16537
C:\Users\ayubb\Pictures\IMG\center_2026_07_29_19_38_05_748.jpg, C:\Users\ayubb\Pictures\IMG\left_2026_07_29_19_38_05_748.jpg, C:\Users\ayubb\Pictures\IMG\right_2026_07_29_19_38_05_748.jpg, 0.03877439, 1, 0, 30.19041
C:\Users\ayubb\Pictures\IMG\center_2026_07_29_19_38_05_851.jpg, C:\Users\ayubb\Pictures\IMG\left_2026_07_29_19_38_05_851.jpg, C:\Users\ayubb\Pictures\IMG\right_2026_07_29_19_38_05_851.jpg, 0, 1, 0, 30.18971
C:\Users\ayubb\Pictures\IMG\center_2026_07_29_19_38_05_953.jpg, C:\Users\ayubb\Pictures\IMG\left_2026_07_29_19_38_05_953.jpg, C:\Users\ayubb\Pictures\IMG\right_2026_07_29_19_38_05_953.jpg, 0, 1, 0, 30.19024
C:\Users\ayubb\Pictures\IMG\center_2026_07_29_19_38_06_055.jpg, C:\Users\ayubb\Pictures\IMG\left_2026_07_29_19_38_06_055.jpg, C:\Users\ayubb\Pictures\IMG\right_2026_07_29_19_38_06_055.jpg, 0, 1, 0, 30.19016
C:\Users\ayubb\Pictures\IMG\center_2026_07_29_19_38_06_156.jpg, C:\Users\ayubb\Pictures\IMG\left_2026_07_29_19_38_06_156.jpg, C:\Users\ayubb\Pictures\IMG\right_2026_07_29_19_38_06_156.jpg, 0, 1, 0, 30.19036
C:\Users\ayubb\Pictures\IMG\center_2026_07_29_19_38_06_258.jpg, C:\Users\ayubb\Pictures\IMG\left_2026_07_29_19_38_06_258.jpg, C:\Users\ayubb\Pictures\IMG\right_2026_07_29_19_38_06_258.jpg, 0, 1, 0, 30.19024
C:\Users\ayubb\Pictures\IMG\center_2026_07_29_19_38_06_359.jpg, C:\Users\ayubb\Pictures\IMG\left_2026_07_29_19_38_06_359.jpg, C:\Users\ayubb\Pictures\IMG\right_2026_07_29_19_38_06_359.jpg, 0, 1, 0, 30.19024
C:\Users\ayubb\Pictures\IMG\center_2026_07_29_19_38_06_461.jpg, C:\Users\ayubb\Pictures\IMG\left_2026_07_29_19_38_06_461.jpg, C:\Users\ayubb\Pictures\IMG\right_2026_07_29_19_38_06_461.jpg, 0, 1, 0, 30.19023
C:\Users\ayubb\Pictures\IMG\center_2026_07_29_19_38_06_563.jpg, C:\Users\ayubb\Pictures\IMG\left_2026_07_29_19_38_06_563.jpg, C:\Users\ayubb\Pictures\IMG\right_2026_07_29_19_38_06_563.jpg, 0, 1, 0, 30.19022
C:\Users\ayubb\Pictures\IMG\center_2026_07_29_19_38_06_664.jpg, C:\Users\ayubb\Pictures\IMG\left_2026_07_29_19_38_06_664.jpg, C:\Users\ayubb\Pictures\IMG\right_2026_07_29_19_38_06_664.jpg, 0, 1, 0, 30.19023
C:\Users\ayubb\Pictures\IMG\center_2026_07_29_19_38_06_767.jpg, C:\Users\ayubb\Pictures\IMG\left_2026_07_29_19_38_06_767.jpg, C:\Users\ayubb\Pictures\IMG\right_2026_07_29_19_38_06_767.jpg, 0, 1, 0, 30.19026
C:\Users\ayubb\Pictures\IMG\center_2026_07_29_19_38_06_870.jpg, C:\Users\ayubb\Pictures\IMG\left_2026_07_29_19_38_06_870.jpg, C:\Users\ayubb\Pictures\IMG\right_2026_07_29_19_38_06_870.jpg, 0, 1, 0, 30.19019
C:\Users\ayubb\Pictures\IMG\center_2026_07_29_19_38_06_971.jpg, C:\Users\ayubb\Pictures\IMG\left_2026_07_29_19_38_06_971.jpg, C:\Users\ayubb\Pictures\IMG\right_2026_07_29_19_38_06_971.jpg, 0, 1, 0, 30.19022
C:\Users\ayubb\Pictures\IMG\center_2026_07_29_19_38_07_073.jpg, C:\Users\ayubb\Pictures\IMG\left_2026_07_29_19_38_07_073.jpg, C:\Users\ayubb\Pictures\IMG\right_2026_07_29_19_38_07_073.jpg, 0, 1, 0, 30.19023
C:\Users\ayubb\Pictures\IMG\center_2026_07_29_19_38_07_173.jpg, C:\Users\ayubb\Pictures\IMG\left_2026_07_29_19_38_07_173.jpg, C:\Users\ayubb\Pictures\IMG\right_2026_07_29_19_38_07_173.jpg, 0, 1, 0, 30.19052
C:\Users\ayubb\Pictures\IMG\center_2026_07_29_19_38_07_275.jpg, C:\Users\ayubb\Pictures\IMG\left_2026_07_29_19_38_07_275.jpg, C:\Users\ayubb\Pictures\IMG\right_2026_07_29_19_38_07_275.jpg, 0.1913475, 1, 0, 30.18012
C:\Users\ayubb\Pictures\IMG\center_2026_07_29_19_38_07_376.jpg, C:\Users\ayubb\Pictures\IMG\left_2026_07_29_19_38_07_376.jpg, C:\Users\ayubb\Pictures\IMG\right_2026_07_29_19_38_07_376.jpg, 0.0937416, 1, 0, 30.19127
C:\Users\ayubb\Pictures\IMG\center_2026_07_29_19_38_07_476.jpg, C:\Users\ayubb\Pictures\IMG\left_2026_07_29_19_38_07_476.jpg, C:\Users\ayubb\Pictures\IMG\right_2026_07_29_19_38_07_476.jpg, 0, 1, 0, 30.18977
C:\Users\ayubb\Pictures\IMG\center_2026_07_29_19_38_07_579.jpg, C:\Users\ayubb\Pictures\IMG\left_2026_07_29_19_38_07_579.jpg, C:\Users\ayubb\Pictures\IMG\right_2026_07_29_19_38_07_579.jpg, 0, 1, 0, 30.19014
C:\Users\ayubb\Pictures\IMG\center_2026_07_29_19_38_07_682.jpg, C:\Users\ayubb\Pictures\IMG\left_2026_07_29_19_38_07_682.jpg, C:\Users\ayubb\Pictures\IMG\right_2026_07_29_19_38_07_682.jpg, 0, 1, 0, 30.19022
C:\Users\ayubb\Pictures\IMG\center_2026_07_29_19_38_07_783.jpg, C:\Users\ayubb\Pictures\IMG\left_2026_07_29_19_38_07_783.jpg, C:\Users\ayubb\Pictures\IMG\right_2026_07_29_19_38_07_783.jpg, 0, 1, 0, 30.19021
C:\Users\ayubb\Pictures\IMG\center_2026_07_29_19_38_07_886.jpg, C:\Users\ayubb\Pictures\IMG\left_2026_07_29_19_38_07_886.jpg, C:\Users\ayubb\Pictures\IMG\right_2026_07_29_19_38_07_886.jpg, 0, 1, 0, 30.19021
C:\Users\ayubb\Pictures\IMG\center_2026_07_29_19_38_07_987.jpg, C:\Users\ayubb\Pictures\IMG\left_2026_07_29_19_38_07_987.jpg, C:\Users\ayubb\Pictures\IMG\right_2026_07_29_19_38_07_987.jpg, 0, 1, 0, 30.19018
C:\Users\ayubb\Pictures\IMG\center_2026_07_29_19_38_08_091.jpg, C:\Users\ayubb\Pictures\IMG\left_2026_07_29_19_38_08_091.jpg, C:\Users\ayubb\Pictures\IMG\right_2026_07_29_19_38_08_091.jpg, 0, 1, 0, 30.1902
C:\Users\ayubb\Pictures\IMG\center_2026_07_29_19_38_08_193.jpg, C:\Users\ayubb\Pictures\IMG\left_2026_07_29_19_38_08_193.jpg, C:\Users\ayubb\Pictures\IMG\right_2026_07_29_19_38_08_193.jpg, 0, 1, 0, 30.19018
C:\Users\ayubb\Pictures\IMG\center_2026_07_29_19_38_08_296.jpg, C:\Users\ayubb\Pictures\IMG\left_2026_07_29_19_38_08_296.jpg, C:\Users\ayubb\Pictures\IMG\right_2026_07_29_19_38_08_296.jpg, 0, 1, 0, 30.19018
C:\Users\ayubb\Pictures\IMG\center_2026_07_29_19_38_08_399.jpg, C:\Users\ayubb\Pictures\IMG\left_2026_07_29_19_38_08_399.jpg, C:\Users\ayubb\Pictures\IMG\right_2026_07_29_19_38_08_399.jpg, 0, 1, 0, 30.19048
C:\Users\ayubb\Pictures\IMG\center_2026_07_29_19_38_08_501.jpg, C:\Users\ayubb\Pictures\IMG\left_2026_07_29_19_38_08_501.jpg, C:\Users\ayubb\Pictures\IMG\right_2026_07_29_19_38_08_501.jpg, 0, 1, 0, 30.19036
C:\Users\ayubb\Pictures\IMG\center_2026_07_29_19_38_08_602.jpg, C:\Users\ayubb\Pictures\IMG\left_2026_07_29_19_38_08_602.jpg, C:\Users\ayubb\Pictures\IMG\right_2026_07_29_19_38_08_602.jpg, 0.1206318, 1, 0, 30.18653
C:\Users\ayubb\Pictures\IMG\center_2026_07_29_19_38_08_704.jpg, C:\Users\ayubb\Pictures\IMG\left_2026_07_29_19_38_08_704.jpg, C:\Users\ayubb\Pictures\IMG\right_2026_07_29_19_38_08_704.jpg, 0.1543056, 1, 0, 30.1883
C:\Users\ayubb\Pictures\IMG\center_2026_07_29_19_38_08_805.jpg, C:\Users\ayubb\Pictures\IMG\left_2026_07_29_19_38_08_805.jpg, C:\Users\ayubb\Pictures\IMG\right_2026_07_29_19_38_08_805.jpg, 0, 1, 0, 30.1898
C:\Users\ayubb\Pictures\IMG\center_2026_07_29_19_38_08_908.jpg, C:\Users\ayubb\Pictures\IMG\left_2026_07_29_19_38_08_908.jpg, C:\Users\ayubb\Pictures\IMG\right_2026_07_29_19_38_08_908.jpg, 0, 1, 0, 30.19023
C:\Users\ayubb\Pictures\IMG\center_2026_07_29_19_38_09_011.jpg, C:\Users\ayubb\Pictures\IMG\left_2026_07_29_19_38_09_011.jpg, C:\Users\ayubb\Pictures\IMG\right_2026_07_29_19_38_09_011.jpg, 0, 1, 0, 30.19028
C:\Users\ayubb\Pictures\IMG\center_2026_07_29_19_38_09_113.jpg, C:\Users\ayubb\Pictures\IMG\left_2026_07_29_19_38_09_113.jpg, C:\Users\ayubb\Pictures\IMG\right_2026_07_29_19_38_09_113.jpg, 0, 1, 0, 30.19027
C:\Users\ayubb\Pictures\IMG\center_2026_07_29_19_38_09_215.jpg, C:\Users\ayubb\Pictures\IMG\left_2026_07_29_19_38_09_215.jpg, C:\Users\ayubb\Pictures\IMG\right_2026_07_29_19_38_09_215.jpg, 0, 1, 0, 30.19026
C:\Users\ayubb\Pictures\IMG\center_2026_07_29_19_38_09_316.jpg, C:\Users\ayubb\Pictures\IMG\left_2026_07_29_19_38_09_316.jpg, C:\Users\ayubb\Pictures\IMG\right_2026_07_29_19_38_09_316.jpg, 0, 1, 0, 30.19025
C:\Users\ayubb\Pictures\IMG\center_2026_07_29_19_38_09_418.jpg, C:\Users\ayubb\Pictures\IMG\left_2026_07_29_19_38_09_418.jpg, C:\Users\ayubb\Pictures\IMG\right_2026_07_29_19_38_09_418.jpg, 0, 1, 0, 30.19025
C:\Users\ayubb\Pictures\IMG\center_2026_07_29_19_38_09_518.jpg, C:\Users\ayubb\Pictures\IMG\left_2026_07_29_19_38_09_518.jpg, C:\Users\ayubb\Pictures\IMG\right_2026_07_29_19_38_09_518.jpg, 0, 1, 0, 30.19069
C:\Users\ayubb\Pictures\IMG\center_2026_07_29_19_38_09_618.jpg, C:\Users\ayubb\Pictures\IMG\left_2026_07_29_19_38_09_618.jpg, C:\Users\ayubb\Pictures\IMG\right_2026_07_29_19_38_09_618.jpg, 0.0910059, 1, 0, 30.18787
C:\Users\ayubb\Pictures\IMG\center_2026_07_29_19_38_09_720.jpg, C:\Users\ayubb\Pictures\IMG\left_2026_07_29_19_38_09_720.jpg, C:\Users\ayubb\Pictures\IMG\right_2026_07_29_19_38_09_720.jpg, 0, 1, 0, 30.19085
C:\Users\ayubb\Pictures\IMG\center_2026_07_29_19_38_09_823.jpg, C:\Users\ayubb\Pictures\IMG\left_2026_07_29_19_38_09_823.jpg, C:\Users\ayubb\Pictures\IMG\right_2026_07_29_19_38_09_823.jpg, 0, 1, 0, 30.19055
C:\Users\ayubb\Pictures\IMG\center_2026_07_29_19_38_09_925.jpg, C:\Users\ayubb\Pictures\IMG\left_2026_07_29_19_38_09_925.jpg, C:\Users\ayubb\Pictures\IMG\right_2026_07_29_19_38_09_925.jpg, 0, 1, 0, 30.1905
C:\Users\ayubb\Pictures\IMG\center_2026_07_29_19_38_10_025.jpg, C:\Users\ayubb\Pictures\IMG\left_2026_07_29_19_38_10_025.jpg, C:\Users\ayubb\Pictures\IMG\right_2026_07_29_19_38_10_025.jpg, 0.08213579, 1, 0, 30.18903
C:\Users\ayubb\Pictures\IMG\center_2026_07_29_19_38_10_127.jpg, C:\Users\ayubb\Pictures\IMG\left_2026_07_29_19_38_10_127.jpg, C:\Users\ayubb\Pictures\IMG\right_2026_07_29_19_38_10_127.jpg, 0.2036186, 1, 0, 30.18256
C:\Users\ayubb\Pictures\IMG\center_2026_07_29_19_38_10_230.jpg, C:\Users\ayubb\Pictures\IMG\left_2026_07_29_19_38_10_230.jpg, C:\Users\ayubb\Pictures\IMG\right_2026_07_29_19_38_10_230.jpg, 0, 1, 0, 30.18958
C:\Users\ayubb\Pictures\IMG\center_2026_07_29_19_38_10_330.jpg, C:\Users\ayubb\Pictures\IMG\left_2026_07_29_19_38_10_330.jpg, C:\Users\ayubb\Pictures\IMG\right_2026_07_29_19_38_10_330.jpg, 0, 1, 0, 30.19014
C:\Users\ayubb\Pictures\IMG\center_2026_07_29_19_38_10_432.jpg, C:\Users\ayubb\Pictures\IMG\left_2026_07_29_19_38_10_432.jpg, C:\Users\ayubb\Pictures\IMG\right_2026_07_29_19_38_10_432.jpg, 0, 1, 0, 30.1903
C:\Users\ayubb\Pictures\IMG\center_2026_07_29_19_38_10_533.jpg, C:\Users\ayubb\Pictures\IMG\left_2026_07_29_19_38_10_533.jpg, C:\Users\ayubb\Pictures\IMG\right_2026_07_29_19_38_10_533.jpg, 0.0377481, 1, 0, 30.19001
C:\Users\ayubb\Pictures\IMG\center_2026_07_29_19_38_10_635.jpg, C:\Users\ayubb\Pictures\IMG\left_2026_07_29_19_38_10_635.jpg, C:\Users\ayubb\Pictures\IMG\right_2026_07_29_19_38_10_635.jpg, 0.3378114, 1, 0, 30.16385
C:\Users\ayubb\Pictures\IMG\center_2026_07_29_19_38_10_735.jpg, C:\Users\ayubb\Pictures\IMG\left_2026_07_29_19_38_10_735.jpg, C:\Users\ayubb\Pictures\IMG\right_2026_07_29_19_38_10_735.jpg, 0.2253054, 1, 0, 30.18922
C:\Users\ayubb\Pictures\IMG\center_2026_07_29_19_38_10_839.jpg, C:\Users\ayubb\Pictures\IMG\left_2026_07_29_19_38_10_839.jpg, C:\Users\ayubb\Pictures\IMG\right_2026_07_29_19_38_10_839.jpg, 0, 1, 0, 30.18906
C:\Users\ayubb\Pictures\IMG\center_2026_07_29_19_38_10_938.jpg, C:\Users\ayubb\Pictures\IMG\left_2026_07_29_19_38_10_938.jpg, C:\Users\ayubb\Pictures\IMG\right_2026_07_29_19_38_10_938.jpg, 0, 1, 0, 30.19018
C:\Users\ayubb\Pictures\IMG\center_2026_07_29_19_38_11_041.jpg, C:\Users\ayubb\Pictures\IMG\left_2026_07_29_19_38_11_041.jpg, C:\Users\ayubb\Pictures\IMG\right_2026_07_29_19_38_11_041.jpg, 0, 1, 0, 30.19024
C:\Users\ayubb\Pictures\IMG\center_2026_07_29_19_38_11_142.jpg, C:\Users\ayubb\Pictures\IMG\left_2026_07_29_19_38_11_142.jpg, C:\Users\ayubb\Pictures\IMG\right_2026_07_29_19_38_11_142.jpg, 0.08103719, 1, 0, 30.18868
C:\Users\ayubb\Pictures\IMG\center_2026_07_29_19_38_11_245.jpg, C:\Users\ayubb\Pictures\IMG\left_2026_07_29_19_38_11_245.jpg, C:\Users\ayubb\Pictures\IMG\right_2026_07_29_19_38_11_245.jpg, 0.2060037, 1, 0, 30.18203
C:\Users\ayubb\Pictures\IMG\center_2026_07_29_19_38_11_348.jpg, C:\Users\ayubb\Pictures\IMG\left_2026_07_29_19_38_11_348.jpg, C:\Users\ayubb\Pictures\IMG\right_2026_07_29_19_38_11_348.jpg, 0, 1, 0, 30.18912
C:\Users\ayubb\Pictures\IMG\center_2026_07_29_19_38_11_450.jpg, C:\Users\ayubb\Pictures\IMG\left_2026_07_29_19_38_11_450.jpg, C:\Users\ayubb\Pictures\IMG\right_2026_07_29_19_38_11_450.jpg, 0, 1, 0, 30.18987
C:\Users\ayubb\Pictures\IMG\center_2026_07_29_19_38_11_550.jpg, C:\Users\ayubb\Pictures\IMG\left_2026_07_29_19_38_11_550.jpg, C:\Users\ayubb\Pictures\IMG\right_2026_07_29_19_38_11_550.jpg, 0, 1, 0, 30.18991
C:\Users\ayubb\Pictures\IMG\center_2026_07_29_19_38_11_653.jpg, C:\Users\ayubb\Pictures\IMG\left_2026_07_29_19_38_11_653.jpg, C:\Users\ayubb\Pictures\IMG\right_2026_07_29_19_38_11_653.jpg, 0, 1, 0, 30.19117
C:\Users\ayubb\Pictures\IMG\center_2026_07_29_19_38_11_756.jpg, C:\Users\ayubb\Pictures\IMG\left_2026_07_29_19_38_11_756.jpg, C:\Users\ayubb\Pictures\IMG\right_2026_07_29_19_38_11_756.jpg, 0, 1, 0, 30.19025
C:\Users\ayubb\Pictures\IMG\center_2026_07_29_19_38_11_858.jpg, C:\Users\ayubb\Pictures\IMG\left_2026_07_29_19_38_11_858.jpg, C:\Users\ayubb\Pictures\IMG\right_2026_07_29_19_38_11_858.jpg, 0, 1, 0, 30.1911
C:\Users\ayubb\Pictures\IMG\center_2026_07_29_19_38_11_960.jpg, C:\Users\ayubb\Pictures\IMG\left_2026_07_29_19_38_11_960.jpg, C:\Users\ayubb\Pictures\IMG\right_2026_07_29_19_38_11_960.jpg, 0, 1, 0, 30.19044
C:\Users\ayubb\Pictures\IMG\center_2026_07_29_19_38_12_062.jpg, C:\Users\ayubb\Pictures\IMG\left_2026_07_29_19_38_12_062.jpg, C:\Users\ayubb\Pictures\IMG\right_2026_07_29_19_38_12_062.jpg, 0, 1, 0, 30.19037
C:\Users\ayubb\Pictures\IMG\center_2026_07_29_19_38_12_161.jpg, C:\Users\ayubb\Pictures\IMG\left_2026_07_29_19_38_12_161.jpg, C:\Users\ayubb\Pictures\IMG\right_2026_07_29_19_38_12_161.jpg, 0, 1, 0, 30.19034
C:\Users\ayubb\Pictures\IMG\center_2026_07_29_19_38_12_262.jpg, C:\Users\ayubb\Pictures\IMG\left_2026_07_29_19_38_12_262.jpg, C:\Users\ayubb\Pictures\IMG\right_2026_07_29_19_38_12_262.jpg, 0, 1, 0, 30.19037
C:\Users\ayubb\Pictures\IMG\center_2026_07_29_19_38_12_362.jpg, C:\Users\ayubb\Pictures\IMG\left_2026_07_29_19_38_12_362.jpg, C:\Users\ayubb\Pictures\IMG\right_2026_07_29_19_38_12_362.jpg, 0.08425831, 1, 0, 30.18887
C:\Users\ayubb\Pictures\IMG\center_2026_07_29_19_38_12_464.jpg, C:\Users\ayubb\Pictures\IMG\left_2026_07_29_19_38_12_464.jpg, C:\Users\ayubb\Pictures\IMG\right_2026_07_29_19_38_12_464.jpg, 0, 1, 0, 30.19022
C:\Users\ayubb\Pictures\IMG\center_2026_07_29_19_38_12_564.jpg, C:\Users\ayubb\Pictures\IMG\left_2026_07_29_19_38_12_564.jpg, C:\Users\ayubb\Pictures\IMG\right_2026_07_29_19_38_12_564.jpg, 0, 1, 0, 30.19031
C:\Users\ayubb\Pictures\IMG\center_2026_07_29_19_38_12_667.jpg, C:\Users\ayubb\Pictures\IMG\left_2026_07_29_19_38_12_667.jpg, C:\Users\ayubb\Pictures\IMG\right_2026_07_29_19_38_12_667.jpg, 0, 1, 0, 30.19104
C:\Users\ayubb\Pictures\IMG\center_2026_07_29_19_38_12_767.jpg, C:\Users\ayubb\Pictures\IMG\left_2026_07_29_19_38_12_767.jpg, C:\Users\ayubb\Pictures\IMG\right_2026_07_29_19_38_12_767.jpg, 0.08869169, 1, 0, 30.18867
C:\Users\ayubb\Pictures\IMG\center_2026_07_29_19_38_12_871.jpg, C:\Users\ayubb\Pictures\IMG\left_2026_07_29_19_38_12_871.jpg, C:\Users\ayubb\Pictures\IMG\right_2026_07_29_19_38_12_871.jpg, 0.1889823, 1, 0, 30.18542
C:\Users\ayubb\Pictures\IMG\center_2026_07_29_19_38_12_972.jpg, C:\Users\ayubb\Pictures\IMG\left_2026_07_29_19_38_12_972.jpg, C:\Users\ayubb\Pictures\IMG\right_2026_07_29_19_38_12_972.jpg, 0, 1, 0, 30.18975
C:\Users\ayubb\Pictures\IMG\center_2026_07_29_19_38_13_073.jpg, C:\Users\ayubb\Pictures\IMG\left_2026_07_29_19_38_13_073.jpg, C:\Users\ayubb\Pictures\IMG\right_2026_07_29_19_38_13_073.jpg, 0, 1, 0, 30.19031
C:\Users\ayubb\Pictures\IMG\center_2026_07_29_19_38_13_174.jpg, C:\Users\ayubb\Pictures\IMG\left_2026_07_29_19_38_13_174.jpg, C:\Users\ayubb\Pictures\IMG\right_2026_07_29_19_38_13_174.jpg, 0, 1, 0, 30.18961
C:\Users\ayubb\Pictures\IMG\center_2026_07_29_19_38_13_275.jpg, C:\Users\ayubb\Pictures\IMG\left_2026_07_29_19_38_13_275.jpg, C:\Users\ayubb\Pictures\IMG\right_2026_07_29_19_38_13_275.jpg, 0.1720377, 1, 0, 30.18268
C:\Users\ayubb\Pictures\IMG\center_2026_07_29_19_38_13_376.jpg, C:\Users\ayubb\Pictures\IMG\left_2026_07_29_19_38_13_376.jpg, C:\Users\ayubb\Pictures\IMG\right_2026_07_29_19_38_13_376.jpg, 0.2391351, 1, 0, 30.18559
C:\Users\ayubb\Pictures\IMG\center_2026_07_29_19_38_13_479.jpg, C:\Users\ayubb\Pictures\IMG\left_2026_07_29_19_38_13_479.jpg, C:\Users\ayubb\Pictures\IMG\right_2026_07_29_19_38_13_479.jpg, 0, 1, 0, 30.18785
C:\Users\ayubb\Pictures\IMG\center_2026_07_29_19_38_13_581.jpg, C:\Users\ayubb\Pictures\IMG\left_2026_07_29_19_38_13_581.jpg, C:\Users\ayubb\Pictures\IMG\right_2026_07_29_19_38_13_581.jpg, 0, 1, 0, 30.19005
C:\Users\ayubb\Pictures\IMG\center_2026_07_29_19_38_13_683.jpg, C:\Users\ayubb\Pictures\IMG\left_2026_07_29_19_38_13_683.jpg, C:\Users\ayubb\Pictures\IMG\right_2026_07_29_19_38_13_683.jpg, 0, 1, 0, 30.19026
C:\Users\ayubb\Pictures\IMG\center_2026_07_29_19_38_13_786.jpg, C:\Users\ayubb\Pictures\IMG\left_2026_07_29_19_38_13_786.jpg, C:\Users\ayubb\Pictures\IMG\right_2026_07_29_19_38_13_786.jpg, 0, 1, 0, 30.19028
C:\Users\ayubb\Pictures\IMG\center_2026_07_29_19_38_13_886.jpg, C:\Users\ayubb\Pictures\IMG\left_2026_07_29_19_38_13_886.jpg, C:\Users\ayubb\Pictures\IMG\right_2026_07_29_19_38_13_886.jpg, 0.2800197, 1, 0, 30.17109
C:\Users\ayubb\Pictures\IMG\center_2026_07_29_19_38_13_988.jpg, C:\Users\ayubb\Pictures\IMG\left_2026_07_29_19_38_13_988.jpg, C:\Users\ayubb\Pictures\IMG\right_2026_07_29_19_38_13_988.jpg, 0.2008644, 1, 0, 30.18894
C:\Users\ayubb\Pictures\IMG\center_2026_07_29_19_38_14_090.jpg, C:\Users\ayubb\Pictures\IMG\left_2026_07_29_19_38_14_090.jpg, C:\Users\ayubb\Pictures\IMG\right_2026_07_29_19_38_14_090.jpg, 0, 1, 0, 30.18854
C:\Users\ayubb\Pictures\IMG\center_2026_07_29_19_38_14_190.jpg, C:\Users\ayubb\Pictures\IMG\left_2026_07_29_19_38_14_190.jpg, C:\Users\ayubb\Pictures\IMG\right_2026_07_29_19_38_14_190.jpg, 0, 1, 0, 30.19011
C:\Users\ayubb\Pictures\IMG\center_2026_07_29_19_38_14_291.jpg, C:\Users\ayubb\Pictures\IMG\left_2026_07_29_19_38_14_291.jpg, C:\Users\ayubb\Pictures\IMG\right_2026_07_29_19_38_14_291.jpg, 0, 1, 0, 30.19026
C:\Users\ayubb\Pictures\IMG\center_2026_07_29_19_38_14_394.jpg, C:\Users\ayubb\Pictures\IMG\left_2026_07_29_19_38_14_394.jpg, C:\Users\ayubb\Pictures\IMG\right_2026_07_29_19_38_14_394.jpg, 0.1229886, 1, 0, 30.18634
C:\Users\ayubb\Pictures\IMG\center_2026_07_29_19_38_14_497.jpg, C:\Users\ayubb\Pictures\IMG\left_2026_07_29_19_38_14_497.jpg, C:\Users\ayubb\Pictures\IMG\right_2026_07_29_19_38_14_497.jpg, 0, 1, 0, 30.19028
C:\Users\ayubb\Pictures\IMG\center_2026_07_29_19_38_14_598.jpg, C:\Users\ayubb\Pictures\IMG\left_2026_07_29_19_38_14_598.jpg, C:\Users\ayubb\Pictures\IMG\right_2026_07_29_19_38_14_598.jpg, 0, 1, 0, 30.1901
C:\Users\ayubb\Pictures\IMG\center_2026_07_29_19_38_14_699.jpg, C:\Users\ayubb\Pictures\IMG\left_2026_07_29_19_38_14_699.jpg, C:\Users\ayubb\Pictures\IMG\right_2026_07_29_19_38_14_699.jpg, 0, 1, 0, 30.19029
C:\Users\ayubb\Pictures\IMG\center_2026_07_29_19_38_14_801.jpg, C:\Users\ayubb\Pictures\IMG\left_2026_07_29_19_38_14_801.jpg, C:\Users\ayubb\Pictures\IMG\right_2026_07_29_19_38_14_801.jpg, 0.2576436, 1, 0, 30.17387
C:\Users\ayubb\Pictures\IMG\center_2026_07_29_19_38_14_901.jpg, C:\Users\ayubb\Pictures\IMG\left_2026_07_29_19_38_14_901.jpg, C:\Users\ayubb\Pictures\IMG\right_2026_07_29_19_38_14_901.jpg, 0.5582082, 1, 0, 30.13332
C:\Users\ayubb\Pictures\IMG\center_2026_07_29_19_38_15_004.jpg, C:\Users\ayubb\Pictures\IMG\left_2026_07_29_19_38_15_004.jpg, C:\Users\ayubb\Pictures\IMG\right_2026_07_29_19_38_15_004.jpg, 0.2832443, 1, 0, 30.19162
C:\Users\ayubb\Pictures\IMG\center_2026_07_29_19_38_15_105.jpg, C:\Users\ayubb\Pictures\IMG\left_2026_07_29_19_38_15_105.jpg, C:\Users\ayubb\Pictures\IMG\right_2026_07_29_19_38_15_105.jpg, 0, 1, 0, 30.18564
C:\Users\ayubb\Pictures\IMG\center_2026_07_29_19_38_15_205.jpg, C:\Users\ayubb\Pictures\IMG\left_2026_07_29_19_38_15_205.jpg, C:\Users\ayubb\Pictures\IMG\right_2026_07_29_19_38_15_205.jpg, 0, 1, 0, 30.18969
C:\Users\ayubb\Pictures\IMG\center_2026_07_29_19_38_15_305.jpg, C:\Users\ayubb\Pictures\IMG\left_2026_07_29_19_38_15_305.jpg, C:\Users\ayubb\Pictures\IMG\right_2026_07_29_19_38_15_305.jpg, 0, 1, 0, 30.19023
C:\Users\ayubb\Pictures\IMG\center_2026_07_29_19_38_15_409.jpg, C:\Users\ayubb\Pictures\IMG\left_2026_07_29_19_38_15_409.jpg, C:\Users\ayubb\Pictures\IMG\right_2026_07_29_19_38_15_409.jpg, 0, 1, 0, 30.19077
C:\Users\ayubb\Pictures\IMG\center_2026_07_29_19_38_15_509.jpg, C:\Users\ayubb\Pictures\IMG\left_2026_07_29_19_38_15_509.jpg, C:\Users\ayubb\Pictures\IMG\right_2026_07_29_19_38_15_509.jpg, 0.1412973, 1, 0, 30.18493
C:\Users\ayubb\Pictures\IMG\center_2026_07_29_19_38_15_610.jpg, C:\Users\ayubb\Pictures\IMG\left_2026_07_29_19_38_15_610.jpg, C:\Users\ayubb\Pictures\IMG\right_2026_07_29_19_38_15_610.jpg, 0.2015607, 1, 0, 30.186
C:\Users\ayubb\Pictures\IMG\center_2026_07_29_19_38_15_711.jpg, C:\Users\ayubb\Pictures\IMG\left_2026_07_29_19_38_15_711.jpg, C:\Users\ayubb\Pictures\IMG\right_2026_07_29_19_38_15_711.jpg, 0, 1, 0, 30.18627
C:\Users\ayubb\Pictures\IMG\center_2026_07_29_19_38_15_810.jpg, C:\Users\ayubb\Pictures\IMG\left_2026_07_29_19_38_15_810.jpg, C:\Users\ayubb\Pictures\IMG\right_2026_07_29_19_38_15_810.jpg, 0, 1, 0, 30.19002
C:\Users\ayubb\Pictures\IMG\center_2026_07_29_19_38_15_913.jpg, C:\Users\ayubb\Pictures\IMG\left_2026_07_29_19_38_15_913.jpg, C:\Users\ayubb\Pictures\IMG\right_2026_07_29_19_38_15_913.jpg, 0, 1, 0, 30.19001
C:\Users\ayubb\Pictures\IMG\center_2026_07_29_19_38_16_013.jpg, C:\Users\ayubb\Pictures\IMG\left_2026_07_29_19_38_16_013.jpg, C:\Users\ayubb\Pictures\IMG\right_2026_07_29_19_38_16_013.jpg, 0, 1, 0, 30.18996
C:\Users\ayubb\Pictures\IMG\center_2026_07_29_19_38_16_114.jpg, C:\Users\ayubb\Pictures\IMG\left_2026_07_29_19_38_16_114.jpg, C:\Users\ayubb\Pictures\IMG\right_2026_07_29_19_38_16_114.jpg, 0, 1, 0, 30.18991
C:\Users\ayubb\Pictures\IMG\center_2026_07_29_19_38_16_214.jpg, C:\Users\ayubb\Pictures\IMG\left_2026_07_29_19_38_16_214.jpg, C:\Users\ayubb\Pictures\IMG\right_2026_07_29_19_38_16_214.jpg, 0, 1, 0, 30.18991
C:\Users\ayubb\Pictures\IMG\center_2026_07_29_19_38_16_318.jpg, C:\Users\ayubb\Pictures\IMG\left_2026_07_29_19_38_16_318.jpg, C:\Users\ayubb\Pictures\IMG\right_2026_07_29_19_38_16_318.jpg, 0, 1, 0, 30.19009
C:\Users\ayubb\Pictures\IMG\center_2026_07_29_19_38_16_421.jpg, C:\Users\ayubb\Pictures\IMG\left_2026_07_29_19_38_16_421.jpg, C:\Users\ayubb\Pictures\IMG\right_2026_07_29_19_38_16_421.jpg, 0, 1, 0, 30.19043
C:\Users\ayubb\Pictures\IMG\center_2026_07_29_19_38_16_523.jpg, C:\Users\ayubb\Pictures\IMG\left_2026_07_29_19_38_16_523.jpg, C:\Users\ayubb\Pictures\IMG\right_2026_07_29_19_38_16_523.jpg, 0, 1, 0, 30.19023
C:\Users\ayubb\Pictures\IMG\center_2026_07_29_19_38_16_626.jpg, C:\Users\ayubb\Pictures\IMG\left_2026_07_29_19_38_16_626.jpg, C:\Users\ayubb\Pictures\IMG\right_2026_07_29_19_38_16_626.jpg, 0, 1, 0, 30.19082
C:\Users\ayubb\Pictures\IMG\center_2026_07_29_19_38_16_728.jpg, C:\Users\ayubb\Pictures\IMG\left_2026_07_29_19_38_16_728.jpg, C:\Users\ayubb\Pictures\IMG\right_2026_07_29_19_38_16_728.jpg, 0, 1, 0, 30.19046
C:\Users\ayubb\Pictures\IMG\center_2026_07_29_19_38_16_829.jpg, C:\Users\ayubb\Pictures\IMG\left_2026_07_29_19_38_16_829.jpg, C:\Users\ayubb\Pictures\IMG\right_2026_07_29_19_38_16_829.jpg, 0, 1, 0, 30.19039
C:\Users\ayubb\Pictures\IMG\center_2026_07_29_19_38_16_930.jpg, C:\Users\ayubb\Pictures\IMG\left_2026_07_29_19_38_16_930.jpg, C:\Users\ayubb\Pictures\IMG\right_2026_07_29_19_38_16_930.jpg, 0.1361367, 1, 0, 30.18516
C:\Users\ayubb\Pictures\IMG\center_2026_07_29_19_38_17_030.jpg, C:\Users\ayubb\Pictures\IMG\left_2026_07_29_19_38_17_030.jpg, C:\Users\ayubb\Pictures\IMG\right_2026_07_29_19_38_17_030.jpg, 0, 1, 0, 30.19033
C:\Users\ayubb\Pictures\IMG\center_2026_07_29_19_38_17_132.jpg, C:\Users\ayubb\Pictures\IMG\left_2026_07_29_19_38_17_132.jpg, C:\Users\ayubb\Pictures\IMG\right_2026_07_29_19_38_17_132.jpg, 0, 1, 0, 30.18998
C:\Users\ayubb\Pictures\IMG\center_2026_07_29_19_38_17_235.jpg, C:\Users\ayubb\Pictures\IMG\left_2026_07_29_19_38_17_235.jpg, C:\Users\ayubb\Pictures\IMG\right_2026_07_29_19_38_17_235.jpg, 0, 1, 0, 30.19091
C:\Users\ayubb\Pictures\IMG\center_2026_07_29_19_38_17_337.jpg, C:\Users\ayubb\Pictures\IMG\left_2026_07_29_19_38_17_337.jpg, C:\Users\ayubb\Pictures\IMG\right_2026_07_29_19_38_17_337.jpg, 0.306999, 1, 0, 30.16621
C:\Users\ayubb\Pictures\IMG\center_2026_07_29_19_38_17_437.jpg, C:\Users\ayubb\Pictures\IMG\left_2026_07_29_19_38_17_437.jpg, C:\Users\ayubb\Pictures\IMG\right_2026_07_29_19_38_17_437.jpg, 0.6094106, 1, 0, 30.12672
C:\Users\ayubb\Pictures\IMG\center_2026_07_29_19_38_17_541.jpg, C:\Users\ayubb\Pictures\IMG\left_2026_07_29_19_38_17_541.jpg, C:\Users\ayubb\Pictures\IMG\right_2026_07_29_19_38_17_541.jpg, 0.4324786, 1, 0, 30.18493
C:\Users\ayubb\Pictures\IMG\center_2026_07_29_19_38_17_642.jpg, C:\Users\ayubb\Pictures\IMG\left_2026_07_29_19_38_17_642.jpg, C:\Users\ayubb\Pictures\IMG\right_2026_07_29_19_38_17_642.jpg, 0.1263575, 1, 0, 30.19296
C:\Users\ayubb\Pictures\IMG\center_2026_07_29_19_38_17_743.jpg, C:\Users\ayubb\Pictures\IMG\left_2026_07_29_19_38_17_743.jpg, C:\Users\ayubb\Pictures\IMG\right_2026_07_29_19_38_17_743.jpg, 0, 1, 0, 30.18755
C:\Users\ayubb\Pictures\IMG\center_2026_07_29_19_38_17_845.jpg, C:\Users\ayubb\Pictures\IMG\left_2026_07_29_19_38_17_845.jpg, C:\Users\ayubb\Pictures\IMG\right_2026_07_29_19_38_17_845.jpg, 0, 1, 0, 30.18962
C:\Users\ayubb\Pictures\IMG\center_2026_07_29_19_38_17_949.jpg, C:\Users\ayubb\Pictures\IMG\left_2026_07_29_19_38_17_949.jpg, C:\Users\ayubb\Pictures\IMG\right_2026_07_29_19_38_17_949.jpg, 0, 1, 0, 30.19021
C:\Users\ayubb\Pictures\IMG\center_2026_07_29_19_38_18_050.jpg, C:\Users\ayubb\Pictures\IMG\left_2026_07_29_19_38_18_050.jpg, C:\Users\ayubb\Pictures\IMG\right_2026_07_29_19_38_18_050.jpg, 0, 1, 0, 30.19009
C:\Users\ayubb\Pictures\IMG\center_2026_07_29_19_38_18_150.jpg, C:\Users\ayubb\Pictures\IMG\left_2026_07_29_19_38_18_150.jpg, C:\Users\ayubb\Pictures\IMG\right_2026_07_29_19_38_18_150.jpg, 0.1894938, 1, 0, 30.18134
C:\Users\ayubb\Pictures\IMG\center_2026_07_29_19_38_18_252.jpg, C:\Users\ayubb\Pictures\IMG\left_2026_07_29_19_38_18_252.jpg, C:\Users\ayubb\Pictures\IMG\right_2026_07_29_19_38_18_252.jpg, 0, 1, 0, 30.19
C:\Users\ayubb\Pictures\IMG\center_2026_07_29_19_38_18_355.jpg, C:\Users\ayubb\Pictures\IMG\left_2026_07_29_19_38_18_355.jpg, C:\Users\ayubb\Pictures\IMG\right_2026_07_29_19_38_18_355.jpg, 0, 1, 0, 30.19009
C:\Users\ayubb\Pictures\IMG\center_2026_07_29_19_38_18_459.jpg, C:\Users\ayubb\Pictures\IMG\left_2026_07_29_19_38_18_459.jpg, C:\Users\ayubb\Pictures\IMG\right_2026_07_29_19_38_18_459.jpg, 0, 1, 0, 30.19008
C:\Users\ayubb\Pictures\IMG\center_2026_07_29_19_38_18_563.jpg, C:\Users\ayubb\Pictures\IMG\left_2026_07_29_19_38_18_563.jpg, C:\Users\ayubb\Pictures\IMG\right_2026_07_29_19_38_18_563.jpg, 0.2996436, 1, 0, 30.16615
C:\Users\ayubb\Pictures\IMG\center_2026_07_29_19_38_18_666.jpg, C:\Users\ayubb\Pictures\IMG\left_2026_07_29_19_38_18_666.jpg, C:\Users\ayubb\Pictures\IMG\right_2026_07_29_19_38_18_666.jpg, 0.3518422, 1, 0, 30.17733
C:\Users\ayubb\Pictures\IMG\center_2026_07_29_19_38_18_770.jpg, C:\Users\ayubb\Pictures\IMG\left_2026_07_29_19_38_18_770.jpg, C:\Users\ayubb\Pictures\IMG\right_2026_07_29_19_38_18_770.jpg, 0.05504555, 1, 0, 30.18999
C:\Users\ayubb\Pictures\IMG\center_2026_07_29_19_38_18_871.jpg, C:\Users\ayubb\Pictures\IMG\left_2026_07_29_19_38_18_871.jpg, C:\Users\ayubb\Pictures\IMG\right_2026_07_29_19_38_18_871.jpg, 0, 1, 0, 30.18977
C:\Users\ayubb\Pictures\IMG\center_2026_07_29_19_38_18_972.jpg, C:\Users\ayubb\Pictures\IMG\left_2026_07_29_19_38_18_972.jpg, C:\Users\ayubb\Pictures\IMG\right_2026_07_29_19_38_18_972.jpg, 0, 1, 0, 30.19005
C:\Users\ayubb\Pictures\IMG\center_2026_07_29_19_38_19_072.jpg, C:\Users\ayubb\Pictures\IMG\left_2026_07_29_19_38_19_072.jpg, C:\Users\ayubb\Pictures\IMG\right_2026_07_29_19_38_19_072.jpg, 0, 1, 0, 30.19009
C:\Users\ayubb\Pictures\IMG\center_2026_07_29_19_38_19_173.jpg, C:\Users\ayubb\Pictures\IMG\left_2026_07_29_19_38_19_173.jpg, C:\Users\ayubb\Pictures\IMG\right_2026_07_29_19_38_19_173.jpg, 0.2534541, 1, 0, 30.1723
C:\Users\ayubb\Pictures\IMG\center_2026_07_29_19_38_19_273.jpg, C:\Users\ayubb\Pictures\IMG\left_2026_07_29_19_38_19_273.jpg, C:\Users\ayubb\Pictures\IMG\right_2026_07_29_19_38_19_273.jpg, 0.1344984, 1, 0, 30.19103
C:\Users\ayubb\Pictures\IMG\center_2026_07_29_19_38_19_376.jpg, C:\Users\ayubb\Pictures\IMG\left_2026_07_29_19_38_19_376.jpg, C:\Users\ayubb\Pictures\IMG\right_2026_07_29_19_38_19_376.jpg, 0, 1, 0, 30.18921
C:\Users\ayubb\Pictures\IMG\center_2026_07_29_19_38_19_479.jpg, C:\Users\ayubb\Pictures\IMG\left_2026_07_29_19_38_19_479.jpg, C:\Users\ayubb\Pictures\IMG\right_2026_07_29_19_38_19_479.jpg, 0.0554256, 1, 0, 30.19033
C:\Users\ayubb\Pictures\IMG\center_2026_07_29_19_38_19_582.jpg, C:\Users\ayubb\Pictures\IMG\left_2026_07_29_19_38_19_582.jpg, C:\Users\ayubb\Pictures\IMG\right_2026_07_29_19_38_19_582.jpg, 0.350172, 1, 0, 30.16307
C:\Users\ayubb\Pictures\IMG\center_2026_07_29_19_38_19_682.jpg, C:\Users\ayubb\Pictures\IMG\left_2026_07_29_19_38_19_682.jpg, C:\Users\ayubb\Pictures\IMG\right_2026_07_29_19_38_19_682.jpg, 0.1669884, 1, 0, 30.18976
C:\Users\ayubb\Pictures\IMG\center_2026_07_29_19_38_19_785.jpg, C:\Users\ayubb\Pictures\IMG\left_2026_07_29_19_38_19_785.jpg, C:\Users\ayubb\Pictures\IMG\right_2026_07_29_19_38_19_785.jpg, 0.0120522, 1, 0, 30.18996
C:\Users\ayubb\Pictures\IMG\center_2026_07_29_19_38_19_885.jpg, C:\Users\ayubb\Pictures\IMG\left_2026_07_29_19_38_19_885.jpg, C:\Users\ayubb\Pictures\IMG\right_2026_07_29_19_38_19_885.jpg, 0.3156507, 1, 0, 30.17227
C:\Users\ayubb\Pictures\IMG\center_2026_07_29_19_38_19_987.jpg, C:\Users\ayubb\Pictures\IMG\left_2026_07_29_19_38_19_987.jpg, C:\Users\ayubb\Pictures\IMG\right_2026_07_29_19_38_19_987.jpg, 0.6156281, 1, 0, 30.13089
C:\Users\ayubb\Pictures\IMG\center_2026_07_29_19_38_20_090.jpg, C:\Users\ayubb\Pictures\IMG\left_2026_07_29_19_38_20_090.jpg, C:\Users\ayubb\Pictures\IMG\right_2026_07_29_19_38_20_090.jpg, 0.9140018, 1, 0, 30.09701
C:\Users\ayubb\Pictures\IMG\center_2026_07_29_19_38_20_190.jpg, C:\Users\ayubb\Pictures\IMG\left_2026_07_29_19_38_20_190.jpg, C:\Users\ayubb\Pictures\IMG\right_2026_07_29_19_38_20_190.jpg, 0.8229287, 1, 0, 30.14224
C:\Users\ayubb\Pictures\IMG\center_2026_07_29_19_38_20_290.jpg, C:\Users\ayubb\Pictures\IMG\left_2026_07_29_19_38_20_290.jpg, C:\Users\ayubb\Pictures\IMG\right_2026_07_29_19_38_20_290.jpg, 0.521961, 1, 0, 30.20216
C:\Users\ayubb\Pictures\IMG\center_2026_07_29_19_38_20_391.jpg, C:\Users\ayubb\Pictures\IMG\left_2026_07_29_19_38_20_391.jpg, C:\Users\ayubb\Pictures\IMG\right_2026_07_29_19_38_20_391.jpg, 0.2209816, 1, 0, 30.20196
C:\Users\ayubb\Pictures\IMG\center_2026_07_29_19_38_20_491.jpg, C:\Users\ayubb\Pictures\IMG\left_2026_07_29_19_38_20_491.jpg, C:\Users\ayubb\Pictures\IMG\right_2026_07_29_19_38_20_491.jpg, 0, 1, 0, 30.18224
C:\Users\ayubb\Pictures\IMG\center_2026_07_29_19_38_20_592.jpg, C:\Users\ayubb\Pictures\IMG\left_2026_07_29_19_38_20_592.jpg, C:\Users\ayubb\Pictures\IMG\right_2026_07_29_19_38_20_592.jpg, -0.2894856, 1, 0, 30.17055
C:\Users\ayubb\Pictures\IMG\center_2026_07_29_19_38_20_696.jpg, C:\Users\ayubb\Pictures\IMG\left_2026_07_29_19_38_20_696.jpg, C:\Users\ayubb\Pictures\IMG\right_2026_07_29_19_38_20_696.jpg, -0.6004022, 1, 0, 30.01047
C:\Users\ayubb\Pictures\IMG\center_2026_07_29_19_38_20_798.jpg, C:\Users\ayubb\Pictures\IMG\left_2026_07_29_19_38_20_798.jpg, C:\Users\ayubb\Pictures\IMG\right_2026_07_29_19_38_20_798.jpg, -0.5520755, 1, 0, 30.17631
C:\Users\ayubb\Pictures\IMG\center_2026_07_29_19_38_20_899.jpg, C:\Users\ayubb\Pictures\IMG\left_2026_07_29_19_38_20_899.jpg, C:\Users\ayubb\Pictures\IMG\right_2026_07_29_19_38_20_899.jpg, -0.2506064, 1, 0, 30.14685
C:\Users\ayubb\Pictures\IMG\center_2026_07_29_19_38_21_003.jpg, C:\Users\ayubb\Pictures\IMG\left_2026_07_29_19_38_21_003.jpg, C:\Users\ayubb\Pictures\IMG\right_2026_07_29_19_38_21_003.jpg, 0.2044308, 1, 0, 30.15543
C:\Users\ayubb\Pictures\IMG\center_2026_07_29_19_38_21_105.jpg, C:\Users\ayubb\Pictures\IMG\left_2026_07_29_19_38_21_105.jpg, C:\Users\ayubb\Pictures\IMG\right_2026_07_29_19_38_21_105.jpg, 0.357111, 1, 0, 30.15415
C:\Users\ayubb\Pictures\IMG\center_2026_07_29_19_38_21_208.jpg, C:\Users\ayubb\Pictures\IMG\left_2026_07_29_19_38_21_208.jpg, C:\Users\ayubb\Pictures\IMG\right_2026_07_29_19_38_21_208.jpg, 0.05773856, 1, 0, 30.19169
C:\Users\ayubb\Pictures\IMG\center_2026_07_29_19_38_21_308.jpg, C:\Users\ayubb\Pictures\IMG\left_2026_07_29_19_38_21_308.jpg, C:\Users\ayubb\Pictures\IMG\right_2026_07_29_19_38_21_308.jpg, 0, 1, 0, 30.19074
C:\Users\ayubb\Pictures\IMG\center_2026_07_29_19_38_21_411.jpg, C:\Users\ayubb\Pictures\IMG\left_2026_07_29_19_38_21_411.jpg, C:\Users\ayubb\Pictures\IMG\right_2026_07_29_19_38_21_411.jpg, 0.2018637, 1, 0, 30.18267
C:\Users\ayubb\Pictures\IMG\center_2026_07_29_19_38_21_513.jpg, C:\Users\ayubb\Pictures\IMG\left_2026_07_29_19_38_21_513.jpg, C:\Users\ayubb\Pictures\IMG\right_2026_07_29_19_38_21_513.jpg, 0.3570801, 1, 0, 30.17002
C:\Users\ayubb\Pictures\IMG\center_2026_07_29_19_38_21_612.jpg, C:\Users\ayubb\Pictures\IMG\left_2026_07_29_19_38_21_612.jpg, C:\Users\ayubb\Pictures\IMG\right_2026_07_29_19_38_21_612.jpg, 0.06350098, 1, 0, 30.19178
C:\Users\ayubb\Pictures\IMG\center_2026_07_29_19_38_21_713.jpg, C:\Users\ayubb\Pictures\IMG\left_2026_07_29_19_38_21_713.jpg, C:\Users\ayubb\Pictures\IMG\right_2026_07_29_19_38_21_713.jpg, 0.08339489, 1, 0, 30.19063
C:\Users\ayubb\Pictures\IMG\center_2026_07_29_19_38_21_817.jpg, C:\Users\ayubb\Pictures\IMG\left_2026_07_29_19_38_21_817.jpg, C:\Users\ayubb\Pictures\IMG\right_2026_07_29_19_38_21_817.jpg, 0.3625401, 1, 0, 30.16864
C:\Users\ayubb\Pictures\IMG\center_2026_07_29_19_38_21_918.jpg, C:\Users\ayubb\Pictures\IMG\left_2026_07_29_19_38_21_918.jpg, C:\Users\ayubb\Pictures\IMG\right_2026_07_29_19_38_21_918.jpg, 0.05779054, 1, 0, 30.19082
C:\Users\ayubb\Pictures\IMG\center_2026_07_29_19_38_22_021.jpg, C:\Users\ayubb\Pictures\IMG\left_2026_07_29_19_38_22_021.jpg, C:\Users\ayubb\Pictures\IMG\right_2026_07_29_19_38_22_021.jpg, 0, 1, 0, 30.18973
C:\Users\ayubb\Pictures\IMG\center_2026_07_29_19_38_22_124.jpg, C:\Users\ayubb\Pictures\IMG\left_2026_07_29_19_38_22_124.jpg, C:\Users\ayubb\Pictures\IMG\right_2026_07_29_19_38_22_124.jpg, 0.2974683, 1, 0, 30.17275
C:\Users\ayubb\Pictures\IMG\center_2026_07_29_19_38_22_227.jpg, C:\Users\ayubb\Pictures\IMG\left_2026_07_29_19_38_22_227.jpg, C:\Users\ayubb\Pictures\IMG\right_2026_07_29_19_38_22_227.jpg, 0.2094489, 1, 0, 30.18966
C:\Users\ayubb\Pictures\IMG\center_2026_07_29_19_38_22_330.jpg, C:\Users\ayubb\Pictures\IMG\left_2026_07_29_19_38_22_330.jpg, C:\Users\ayubb\Pictures\IMG\right_2026_07_29_19_38_22_330.jpg, 0, 1, 0, 30.18812
C:\Users\ayubb\Pictures\IMG\center_2026_07_29_19_38_22_430.jpg, C:\Users\ayubb\Pictures\IMG\left_2026_07_29_19_38_22_430.jpg, C:\Users\ayubb\Pictures\IMG\right_2026_07_29_19_38_22_430.jpg, 0.2638938, 1, 0, 30.1785
C:\Users\ayubb\Pictures\IMG\center_2026_07_29_19_38_22_532.jpg, C:\Users\ayubb\Pictures\IMG\left_2026_07_29_19_38_22_532.jpg, C:\Users\ayubb\Pictures\IMG\right_2026_07_29_19_38_22_532.jpg, 0.5658324, 1, 0, 30.13736
C:\Users\ayubb\Pictures\IMG\center_2026_07_29_19_38_22_632.jpg, C:\Users\ayubb\Pictures\IMG\left_2026_07_29_19_38_22_632.jpg, C:\Users\ayubb\Pictures\IMG\right_2026_07_29_19_38_22_632.jpg, 0.4792568, 1, 0, 30.17924
C:\Users\ayubb\Pictures\IMG\center_2026_07_29_19_38_22_735.jpg, C:\Users\ayubb\Pictures\IMG\left_2026_07_29_19_38_22_735.jpg, C:\Users\ayubb\Pictures\IMG\right_2026_07_29_19_38_22_735.jpg, 0.1800878, 1, 0, 30.19627
C:\Users\ayubb\Pictures\IMG\center_2026_07_29_19_38_22_838.jpg, C:\Users\ayubb\Pictures\IMG\left_2026_07_29_19_38_22_838.jpg, C:\Users\ayubb\Pictures\IMG\right_2026_07_29_19_38_22_838.jpg, 0, 1, 0, 30.18813
C:\Users\ayubb\Pictures\IMG\center_2026_07_29_19_38_22_941.jpg, C:\Users\ayubb\Pictures\IMG\left_2026_07_29_19_38_22_941.jpg, C:\Users\ayubb\Pictures\IMG\right_2026_07_29_19_38_22_941.jpg, 0, 1, 0, 30.19104
C:\Users\ayubb\Pictures\IMG\center_2026_07_29_19_38_23_044.jpg, C:\Users\ayubb\Pictures\IMG\left_2026_07_29_19_38_23_044.jpg, C:\Users\ayubb\Pictures\IMG\right_2026_07_29_19_38_23_044.jpg, -0.1199493, 1, 0, 30.18494
C:\Users\ayubb\Pictures\IMG\center_2026_07_29_19_38_23_146.jpg, C:\Users\ayubb\Pictures\IMG\left_2026_07_29_19_38_23_146.jpg, C:\Users\ayubb\Pictures\IMG\right_2026_07_29_19_38_23_146.jpg, -0.1326657, 1, 0, 30.18843
C:\Users\ayubb\Pictures\IMG\center_2026_07_29_19_38_23_248.jpg, C:\Users\ayubb\Pictures\IMG\left_2026_07_29_19_38_23_248.jpg, C:\Users\ayubb\Pictures\IMG\right_2026_07_29_19_38_23_248.jpg, 0, 1, 0, 30.18964
C:\Users\ayubb\Pictures\IMG\center_2026_07_29_19_38_23_351.jpg, C:\Users\ayubb\Pictures\IMG\left_2026_07_29_19_38_23_351.jpg, C:\Users\ayubb\Pictures\IMG\right_2026_07_29_19_38_23_351.jpg, 0, 1, 0, 30.19018
C:\Users\ayubb\Pictures\IMG\center_2026_07_29_19_38_23_451.jpg, C:\Users\ayubb\Pictures\IMG\left_2026_07_29_19_38_23_451.jpg, C:\Users\ayubb\Pictures\IMG\right_2026_07_29_19_38_23_451.jpg, 0.2106714, 1, 0, 30.17743
C:\Users\ayubb\Pictures\IMG\center_2026_07_29_19_38_23_552.jpg, C:\Users\ayubb\Pictures\IMG\left_2026_07_29_19_38_23_552.jpg, C:\Users\ayubb\Pictures\IMG\right_2026_07_29_19_38_23_552.jpg, 0, 1, 0, 30.18981
C:\Users\ayubb\Pictures\IMG\center_2026_07_29_19_38_23_653.jpg, C:\Users\ayubb\Pictures\IMG\left_2026_07_29_19_38_23_653.jpg, C:\Users\ayubb\Pictures\IMG\right_2026_07_29_19_38_23_653.jpg, 0, 1, 0, 30.19028
C:\Users\ayubb\Pictures\IMG\center_2026_07_29_19_38_23_757.jpg, C:\Users\ayubb\Pictures\IMG\left_2026_07_29_19_38_23_757.jpg, C:\Users\ayubb\Pictures\IMG\right_2026_07_29_19_38_23_757.jpg, 0, 1, 0, 30.19026
C:\Users\ayubb\Pictures\IMG\center_2026_07_29_19_38_23_860.jpg, C:\Users\ayubb\Pictures\IMG\left_2026_07_29_19_38_23_860.jpg, C:\Users\ayubb\Pictures\IMG\right_2026_07_29_19_38_23_860.jpg, 0, 1, 0, 30.19031
C:\Users\ayubb\Pictures\IMG\center_2026_07_29_19_38_23_961.jpg, C:\Users\ayubb\Pictures\IMG\left_2026_07_29_19_38_23_961.jpg, C:\Users\ayubb\Pictures\IMG\right_2026_07_29_19_38_23_961.jpg, 0, 1, 0, 30.19029
C:\Users\ayubb\Pictures\IMG\center_2026_07_29_19_38_24_062.jpg, C:\Users\ayubb\Pictures\IMG\left_2026_07_29_19_38_24_062.jpg, C:\Users\ayubb\Pictures\IMG\right_2026_07_29_19_38_24_062.jpg, 0, 1, 0, 30.19037
C:\Users\ayubb\Pictures\IMG\center_2026_07_29_19_38_24_164.jpg, C:\Users\ayubb\Pictures\IMG\left_2026_07_29_19_38_24_164.jpg, C:\Users\ayubb\Pictures\IMG\right_2026_07_29_19_38_24_164.jpg, 0, 1, 0, 30.19031
C:\Users\ayubb\Pictures\IMG\center_2026_07_29_19_38_24_266.jpg, C:\Users\ayubb\Pictures\IMG\left_2026_07_29_19_38_24_266.jpg, C:\Users\ayubb\Pictures\IMG\right_2026_07_29_19_38_24_266.jpg, 0, 1, 0, 30.19021
C:\Users\ayubb\Pictures\IMG\center_2026_07_29_19_38_24_367.jpg, C:\Users\ayubb\Pictures\IMG\left_2026_07_29_19_38_24_367.jpg, C:\Users\ayubb\Pictures\IMG\right_2026_07_29_19_38_24_367.jpg, 0, 1, 0, 30.19031
C:\Users\ayubb\Pictures\IMG\center_2026_07_29_19_38_24_468.jpg, C:\Users\ayubb\Pictures\IMG\left_2026_07_29_19_38_24_468.jpg, C:\Users\ayubb\Pictures\IMG\right_2026_07_29_19_38_24_468.jpg, 0, 1, 0, 30.19031
C:\Users\ayubb\Pictures\IMG\center_2026_07_29_19_38_24_571.jpg, C:\Users\ayubb\Pictures\IMG\left_2026_07_29_19_38_24_571.jpg, C:\Users\ayubb\Pictures\IMG\right_2026_07_29_19_38_24_571.jpg, 0, 1, 0, 30.1903
C:\Users\ayubb\Pictures\IMG\center_2026_07_29_19_38_24_672.jpg, C:\Users\ayubb\Pictures\IMG\left_2026_07_29_19_38_24_672.jpg, C:\Users\ayubb\Pictures\IMG\right_2026_07_29_19_38_24_672.jpg, 0, 1, 0, 30.19036
C:\Users\ayubb\Pictures\IMG\center_2026_07_29_19_38_24_775.jpg, C:\Users\ayubb\Pictures\IMG\left_2026_07_29_19_38_24_775.jpg, C:\Users\ayubb\Pictures\IMG\right_2026_07_29_19_38_24_775.jpg, 0, 1, 0, 30.19031
C:\Users\ayubb\Pictures\IMG\center_2026_07_29_19_38_24_877.jpg, C:\Users\ayubb\Pictures\IMG\left_2026_07_29_19_38_24_877.jpg, C:\Users\ayubb\Pictures\IMG\right_2026_07_29_19_38_24_877.jpg, 0, 1, 0, 30.19034
C:\Users\ayubb\Pictures\IMG\center_2026_07_29_19_38_24_979.jpg, C:\Users\ayubb\Pictures\IMG\left_2026_07_29_19_38_24_979.jpg, C:\Users\ayubb\Pictures\IMG\right_2026_07_29_19_38_24_979.jpg, 0, 1, 0, 30.19028
C:\Users\ayubb\Pictures\IMG\center_2026_07_29_19_38_25_082.jpg, C:\Users\ayubb\Pictures\IMG\left_2026_07_29_19_38_25_082.jpg, C:\Users\ayubb\Pictures\IMG\right_2026_07_29_19_38_25_082.jpg, 0, 1, 0, 30.19029
C:\Users\ayubb\Pictures\IMG\center_2026_07_29_19_38_25_183.jpg, C:\Users\ayubb\Pictures\IMG\left_2026_07_29_19_38_25_183.jpg, C:\Users\ayubb\Pictures\IMG\right_2026_07_29_19_38_25_183.jpg, 0, 1, 0, 30.19029
C:\Users\ayubb\Pictures\IMG\center_2026_07_29_19_38_25_284.jpg, C:\Users\ayubb\Pictures\IMG\left_2026_07_29_19_38_25_284.jpg, C:\Users\ayubb\Pictures\IMG\right_2026_07_29_19_38_25_284.jpg, 0, 1, 0, 30.19027
C:\Users\ayubb\Pictures\IMG\center_2026_07_29_19_38_25_384.jpg, C:\Users\ayubb\Pictures\IMG\left_2026_07_29_19_38_25_384.jpg, C:\Users\ayubb\Pictures\IMG\right_2026_07_29_19_38_25_384.jpg, 0, 1, 0, 30.19032
C:\Users\ayubb\Pictures\IMG\center_2026_07_29_19_38_25_486.jpg, C:\Users\ayubb\Pictures\IMG\left_2026_07_29_19_38_25_486.jpg, C:\Users\ayubb\Pictures\IMG\right_2026_07_29_19_38_25_486.jpg, 0, 1, 0, 30.1903
C:\Users\ayubb\Pictures\IMG\center_2026_07_29_19_38_25_588.jpg, C:\Users\ayubb\Pictures\IMG\left_2026_07_29_19_38_25_588.jpg, C:\Users\ayubb\Pictures\IMG\right_2026_07_29_19_38_25_588.jpg, 0, 1, 0, 30.19029
C:\Users\ayubb\Pictures\IMG\center_2026_07_29_19_38_25_690.jpg, C:\Users\ayubb\Pictures\IMG\left_2026_07_29_19_38_25_690.jpg, C:\Users\ayubb\Pictures\IMG\right_2026_07_29_19_38_25_690.jpg, 0, 1, 0, 30.19028
C:\Users\ayubb\Pictures\IMG\center_2026_07_29_19_38_25_791.jpg, C:\Users\ayubb\Pictures\IMG\left_2026_07_29_19_38_25_791.jpg, C:\Users\ayubb\Pictures\IMG\right_2026_07_29_19_38_25_791.jpg, 0, 1, 0, 30.19028
C:\Users\ayubb\Pictures\IMG\center_2026_07_29_19_38_25_895.jpg, C:\Users\ayubb\Pictures\IMG\left_2026_07_29_19_38_25_895.jpg, C:\Users\ayubb\Pictures\IMG\right_2026_07_29_19_38_25_895.jpg, 0, 1, 0, 30.19029
C:\Users\ayubb\Pictures\IMG\center_2026_07_29_19_38_25_998.jpg, C:\Users\ayubb\Pictures\IMG\left_2026_07_29_19_38_25_998.jpg, C:\Users\ayubb\Pictures\IMG\right_2026_07_29_19_38_25_998.jpg, 0, 1, 0, 30.19029
C:\Users\ayubb\Pictures\IMG\center_2026_07_29_19_38_26_101.jpg, C:\Users\ayubb\Pictures\IMG\left_2026_07_29_19_38_26_101.jpg, C:\Users\ayubb\Pictures\IMG\right_2026_07_29_19_38_26_101.jpg, 0, 1, 0, 30.19031
C:\Users\ayubb\Pictures\IMG\center_2026_07_29_19_38_26_201.jpg, C:\Users\ayubb\Pictures\IMG\left_2026_07_29_19_38_26_201.jpg, C:\Users\ayubb\Pictures\IMG\right_2026_07_29_19_38_26_201.jpg, 0, 1, 0, 30.19029
C:\Users\ayubb\Pictures\IMG\center_2026_07_29_19_38_26_301.jpg, C:\Users\ayubb\Pictures\IMG\left_2026_07_29_19_38_26_301.jpg, C:\Users\ayubb\Pictures\IMG\right_2026_07_29_19_38_26_301.jpg, 0, 1, 0, 30.19029
C:\Users\ayubb\Pictures\IMG\center_2026_07_29_19_38_26_402.jpg, C:\Users\ayubb\Pictures\IMG\left_2026_07_29_19_38_26_402.jpg, C:\Users\ayubb\Pictures\IMG\right_2026_07_29_19_38_26_402.jpg, 0, 1, 0, 30.19029
C:\Users\ayubb\Pictures\IMG\center_2026_07_29_19_38_26_505.jpg, C:\Users\ayubb\Pictures\IMG\left_2026_07_29_19_38_26_505.jpg, C:\Users\ayubb\Pictures\IMG\right_2026_07_29_19_38_26_505.jpg, 0, 1, 0, 30.1903
C:\Users\ayubb\Pictures\IMG\center_2026_07_29_19_38_26_606.jpg, C:\Users\ayubb\Pictures\IMG\left_2026_07_29_19_38_26_606.jpg, C:\Users\ayubb\Pictures\IMG\right_2026_07_29_19_38_26_606.jpg, 0, 1, 0, 30.19034
C:\Users\ayubb\Pictures\IMG\center_2026_07_29_19_38_26_707.jpg, C:\Users\ayubb\Pictures\IMG\left_2026_07_29_19_38_26_707.jpg, C:\Users\ayubb\Pictures\IMG\right_2026_07_29_19_38_26_707.jpg, 0, 1, 0, 30.19028
C:\Users\ayubb\Pictures\IMG\center_2026_07_29_19_38_26_808.jpg, C:\Users\ayubb\Pictures\IMG\left_2026_07_29_19_38_26_808.jpg, C:\Users\ayubb\Pictures\IMG\right_2026_07_29_19_38_26_808.jpg, 0, 1, 0, 30.19026
C:\Users\ayubb\Pictures\IMG\center_2026_07_29_19_38_26_910.jpg, C:\Users\ayubb\Pictures\IMG\left_2026_07_29_19_38_26_910.jpg, C:\Users\ayubb\Pictures\IMG\right_2026_07_29_19_38_26_910.jpg, 0, 1, 0, 30.1903
C:\Users\ayubb\Pictures\IMG\center_2026_07_29_19_38_27_011.jpg, C:\Users\ayubb\Pictures\IMG\left_2026_07_29_19_38_27_011.jpg, C:\Users\ayubb\Pictures\IMG\right_2026_07_29_19_38_27_011.jpg, 0, 1, 0, 30.19029
C:\Users\ayubb\Pictures\IMG\center_2026_07_29_19_38_27_116.jpg, C:\Users\ayubb\Pictures\IMG\left_2026_07_29_19_38_27_116.jpg, C:\Users\ayubb\Pictures\IMG\right_2026_07_29_19_38_27_116.jpg, 0, 1, 0, 30.1903
C:\Users\ayubb\Pictures\IMG\center_2026_07_29_19_38_27_216.jpg, C:\Users\ayubb\Pictures\IMG\left_2026_07_29_19_38_27_216.jpg, C:\Users\ayubb\Pictures\IMG\right_2026_07_29_19_38_27_216.jpg, 0, 1, 0, 30.1905
C:\Users\ayubb\Pictures\IMG\center_2026_07_29_19_38_27_318.jpg, C:\Users\ayubb\Pictures\IMG\left_2026_07_29_19_38_27_318.jpg, C:\Users\ayubb\Pictures\IMG\right_2026_07_29_19_38_27_318.jpg, 0, 1, 0, 30.19031
C:\Users\ayubb\Pictures\IMG\center_2026_07_29_19_38_27_420.jpg, C:\Users\ayubb\Pictures\IMG\left_2026_07_29_19_38_27_420.jpg, C:\Users\ayubb\Pictures\IMG\right_2026_07_29_19_38_27_420.jpg, 0, 1, 0, 30.19024
C:\Users\ayubb\Pictures\IMG\center_2026_07_29_19_38_27_521.jpg, C:\Users\ayubb\Pictures\IMG\left_2026_07_29_19_38_27_521.jpg, C:\Users\ayubb\Pictures\IMG\right_2026_07_29_19_38_27_521.jpg, 0, 1, 0, 30.19029
C:\Users\ayubb\Pictures\IMG\center_2026_07_29_19_38_27_622.jpg, C:\Users\ayubb\Pictures\IMG\left_2026_07_29_19_38_27_622.jpg, C:\Users\ayubb\Pictures\IMG\right_2026_07_29_19_38_27_622.jpg, 0, 1, 0, 30.1903
C:\Users\ayubb\Pictures\IMG\center_2026_07_29_19_38_27_724.jpg, C:\Users\ayubb\Pictures\IMG\left_2026_07_29_19_38_27_724.jpg, C:\Users\ayubb\Pictures\IMG\right_2026_07_29_19_38_27_724.jpg, 0, 1, 0, 30.19029
C:\Users\ayubb\Pictures\IMG\center_2026_07_29_19_38_27_826.jpg, C:\Users\ayubb\Pictures\IMG\left_2026_07_29_19_38_27_826.jpg, C:\Users\ayubb\Pictures\IMG\right_2026_07_29_19_38_27_826.jpg, -0.0213387, 1, 0, 30.19023
C:\Users\ayubb\Pictures\IMG\center_2026_07_29_19_38_27_929.jpg, C:\Users\ayubb\Pictures\IMG\left_2026_07_29_19_38_27_929.jpg, C:\Users\ayubb\Pictures\IMG\right_2026_07_29_19_38_27_929.jpg, -0.3076944, 1, 0, 30.16754
C:\Users\ayubb\Pictures\IMG\center_2026_07_29_19_38_28_032.jpg, C:\Users\ayubb\Pictures\IMG\left_2026_07_29_19_38_28_032.jpg, C:\Users\ayubb\Pictures\IMG\right_2026_07_29_19_38_28_032.jpg, -0.01207435, 1, 0, 30.18998
C:\Users\ayubb\Pictures\IMG\center_2026_07_29_19_38_28_133.jpg, C:\Users\ayubb\Pictures\IMG\left_2026_07_29_19_38_28_133.jpg, C:\Users\ayubb\Pictures\IMG\right_2026_07_29_19_38_28_133.jpg, 0, 1, 0, 30.18999
C:\Users\ayubb\Pictures\IMG\center_2026_07_29_19_38_28_234.jpg, C:\Users\ayubb\Pictures\IMG\left_2026_07_29_19_38_28_234.jpg, C:\Users\ayubb\Pictures\IMG\right_2026_07_29_19_38_28_234.jpg, 0, 1, 0, 30.19024
C:\Users\ayubb\Pictures\IMG\center_2026_07_29_19_38_28_336.jpg, C:\Users\ayubb\Pictures\IMG\left_2026_07_29_19_38_28_336.jpg, C:\Users\ayubb\Pictures\IMG\right_2026_07_29_19_38_28_336.jpg, -0.08618669, 1, 0, 30.18881
C:\Users\ayubb\Pictures\IMG\center_2026_07_29_19_38_28_439.jpg, C:\Users\ayubb\Pictures\IMG\left_2026_07_29_19_38_28_439.jpg, C:\Users\ayubb\Pictures\IMG\right_2026_07_29_19_38_28_439.jpg, -0.2567895, 1, 0, 30.17565
C:\Users\ayubb\Pictures\IMG\center_2026_07_29_19_38_28_541.jpg, C:\Users\ayubb\Pictures\IMG\left_2026_07_29_19_38_28_541.jpg, C:\Users\ayubb\Pictures\IMG\right_2026_07_29_19_38_28_541.jpg, 0, 1, 0, 30.18862
C:\Users\ayubb\Pictures\IMG\center_2026_07_29_19_38_28_643.jpg, C:\Users\ayubb\Pictures\IMG\left_2026_07_29_19_38_28_643.jpg, C:\Users\ayubb\Pictures\IMG\right_2026_07_29_19_38_28_643.jpg, -0.1439838, 1, 0, 30.18771
C:\Users\ayubb\Pictures\IMG\center_2026_07_29_19_38_28_745.jpg, C:\Users\ayubb\Pictures\IMG\left_2026_07_29_19_38_28_745.jpg, C:\Users\ayubb\Pictures\IMG\right_2026_07_29_19_38_28_745.jpg, -0.4492571, 1, 0, 30.15165
C:\Users\ayubb\Pictures\IMG\center_2026_07_29_19_38_28_847.jpg, C:\Users\ayubb\Pictures\IMG\left_2026_07_29_19_38_28_847.jpg, C:\Users\ayubb\Pictures\IMG\right_2026_07_29_19_38_28_847.jpg, -0.3134462, 1, 0, 30.18824
C:\Users\ayubb\Pictures\IMG\center_2026_07_29_19_38_28_948.jpg, C:\Users\ayubb\Pictures\IMG\left_2026_07_29_19_38_28_948.jpg, C:\Users\ayubb\Pictures\IMG\right_2026_07_29_19_38_28_948.jpg, -0.01317282, 1, 0, 30.18728
C:\Users\ayubb\Pictures\IMG\center_2026_07_29_19_38_29_050.jpg, C:\Users\ayubb\Pictures\IMG\left_2026_07_29_19_38_29_050.jpg, C:\Users\ayubb\Pictures\IMG\right_2026_07_29_19_38_29_050.jpg, -0.0303108, 1, 0, 30.19003
C:\Users\ayubb\Pictures\IMG\center_2026_07_29_19_38_29_153.jpg, C:\Users\ayubb\Pictures\IMG\left_2026_07_29_19_38_29_153.jpg, C:\Users\ayubb\Pictures\IMG\right_2026_07_29_19_38_29_153.jpg, -0.321716, 1, 0, 30.17109
C:\Users\ayubb\Pictures\IMG\center_2026_07_29_19_38_29_256.jpg, C:\Users\ayubb\Pictures\IMG\left_2026_07_29_19_38_29_256.jpg, C:\Users\ayubb\Pictures\IMG\right_2026_07_29_19_38_29_256.jpg, -0.2006267, 1, 0, 30.1911
C:\Users\ayubb\Pictures\IMG\center_2026_07_29_19_38_29_358.jpg, C:\Users\ayubb\Pictures\IMG\left_2026_07_29_19_38_29_358.jpg, C:\Users\ayubb\Pictures\IMG\right_2026_07_29_19_38_29_358.jpg, 0, 1, 0, 30.18933
C:\Users\ayubb\Pictures\IMG\center_2026_07_29_19_38_29_458.jpg, C:\Users\ayubb\Pictures\IMG\left_2026_07_29_19_38_29_458.jpg, C:\Users\ayubb\Pictures\IMG\right_2026_07_29_19_38_29_458.jpg, 0, 1, 0, 30.19097
C:\Users\ayubb\Pictures\IMG\center_2026_07_29_19_38_29_560.jpg, C:\Users\ayubb\Pictures\IMG\left_2026_07_29_19_38_29_560.jpg, C:\Users\ayubb\Pictures\IMG\right_2026_07_29_19_38_29_560.jpg, -0.2940849, 1, 0, 30.17113
C:\Users\ayubb\Pictures\IMG\center_2026_07_29_19_38_29_662.jpg, C:\Users\ayubb\Pictures\IMG\left_2026_07_29_19_38_29_662.jpg, C:\Users\ayubb\Pictures\IMG\right_2026_07_29_19_38_29_662.jpg, -0.3058719, 1, 0, 30.18278
C:\Users\ayubb\Pictures\IMG\center_2026_07_29_19_38_29_762.jpg, C:\Users\ayubb\Pictures\IMG\left_2026_07_29_19_38_29_762.jpg, C:\Users\ayubb\Pictures\IMG\right_2026_07_29_19_38_29_762.jpg, -0.004342177, 1, 0, 30.18862
C:\Users\ayubb\Pictures\IMG\center_2026_07_29_19_38_29_862.jpg, C:\Users\ayubb\Pictures\IMG\left_2026_07_29_19_38_29_862.jpg, C:\Users\ayubb\Pictures\IMG\right_2026_07_29_19_38_29_862.jpg, -0.0213174, 1, 0, 30.19012
C:\Users\ayubb\Pictures\IMG\center_2026_07_29_19_38_29_963.jpg, C:\Users\ayubb\Pictures\IMG\left_2026_07_29_19_38_29_963.jpg, C:\Users\ayubb\Pictures\IMG\right_2026_07_29_19_38_29_963.jpg, -0.3149052, 1, 0, 30.17153
C:\Users\ayubb\Pictures\IMG\center_2026_07_29_19_38_30_065.jpg, C:\Users\ayubb\Pictures\IMG\left_2026_07_29_19_38_30_065.jpg, C:\Users\ayubb\Pictures\IMG\right_2026_07_29_19_38_30_065.jpg, -0.499587, 1, 0, 30.15037
C:\Users\ayubb\Pictures\IMG\center_2026_07_29_19_38_30_168.jpg, C:\Users\ayubb\Pictures\IMG\left_2026_07_29_19_38_30_168.jpg, C:\Users\ayubb\Pictures\IMG\right_2026_07_29_19_38_30_168.jpg, -0.2060421, 1, 0, 30.19493
C:\Users\ayubb\Pictures\IMG\center_2026_07_29_19_38_30_270.jpg, C:\Users\ayubb\Pictures\IMG\left_2026_07_29_19_38_30_270.jpg, C:\Users\ayubb\Pictures\IMG\right_2026_07_29_19_38_30_270.jpg, -0.0513012, 1, 0, 30.18907
C:\Users\ayubb\Pictures\IMG\center_2026_07_29_19_38_30_371.jpg, C:\Users\ayubb\Pictures\IMG\left_2026_07_29_19_38_30_371.jpg, C:\Users\ayubb\Pictures\IMG\right_2026_07_29_19_38_30_371.jpg, -0.3456804, 1, 0, 30.17337
C:\Users\ayubb\Pictures\IMG\center_2026_07_29_19_38_30_472.jpg, C:\Users\ayubb\Pictures\IMG\left_2026_07_29_19_38_30_472.jpg, C:\Users\ayubb\Pictures\IMG\right_2026_07_29_19_38_30_472.jpg, -0.6487629, 1, 0, 30.12835
C:\Users\ayubb\Pictures\IMG\center_2026_07_29_19_38_30_573.jpg, C:\Users\ayubb\Pictures\IMG\left_2026_07_29_19_38_30_573.jpg, C:\Users\ayubb\Pictures\IMG\right_2026_07_29_19_38_30_573.jpg, -0.7100191, 1, 0, 30.14238
C:\Users\ayubb\Pictures\IMG\center_2026_07_29_19_38_30_676.jpg, C:\Users\ayubb\Pictures\IMG\left_2026_07_29_19_38_30_676.jpg, C:\Users\ayubb\Pictures\IMG\right_2026_07_29_19_38_30_676.jpg, -0.4141985, 1, 0, 30.19888
C:\Users\ayubb\Pictures\IMG\center_2026_07_29_19_38_30_778.jpg, C:\Users\ayubb\Pictures\IMG\left_2026_07_29_19_38_30_778.jpg, C:\Users\ayubb\Pictures\IMG\right_2026_07_29_19_38_30_778.jpg, -0.05303721, 1, 0, 30.18889
C:\Users\ayubb\Pictures\IMG\center_2026_07_29_19_38_30_881.jpg, C:\Users\ayubb\Pictures\IMG\left_2026_07_29_19_38_30_881.jpg, C:\Users\ayubb\Pictures\IMG\right_2026_07_29_19_38_30_881.jpg, 0, 1, 0, 30.18859
C:\Users\ayubb\Pictures\IMG\center_2026_07_29_19_38_30_983.jpg, C:\Users\ayubb\Pictures\IMG\left_2026_07_29_19_38_30_983.jpg, C:\Users\ayubb\Pictures\IMG\right_2026_07_29_19_38_30_983.jpg, 0, 1, 0, 30.19089
C:\Users\ayubb\Pictures\IMG\center_2026_07_29_19_38_31_084.jpg, C:\Users\ayubb\Pictures\IMG\left_2026_07_29_19_38_31_084.jpg, C:\Users\ayubb\Pictures\IMG\right_2026_07_29_19_38_31_084.jpg, 0, 1, 0, 30.19011
C:\Users\ayubb\Pictures\IMG\center_2026_07_29_19_38_31_187.jpg, C:\Users\ayubb\Pictures\IMG\left_2026_07_29_19_38_31_187.jpg, C:\Users\ayubb\Pictures\IMG\right_2026_07_29_19_38_31_187.jpg, 0, 1, 0, 30.19094
C:\Users\ayubb\Pictures\IMG\center_2026_07_29_19_38_31_287.jpg, C:\Users\ayubb\Pictures\IMG\left_2026_07_29_19_38_31_287.jpg, C:\Users\ayubb\Pictures\IMG\right_2026_07_29_19_38_31_287.jpg, -0.2721948, 1, 0, 30.17187
C:\Users\ayubb\Pictures\IMG\center_2026_07_29_19_38_31_388.jpg, C:\Users\ayubb\Pictures\IMG\left_2026_07_29_19_38_31_388.jpg, C:\Users\ayubb\Pictures\IMG\right_2026_07_29_19_38_31_388.jpg, 0, 1, 0, 30.19005
C:\Users\ayubb\Pictures\IMG\center_2026_07_29_19_38_31_488.jpg, C:\Users\ayubb\Pictures\IMG\left_2026_07_29_19_38_31_488.jpg, C:\Users\ayubb\Pictures\IMG\right_2026_07_29_19_38_31_488.jpg, 0, 1, 0, 30.19007
C:\Users\ayubb\Pictures\IMG\center_2026_07_29_19_38_31_589.jpg, C:\Users\ayubb\Pictures\IMG\left_2026_07_29_19_38_31_589.jpg, C:\Users\ayubb\Pictures\IMG\right_2026_07_29_19_38_31_589.jpg, 0, 1, 0, 30.19078
C:\Users\ayubb\Pictures\IMG\center_2026_07_29_19_38_31_690.jpg, C:\Users\ayubb\Pictures\IMG\left_2026_07_29_19_38_31_690.jpg, C:\Users\ayubb\Pictures\IMG\right_2026_07_29_19_38_31_690.jpg, -0.2697036, 1, 0, 30.17225
C:\Users\ayubb\Pictures\IMG\center_2026_07_29_19_38_31_792.jpg, C:\Users\ayubb\Pictures\IMG\left_2026_07_29_19_38_31_792.jpg, C:\Users\ayubb\Pictures\IMG\right_2026_07_29_19_38_31_792.jpg, -0.2137368, 1, 0, 30.18798
C:\Users\ayubb\Pictures\IMG\center_2026_07_29_19_38_31_893.jpg, C:\Users\ayubb\Pictures\IMG\left_2026_07_29_19_38_31_893.jpg, C:\Users\ayubb\Pictures\IMG\right_2026_07_29_19_38_31_893.jpg, 0, 1, 0, 30.18834
C:\Users\ayubb\Pictures\IMG\center_2026_07_29_19_38_31_995.jpg, C:\Users\ayubb\Pictures\IMG\left_2026_07_29_19_38_31_995.jpg, C:\Users\ayubb\Pictures\IMG\right_2026_07_29_19_38_31_995.jpg, 0, 1, 0, 30.1901
C:\Users\ayubb\Pictures\IMG\center_2026_07_29_19_38_32_098.jpg, C:\Users\ayubb\Pictures\IMG\left_2026_07_29_19_38_32_098.jpg, C:\Users\ayubb\Pictures\IMG\right_2026_07_29_19_38_32_098.jpg, -0.1586964, 1, 0, 30.1868
C:\Users\ayubb\Pictures\IMG\center_2026_07_29_19_38_32_198.jpg, C:\Users\ayubb\Pictures\IMG\left_2026_07_29_19_38_32_198.jpg, C:\Users\ayubb\Pictures\IMG\right_2026_07_29_19_38_32_198.jpg, 0, 1, 0, 30.18998
C:\Users\ayubb\Pictures\IMG\center_2026_07_29_19_38_32_301.jpg, C:\Users\ayubb\Pictures\IMG\left_2026_07_29_19_38_32_301.jpg, C:\Users\ayubb\Pictures\IMG\right_2026_07_29_19_38_32_301.jpg, 0, 1, 0, 30.19026
C:\Users\ayubb\Pictures\IMG\center_2026_07_29_19_38_32_405.jpg, C:\Users\ayubb\Pictures\IMG\left_2026_07_29_19_38_32_405.jpg, C:\Users\ayubb\Pictures\IMG\right_2026_07_29_19_38_32_405.jpg, 0, 1, 0, 30.1905
C:\Users\ayubb\Pictures\IMG\center_2026_07_29_19_38_32_506.jpg, C:\Users\ayubb\Pictures\IMG\left_2026_07_29_19_38_32_506.jpg, C:\Users\ayubb\Pictures\IMG\right_2026_07_29_19_38_32_506.jpg, 0, 1, 0, 30.19029
C:\Users\ayubb\Pictures\IMG\center_2026_07_29_19_38_32_607.jpg, C:\Users\ayubb\Pictures\IMG\left_2026_07_29_19_38_32_607.jpg, C:\Users\ayubb\Pictures\IMG\right_2026_07_29_19_38_32_607.jpg, 0, 1, 0, 30.19009
C:\Users\ayubb\Pictures\IMG\center_2026_07_29_19_38_32_708.jpg, C:\Users\ayubb\Pictures\IMG\left_2026_07_29_19_38_32_708.jpg, C:\Users\ayubb\Pictures\IMG\right_2026_07_29_19_38_32_708.jpg, -0.0229398, 1, 0, 30.1902
C:\Users\ayubb\Pictures\IMG\center_2026_07_29_19_38_32_809.jpg, C:\Users\ayubb\Pictures\IMG\left_2026_07_29_19_38_32_809.jpg, C:\Users\ayubb\Pictures\IMG\right_2026_07_29_19_38_32_809.jpg, -0.2667222, 1, 0, 30.1731
C:\Users\ayubb\Pictures\IMG\center_2026_07_29_19_38_32_909.jpg, C:\Users\ayubb\Pictures\IMG\left_2026_07_29_19_38_32_909.jpg, C:\Users\ayubb\Pictures\IMG\right_2026_07_29_19_38_32_909.jpg, 0, 1, 0, 30.18915
C:\Users\ayubb\Pictures\IMG\center_2026_07_29_19_38_33_010.jpg, C:\Users\ayubb\Pictures\IMG\left_2026_07_29_19_38_33_010.jpg, C:\Users\ayubb\Pictures\IMG\right_2026_07_29_19_38_33_010.jpg, 0, 1, 0, 30.19011
C:\Users\ayubb\Pictures\IMG\center_2026_07_29_19_38_33_110.jpg, C:\Users\ayubb\Pictures\IMG\left_2026_07_29_19_38_33_110.jpg, C:\Users\ayubb\Pictures\IMG\right_2026_07_29_19_38_33_110.jpg, 0, 1, 0, 30.19029
C:\Users\ayubb\Pictures\IMG\center_2026_07_29_19_38_33_214.jpg, C:\Users\ayubb\Pictures\IMG\left_2026_07_29_19_38_33_214.jpg, C:\Users\ayubb\Pictures\IMG\right_2026_07_29_19_38_33_214.jpg, 0, 1, 0, 30.19032
C:\Users\ayubb\Pictures\IMG\center_2026_07_29_19_38_33_315.jpg, C:\Users\ayubb\Pictures\IMG\left_2026_07_29_19_38_33_315.jpg, C:\Users\ayubb\Pictures\IMG\right_2026_07_29_19_38_33_315.jpg, 0, 1, 0, 30.1903
C:\Users\ayubb\Pictures\IMG\center_2026_07_29_19_38_33_414.jpg, C:\Users\ayubb\Pictures\IMG\left_2026_07_29_19_38_33_414.jpg, C:\Users\ayubb\Pictures\IMG\right_2026_07_29_19_38_33_414.jpg, 0, 1, 0, 30.19029
C:\Users\ayubb\Pictures\IMG\center_2026_07_29_19_38_33_515.jpg, C:\Users\ayubb\Pictures\IMG\left_2026_07_29_19_38_33_515.jpg, C:\Users\ayubb\Pictures\IMG\right_2026_07_29_19_38_33_515.jpg, 0, 1, 0, 30.19029
C:\Users\ayubb\Pictures\IMG\center_2026_07_29_19_38_33_619.jpg, C:\Users\ayubb\Pictures\IMG\left_2026_07_29_19_38_33_619.jpg, C:\Users\ayubb\Pictures\IMG\right_2026_07_29_19_38_33_619.jpg, 0, 1, 0, 30.1903
C:\Users\ayubb\Pictures\IMG\center_2026_07_29_19_38_33_721.jpg, C:\Users\ayubb\Pictures\IMG\left_2026_07_29_19_38_33_721.jpg, C:\Users\ayubb\Pictures\IMG\right_2026_07_29_19_38_33_721.jpg, 0, 1, 0, 30.1903
C:\Users\ayubb\Pictures\IMG\center_2026_07_29_19_38_33_823.jpg, C:\Users\ayubb\Pictures\IMG\left_2026_07_29_19_38_33_823.jpg, C:\Users\ayubb\Pictures\IMG\right_2026_07_29_19_38_33_823.jpg, 0, 1, 0, 30.19029
C:\Users\ayubb\Pictures\IMG\center_2026_07_29_19_38_33_923.jpg, C:\Users\ayubb\Pictures\IMG\left_2026_07_29_19_38_33_923.jpg, C:\Users\ayubb\Pictures\IMG\right_2026_07_29_19_38_33_923.jpg, 0, 1, 0, 30.19002
C:\Users\ayubb\Pictures\IMG\center_2026_07_29_19_38_34_026.jpg, C:\Users\ayubb\Pictures\IMG\left_2026_07_29_19_38_34_026.jpg, C:\Users\ayubb\Pictures\IMG\right_2026_07_29_19_38_34_026.jpg, 0, 1, 0, 30.1899
C:\Users\ayubb\Pictures\IMG\center_2026_07_29_19_38_34_127.jpg, C:\Users\ayubb\Pictures\IMG\left_2026_07_29_19_38_34_127.jpg, C:\Users\ayubb\Pictures\IMG\right_2026_07_29_19_38_34_127.jpg, 0, 1, 0, 30.19045
C:\Users\ayubb\Pictures\IMG\center_2026_07_29_19_38_34_228.jpg, C:\Users\ayubb\Pictures\IMG\left_2026_07_29_19_38_34_228.jpg, C:\Users\ayubb\Pictures\IMG\right_2026_07_29_19_38_34_228.jpg, 0, 1, 0, 30.19011
C:\Users\ayubb\Pictures\IMG\center_2026_07_29_19_38_34_333.jpg, C:\Users\ayubb\Pictures\IMG\left_2026_07_29_19_38_34_333.jpg, C:\Users\ayubb\Pictures\IMG\right_2026_07_29_19_38_34_333.jpg, 0, 1, 0, 30.18988
C:\Users\ayubb\Pictures\IMG\center_2026_07_29_19_38_34_434.jpg, C:\Users\ayubb\Pictures\IMG\left_2026_07_29_19_38_34_434.jpg, C:\Users\ayubb\Pictures\IMG\right_2026_07_29_19_38_34_434.jpg, 0, 1, 0, 30.19017
C:\Users\ayubb\Pictures\IMG\center_2026_07_29_19_38_34_535.jpg, C:\Users\ayubb\Pictures\IMG\left_2026_07_29_19_38_34_535.jpg, C:\Users\ayubb\Pictures\IMG\right_2026_07_29_19_38_34_535.jpg, 0, 1, 0, 30.19014
C:\Users\ayubb\Pictures\IMG\center_2026_07_29_19_38_34_638.jpg, C:\Users\ayubb\Pictures\IMG\left_2026_07_29_19_38_34_638.jpg, C:\Users\ayubb\Pictures\IMG\right_2026_07_29_19_38_34_638.jpg, 0, 1, 0, 30.19015
C:\Users\ayubb\Pictures\IMG\center_2026_07_29_19_38_34_742.jpg, C:\Users\ayubb\Pictures\IMG\left_2026_07_29_19_38_34_742.jpg, C:\Users\ayubb\Pictures\IMG\right_2026_07_29_19_38_34_742.jpg, 0, 1, 0, 30.19024
C:\Users\ayubb\Pictures\IMG\center_2026_07_29_19_38_34_847.jpg, C:\Users\ayubb\Pictures\IMG\left_2026_07_29_19_38_34_847.jpg, C:\Users\ayubb\Pictures\IMG\right_2026_07_29_19_38_34_847.jpg, 0, 1, 0, 30.19019
C:\Users\ayubb\Pictures\IMG\center_2026_07_29_19_38_34_946.jpg, C:\Users\ayubb\Pictures\IMG\left_2026_07_29_19_38_34_946.jpg, C:\Users\ayubb\Pictures\IMG\right_2026_07_29_19_38_34_946.jpg, 0, 1, 0, 30.19024
C:\Users\ayubb\Pictures\IMG\center_2026_07_29_19_38_35_047.jpg, C:\Users\ayubb\Pictures\IMG\left_2026_07_29_19_38_35_047.jpg, C:\Users\ayubb\Pictures\IMG\right_2026_07_29_19_38_35_047.jpg, 0, 1, 0, 30.19022
C:\Users\ayubb\Pictures\IMG\center_2026_07_29_19_38_35_150.jpg, C:\Users\ayubb\Pictures\IMG\left_2026_07_29_19_38_35_150.jpg, C:\Users\ayubb\Pictures\IMG\right_2026_07_29_19_38_35_150.jpg, 0, 1, 0, 30.1902
C:\Users\ayubb\Pictures\IMG\center_2026_07_29_19_38_35_251.jpg, C:\Users\ayubb\Pictures\IMG\left_2026_07_29_19_38_35_251.jpg, C:\Users\ayubb\Pictures\IMG\right_2026_07_29_19_38_35_251.jpg, 0, 1, 0, 30.19044
C:\Users\ayubb\Pictures\IMG\center_2026_07_29_19_38_35_353.jpg, C:\Users\ayubb\Pictures\IMG\left_2026_07_29_19_38_35_353.jpg, C:\Users\ayubb\Pictures\IMG\right_2026_07_29_19_38_35_353.jpg, 0, 1, 0, 30.19024
C:\Users\ayubb\Pictures\IMG\center_2026_07_29_19_38_35_453.jpg, C:\Users\ayubb\Pictures\IMG\left_2026_07_29_19_38_35_453.jpg, C:\Users\ayubb\Pictures\IMG\right_2026_07_29_19_38_35_453.jpg, 0, 1, 0, 30.19016
C:\Users\ayubb\Pictures\IMG\center_2026_07_29_19_38_35_555.jpg, C:\Users\ayubb\Pictures\IMG\left_2026_07_29_19_38_35_555.jpg, C:\Users\ayubb\Pictures\IMG\right_2026_07_29_19_38_35_555.jpg, 0, 1, 0, 30.1903
C:\Users\ayubb\Pictures\IMG\center_2026_07_29_19_38_35_655.jpg, C:\Users\ayubb\Pictures\IMG\left_2026_07_29_19_38_35_655.jpg, C:\Users\ayubb\Pictures\IMG\right_2026_07_29_19_38_35_655.jpg, 0, 1, 0, 30.19029
C:\Users\ayubb\Pictures\IMG\center_2026_07_29_19_38_35_757.jpg, C:\Users\ayubb\Pictures\IMG\left_2026_07_29_19_38_35_757.jpg, C:\Users\ayubb\Pictures\IMG\right_2026_07_29_19_38_35_757.jpg, 0, 1, 0, 30.19053
C:\Users\ayubb\Pictures\IMG\center_2026_07_29_19_38_35_860.jpg, C:\Users\ayubb\Pictures\IMG\left_2026_07_29_19_38_35_860.jpg, C:\Users\ayubb\Pictures\IMG\right_2026_07_29_19_38_35_860.jpg, 0, 1, 0, 30.19038
C:\Users\ayubb\Pictures\IMG\center_2026_07_29_19_38_35_961.jpg, C:\Users\ayubb\Pictures\IMG\left_2026_07_29_19_38_35_961.jpg, C:\Users\ayubb\Pictures\IMG\right_2026_07_29_19_38_35_961.jpg, 0, 1, 0, 30.19013
C:\Users\ayubb\Pictures\IMG\center_2026_07_29_19_38_36_062.jpg, C:\Users\ayubb\Pictures\IMG\left_2026_07_29_19_38_36_062.jpg, C:\Users\ayubb\Pictures\IMG\right_2026_07_29_19_38_36_062.jpg, 0, 1, 0, 30.19042
C:\Users\ayubb\Pictures\IMG\center_2026_07_29_19_38_36_164.jpg, C:\Users\ayubb\Pictures\IMG\left_2026_07_29_19_38_36_164.jpg, C:\Users\ayubb\Pictures\IMG\right_2026_07_29_19_38_36_164.jpg, 0, 1, 0, 30.19035
C:\Users\ayubb\Pictures\IMG\center_2026_07_29_19_38_36_267.jpg, C:\Users\ayubb\Pictures\IMG\left_2026_07_29_19_38_36_267.jpg, C:\Users\ayubb\Pictures\IMG\right_2026_07_29_19_38_36_267.jpg, 0, 1, 0, 30.19063
C:\Users\ayubb\Pictures\IMG\center_2026_07_29_19_38_36_368.jpg, C:\Users\ayubb\Pictures\IMG\left_2026_07_29_19_38_36_368.jpg, C:\Users\ayubb\Pictures\IMG\right_2026_07_29_19_38_36_368.jpg, 0.1006809, 1, 0, 30.18775
C:\Users\ayubb\Pictures\IMG\center_2026_07_29_19_38_36_468.jpg, C:\Users\ayubb\Pictures\IMG\left_2026_07_29_19_38_36_468.jpg, C:\Users\ayubb\Pictures\IMG\right_2026_07_29_19_38_36_468.jpg, 0, 1, 0, 30.19008
C:\Users\ayubb\Pictures\IMG\center_2026_07_29_19_38_36_571.jpg, C:\Users\ayubb\Pictures\IMG\left_2026_07_29_19_38_36_571.jpg, C:\Users\ayubb\Pictures\IMG\right_2026_07_29_19_38_36_571.jpg, 0.0738945, 1, 0, 30.18942
C:\Users\ayubb\Pictures\IMG\center_2026_07_29_19_38_36_672.jpg, C:\Users\ayubb\Pictures\IMG\left_2026_07_29_19_38_36_672.jpg, C:\Users\ayubb\Pictures\IMG\right_2026_07_29_19_38_36_672.jpg, 0.2550003, 1, 0, 30.17563
C:\Users\ayubb\Pictures\IMG\center_2026_07_29_19_38_36_775.jpg, C:\Users\ayubb\Pictures\IMG\left_2026_07_29_19_38_36_775.jpg, C:\Users\ayubb\Pictures\IMG\right_2026_07_29_19_38_36_775.jpg, 0, 1, 0, 30.18904
C:\Users\ayubb\Pictures\IMG\center_2026_07_29_19_38_36_878.jpg, C:\Users\ayubb\Pictures\IMG\left_2026_07_29_19_38_36_878.jpg, C:\Users\ayubb\Pictures\IMG\right_2026_07_29_19_38_36_878.jpg, 0, 1, 0, 30.19014
C:\Users\ayubb\Pictures\IMG\center_2026_07_29_19_38_36_980.jpg, C:\Users\ayubb\Pictures\IMG\left_2026_07_29_19_38_36_980.jpg, C:\Users\ayubb\Pictures\IMG\right_2026_07_29_19_38_36_980.jpg, 0, 1, 0, 30.19042
C:\Users\ayubb\Pictures\IMG\center_2026_07_29_19_38_37_080.jpg, C:\Users\ayubb\Pictures\IMG\left_2026_07_29_19_38_37_080.jpg, C:\Users\ayubb\Pictures\IMG\right_2026_07_29_19_38_37_080.jpg, 0, 1, 0, 30.19031
C:\Users\ayubb\Pictures\IMG\center_2026_07_29_19_38_37_182.jpg, C:\Users\ayubb\Pictures\IMG\left_2026_07_29_19_38_37_182.jpg, C:\Users\ayubb\Pictures\IMG\right_2026_07_29_19_38_37_182.jpg, 0.0302682, 1, 0, 30.1903
C:\Users\ayubb\Pictures\IMG\center_2026_07_29_19_38_37_286.jpg, C:\Users\ayubb\Pictures\IMG\left_2026_07_29_19_38_37_286.jpg, C:\Users\ayubb\Pictures\IMG\right_2026_07_29_19_38_37_286.jpg, 0.1789236, 1, 0, 30.18247
C:\Users\ayubb\Pictures\IMG\center_2026_07_29_19_38_37_388.jpg, C:\Users\ayubb\Pictures\IMG\left_2026_07_29_19_38_37_388.jpg, C:\Users\ayubb\Pictures\IMG\right_2026_07_29_19_38_37_388.jpg, 0, 1, 0, 30.18915
C:\Users\ayubb\Pictures\IMG\center_2026_07_29_19_38_37_491.jpg, C:\Users\ayubb\Pictures\IMG\left_2026_07_29_19_38_37_491.jpg, C:\Users\ayubb\Pictures\IMG\right_2026_07_29_19_38_37_491.jpg, 0, 1, 0, 30.19032
C:\Users\ayubb\Pictures\IMG\center_2026_07_29_19_38_37_591.jpg, C:\Users\ayubb\Pictures\IMG\left_2026_07_29_19_38_37_591.jpg, C:\Users\ayubb\Pictures\IMG\right_2026_07_29_19_38_37_591.jpg, 0.040116, 1, 0, 30.18957
C:\Users\ayubb\Pictures\IMG\center_2026_07_29_19_38_37_692.jpg, C:\Users\ayubb\Pictures\IMG\left_2026_07_29_19_38_37_692.jpg, C:\Users\ayubb\Pictures\IMG\right_2026_07_29_19_38_37_692.jpg, 0.3088899, 1, 0, 30.16805
C:\Users\ayubb\Pictures\IMG\center_2026_07_29_19_38_37_794.jpg, C:\Users\ayubb\Pictures\IMG\left_2026_07_29_19_38_37_794.jpg, C:\Users\ayubb\Pictures\IMG\right_2026_07_29_19_38_37_794.jpg, 0.004428007, 1, 0, 30.1895
C:\Users\ayubb\Pictures\IMG\center_2026_07_29_19_38_37_896.jpg, C:\Users\ayubb\Pictures\IMG\left_2026_07_29_19_38_37_896.jpg, C:\Users\ayubb\Pictures\IMG\right_2026_07_29_19_38_37_896.jpg, 0, 1, 0, 30.19018
C:\Users\ayubb\Pictures\IMG\center_2026_07_29_19_38_37_999.jpg, C:\Users\ayubb\Pictures\IMG\left_2026_07_29_19_38_37_999.jpg, C:\Users\ayubb\Pictures\IMG\right_2026_07_29_19_38_37_999.jpg, 0, 1, 0, 30.19011
C:\Users\ayubb\Pictures\IMG\center_2026_07_29_19_38_38_099.jpg, C:\Users\ayubb\Pictures\IMG\left_2026_07_29_19_38_38_099.jpg, C:\Users\ayubb\Pictures\IMG\right_2026_07_29_19_38_38_099.jpg, 0.3002442, 1, 0, 30.16883
C:\Users\ayubb\Pictures\IMG\center_2026_07_29_19_38_38_201.jpg, C:\Users\ayubb\Pictures\IMG\left_2026_07_29_19_38_38_201.jpg, C:\Users\ayubb\Pictures\IMG\right_2026_07_29_19_38_38_201.jpg, 0.006823537, 1, 0, 30.18869
C:\Users\ayubb\Pictures\IMG\center_2026_07_29_19_38_38_303.jpg, C:\Users\ayubb\Pictures\IMG\left_2026_07_29_19_38_38_303.jpg, C:\Users\ayubb\Pictures\IMG\right_2026_07_29_19_38_38_303.jpg, 0, 1, 0, 30.19013
C:\Users\ayubb\Pictures\IMG\center_2026_07_29_19_38_38_405.jpg, C:\Users\ayubb\Pictures\IMG\left_2026_07_29_19_38_38_405.jpg, C:\Users\ayubb\Pictures\IMG\right_2026_07_29_19_38_38_405.jpg, 0.1539189, 1, 0, 30.18545
C:\Users\ayubb\Pictures\IMG\center_2026_07_29_19_38_38_505.jpg, C:\Users\ayubb\Pictures\IMG\left_2026_07_29_19_38_38_505.jpg, C:\Users\ayubb\Pictures\IMG\right_2026_07_29_19_38_38_505.jpg, 0.2248818, 1, 0, 30.18546
C:\Users\ayubb\Pictures\IMG\center_2026_07_29_19_38_38_606.jpg, C:\Users\ayubb\Pictures\IMG\left_2026_07_29_19_38_38_606.jpg, C:\Users\ayubb\Pictures\IMG\right_2026_07_29_19_38_38_606.jpg, 0, 1, 0, 30.1894
C:\Users\ayubb\Pictures\IMG\center_2026_07_29_19_38_38_707.jpg, C:\Users\ayubb\Pictures\IMG\left_2026_07_29_19_38_38_707.jpg, C:\Users\ayubb\Pictures\IMG\right_2026_07_29_19_38_38_707.jpg, 0.0779226, 1, 0, 30.18923
C:\Users\ayubb\Pictures\IMG\center_2026_07_29_19_38_38_809.jpg, C:\Users\ayubb\Pictures\IMG\left_2026_07_29_19_38_38_809.jpg, C:\Users\ayubb\Pictures\IMG\right_2026_07_29_19_38_38_809.jpg, 0.373596, 1, 0, 30.16116
C:\Users\ayubb\Pictures\IMG\center_2026_07_29_19_38_38_911.jpg, C:\Users\ayubb\Pictures\IMG\left_2026_07_29_19_38_38_911.jpg, C:\Users\ayubb\Pictures\IMG\right_2026_07_29_19_38_38_911.jpg, 0.6682335, 1, 0, 30.12022
C:\Users\ayubb\Pictures\IMG\center_2026_07_29_19_38_39_013.jpg, C:\Users\ayubb\Pictures\IMG\left_2026_07_29_19_38_39_013.jpg, C:\Users\ayubb\Pictures\IMG\right_2026_07_29_19_38_39_013.jpg, 0.6393855, 1, 0, 30.16015
C:\Users\ayubb\Pictures\IMG\center_2026_07_29_19_38_39_115.jpg, C:\Users\ayubb\Pictures\IMG\left_2026_07_29_19_38_39_115.jpg, C:\Users\ayubb\Pictures\IMG\right_2026_07_29_19_38_39_115.jpg, 0.3472673, 1, 0, 30.19894
C:\Users\ayubb\Pictures\IMG\center_2026_07_29_19_38_39_217.jpg, C:\Users\ayubb\Pictures\IMG\left_2026_07_29_19_38_39_217.jpg, C:\Users\ayubb\Pictures\IMG\right_2026_07_29_19_38_39_217.jpg, 0, 1, 0, 30.1834
C:\Users\ayubb\Pictures\IMG\center_2026_07_29_19_38_39_318.jpg, C:\Users\ayubb\Pictures\IMG\left_2026_07_29_19_38_39_318.jpg, C:\Users\ayubb\Pictures\IMG\right_2026_07_29_19_38_39_318.jpg, 0, 1, 0, 30.18912
C:\Users\ayubb\Pictures\IMG\center_2026_07_29_19_38_39_419.jpg, C:\Users\ayubb\Pictures\IMG\left_2026_07_29_19_38_39_419.jpg, C:\Users\ayubb\Pictures\IMG\right_2026_07_29_19_38_39_419.jpg, 0, 1, 0, 30.18978
C:\Users\ayubb\Pictures\IMG\center_2026_07_29_19_38_39_521.jpg, C:\Users\ayubb\Pictures\IMG\left_2026_07_29_19_38_39_521.jpg, C:\Users\ayubb\Pictures\IMG\right_2026_07_29_19_38_39_521.jpg, 0, 1, 0, 30.18927
C:\Users\ayubb\Pictures\IMG\center_2026_07_29_19_38_39_625.jpg, C:\Users\ayubb\Pictures\IMG\left_2026_07_29_19_38_39_625.jpg, C:\Users\ayubb\Pictures\IMG\right_2026_07_29_19_38_39_625.jpg, 0, 1, 0, 30.18875
C:\Users\ayubb\Pictures\IMG\center_2026_07_29_19_38_39_725.jpg, C:\Users\ayubb\Pictures\IMG\left_2026_07_29_19_38_39_725.jpg, C:\Users\ayubb\Pictures\IMG\right_2026_07_29_19_38_39_725.jpg, 0, 1, 0, 30.19093
C:\Users\ayubb\Pictures\IMG\center_2026_07_29_19_38_39_828.jpg, C:\Users\ayubb\Pictures\IMG\left_2026_07_29_19_38_39_828.jpg, C:\Users\ayubb\Pictures\IMG\right_2026_07_29_19_38_39_828.jpg, 0, 1, 0, 30.18942
C:\Users\ayubb\Pictures\IMG\center_2026_07_29_19_38_39_929.jpg, C:\Users\ayubb\Pictures\IMG\left_2026_07_29_19_38_39_929.jpg, C:\Users\ayubb\Pictures\IMG\right_2026_07_29_19_38_39_929.jpg, 0, 1, 0, 30.18753
C:\Users\ayubb\Pictures\IMG\center_2026_07_29_19_38_40_030.jpg, C:\Users\ayubb\Pictures\IMG\left_2026_07_29_19_38_40_030.jpg, C:\Users\ayubb\Pictures\IMG\right_2026_07_29_19_38_40_030.jpg, 0.2254248, 1, 0, 30.17339
C:\Users\ayubb\Pictures\IMG\center_2026_07_29_19_38_40_133.jpg, C:\Users\ayubb\Pictures\IMG\left_2026_07_29_19_38_40_133.jpg, C:\Users\ayubb\Pictures\IMG\right_2026_07_29_19_38_40_133.jpg, 0.5265161, 1, 0, 30.13358
C:\Users\ayubb\Pictures\IMG\center_2026_07_29_19_38_40_233.jpg, C:\Users\ayubb\Pictures\IMG\left_2026_07_29_19_38_40_233.jpg, C:\Users\ayubb\Pictures\IMG\right_2026_07_29_19_38_40_233.jpg, 0.4576536, 1, 0, 30.18087
C:\Users\ayubb\Pictures\IMG\center_2026_07_29_19_38_40_336.jpg, C:\Users\ayubb\Pictures\IMG\left_2026_07_29_19_38_40_336.jpg, C:\Users\ayubb\Pictures\IMG\right_2026_07_29_19_38_40_336.jpg, 0.09943353, 1, 0, 30.19209
C:\Users\ayubb\Pictures\IMG\center_2026_07_29_19_38_40_437.jpg, C:\Users\ayubb\Pictures\IMG\left_2026_07_29_19_38_40_437.jpg, C:\Users\ayubb\Pictures\IMG\right_2026_07_29_19_38_40_437.jpg, 0, 1, 0, 30.19049
C:\Users\ayubb\Pictures\IMG\center_2026_07_29_19_38_40_539.jpg, C:\Users\ayubb\Pictures\IMG\left_2026_07_29_19_38_40_539.jpg, C:\Users\ayubb\Pictures\IMG\right_2026_07_29_19_38_40_539.jpg, 0, 1, 0, 30.19128
C:\Users\ayubb\Pictures\IMG\center_2026_07_29_19_38_40_638.jpg, C:\Users\ayubb\Pictures\IMG\left_2026_07_29_19_38_40_638.jpg, C:\Users\ayubb\Pictures\IMG\right_2026_07_29_19_38_40_638.jpg, 0.123378, 1, 0, 30.18809
C:\Users\ayubb\Pictures\IMG\center_2026_07_29_19_38_40_741.jpg, C:\Users\ayubb\Pictures\IMG\left_2026_07_29_19_38_40_741.jpg, C:\Users\ayubb\Pictures\IMG\right_2026_07_29_19_38_40_741.jpg, 0.4184127, 1, 0, 30.1552
C:\Users\ayubb\Pictures\IMG\center_2026_07_29_19_38_40_844.jpg, C:\Users\ayubb\Pictures\IMG\left_2026_07_29_19_38_40_844.jpg, C:\Users\ayubb\Pictures\IMG\right_2026_07_29_19_38_40_844.jpg, 0.6593697, 1, 0, 30.12541
C:\Users\ayubb\Pictures\IMG\center_2026_07_29_19_38_40_948.jpg, C:\Users\ayubb\Pictures\IMG\left_2026_07_29_19_38_40_948.jpg, C:\Users\ayubb\Pictures\IMG\right_2026_07_29_19_38_40_948.jpg, 0.3608509, 1, 0, 30.1933
C:\Users\ayubb\Pictures\IMG\center_2026_07_29_19_38_41_049.jpg, C:\Users\ayubb\Pictures\IMG\left_2026_07_29_19_38_41_049.jpg, C:\Users\ayubb\Pictures\IMG\right_2026_07_29_19_38_41_049.jpg, 0.05813465, 1, 0, 30.18834
C:\Users\ayubb\Pictures\IMG\center_2026_07_29_19_38_41_152.jpg, C:\Users\ayubb\Pictures\IMG\left_2026_07_29_19_38_41_152.jpg, C:\Users\ayubb\Pictures\IMG\right_2026_07_29_19_38_41_152.jpg, 0, 1, 0, 30.18948
C:\Users\ayubb\Pictures\IMG\center_2026_07_29_19_38_41_255.jpg, C:\Users\ayubb\Pictures\IMG\left_2026_07_29_19_38_41_255.jpg, C:\Users\ayubb\Pictures\IMG\right_2026_07_29_19_38_41_255.jpg, 0, 1, 0, 30.19073
C:\Users\ayubb\Pictures\IMG\center_2026_07_29_19_38_41_355.jpg, C:\Users\ayubb\Pictures\IMG\left_2026_07_29_19_38_41_355.jpg, C:\Users\ayubb\Pictures\IMG\right_2026_07_29_19_38_41_355.jpg, 0.2458497, 1, 0, 30.17712
C:\Users\ayubb\Pictures\IMG\center_2026_07_29_19_38_41_457.jpg, C:\Users\ayubb\Pictures\IMG\left_2026_07_29_19_38_41_457.jpg, C:\Users\ayubb\Pictures\IMG\right_2026_07_29_19_38_41_457.jpg, 0, 1, 0, 30.18964
C:\Users\ayubb\Pictures\IMG\center_2026_07_29_19_38_41_561.jpg, C:\Users\ayubb\Pictures\IMG\left_2026_07_29_19_38_41_561.jpg, C:\Users\ayubb\Pictures\IMG\right_2026_07_29_19_38_41_561.jpg, 0, 1, 0, 30.19016
C:\Users\ayubb\Pictures\IMG\center_2026_07_29_19_38_41_662.jpg, C:\Users\ayubb\Pictures\IMG\left_2026_07_29_19_38_41_662.jpg, C:\Users\ayubb\Pictures\IMG\right_2026_07_29_19_38_41_662.jpg, 0.0594909, 1, 0, 30.18976
C:\Users\ayubb\Pictures\IMG\center_2026_07_29_19_38_41_763.jpg, C:\Users\ayubb\Pictures\IMG\left_2026_07_29_19_38_41_763.jpg, C:\Users\ayubb\Pictures\IMG\right_2026_07_29_19_38_41_763.jpg, 0.3534339, 1, 0, 30.16234
C:\Users\ayubb\Pictures\IMG\center_2026_07_29_19_38_41_867.jpg, C:\Users\ayubb\Pictures\IMG\left_2026_07_29_19_38_41_867.jpg, C:\Users\ayubb\Pictures\IMG\right_2026_07_29_19_38_41_867.jpg, 0.175677, 1, 0, 30.19136
C:\Users\ayubb\Pictures\IMG\center_2026_07_29_19_38_41_969.jpg, C:\Users\ayubb\Pictures\IMG\left_2026_07_29_19_38_41_969.jpg, C:\Users\ayubb\Pictures\IMG\right_2026_07_29_19_38_41_969.jpg, 0, 1, 0, 30.18902
C:\Users\ayubb\Pictures\IMG\center_2026_07_29_19_38_42_071.jpg, C:\Users\ayubb\Pictures\IMG\left_2026_07_29_19_38_42_071.jpg, C:\Users\ayubb\Pictures\IMG\right_2026_07_29_19_38_42_071.jpg, 0, 1, 0, 30.19019
C:\Users\ayubb\Pictures\IMG\center_2026_07_29_19_38_42_173.jpg, C:\Users\ayubb\Pictures\IMG\left_2026_07_29_19_38_42_173.jpg, C:\Users\ayubb\Pictures\IMG\right_2026_07_29_19_38_42_173.jpg, 0.2586447, 1, 0, 30.17585
C:\Users\ayubb\Pictures\IMG\center_2026_07_29_19_38_42_275.jpg, C:\Users\ayubb\Pictures\IMG\left_2026_07_29_19_38_42_275.jpg, C:\Users\ayubb\Pictures\IMG\right_2026_07_29_19_38_42_275.jpg, 0.3115655, 1, 0, 30.18142
C:\Users\ayubb\Pictures\IMG\center_2026_07_29_19_38_42_375.jpg, C:\Users\ayubb\Pictures\IMG\left_2026_07_29_19_38_42_375.jpg, C:\Users\ayubb\Pictures\IMG\right_2026_07_29_19_38_42_375.jpg, 0.007273758, 1, 0, 30.18823
C:\Users\ayubb\Pictures\IMG\center_2026_07_29_19_38_42_475.jpg, C:\Users\ayubb\Pictures\IMG\left_2026_07_29_19_38_42_475.jpg, C:\Users\ayubb\Pictures\IMG\right_2026_07_29_19_38_42_475.jpg, 0, 1, 0, 30.18983
C:\Users\ayubb\Pictures\IMG\center_2026_07_29_19_38_42_577.jpg, C:\Users\ayubb\Pictures\IMG\left_2026_07_29_19_38_42_577.jpg, C:\Users\ayubb\Pictures\IMG\right_2026_07_29_19_38_42_577.jpg, 0, 1, 0, 30.19027
C:\Users\ayubb\Pictures\IMG\center_2026_07_29_19_38_42_678.jpg, C:\Users\ayubb\Pictures\IMG\left_2026_07_29_19_38_42_678.jpg, C:\Users\ayubb\Pictures\IMG\right_2026_07_29_19_38_42_678.jpg, 0.0276348, 1, 0, 30.1902
C:\Users\ayubb\Pictures\IMG\center_2026_07_29_19_38_42_780.jpg, C:\Users\ayubb\Pictures\IMG\left_2026_07_29_19_38_42_780.jpg, C:\Users\ayubb\Pictures\IMG\right_2026_07_29_19_38_42_780.jpg, 0.2239094, 1, 0, 30.17832
C:\Users\ayubb\Pictures\IMG\center_2026_07_29_19_38_42_882.jpg, C:\Users\ayubb\Pictures\IMG\left_2026_07_29_19_38_42_882.jpg, C:\Users\ayubb\Pictures\IMG\right_2026_07_29_19_38_42_882.jpg, 0, 1, 0, 30.18937
C:\Users\ayubb\Pictures\IMG\center_2026_07_29_19_38_42_985.jpg, C:\Users\ayubb\Pictures\IMG\left_2026_07_29_19_38_42_985.jpg, C:\Users\ayubb\Pictures\IMG\right_2026_07_29_19_38_42_985.jpg, 0, 1, 0, 30.19022
C:\Users\ayubb\Pictures\IMG\center_2026_07_29_19_38_43_087.jpg, C:\Users\ayubb\Pictures\IMG\left_2026_07_29_19_38_43_087.jpg, C:\Users\ayubb\Pictures\IMG\right_2026_07_29_19_38_43_087.jpg, 0, 1, 0, 30.19029
C:\Users\ayubb\Pictures\IMG\center_2026_07_29_19_38_43_188.jpg, C:\Users\ayubb\Pictures\IMG\left_2026_07_29_19_38_43_188.jpg, C:\Users\ayubb\Pictures\IMG\right_2026_07_29_19_38_43_188.jpg, 0, 1, 0, 30.19036
C:\Users\ayubb\Pictures\IMG\center_2026_07_29_19_38_43_290.jpg, C:\Users\ayubb\Pictures\IMG\left_2026_07_29_19_38_43_290.jpg, C:\Users\ayubb\Pictures\IMG\right_2026_07_29_19_38_43_290.jpg, 0, 1, 0, 30.19031
C:\Users\ayubb\Pictures\IMG\center_2026_07_29_19_38_43_389.jpg, C:\Users\ayubb\Pictures\IMG\left_2026_07_29_19_38_43_389.jpg, C:\Users\ayubb\Pictures\IMG\right_2026_07_29_19_38_43_389.jpg, 0.202626, 1, 0, 30.17934
C:\Users\ayubb\Pictures\IMG\center_2026_07_29_19_38_43_491.jpg, C:\Users\ayubb\Pictures\IMG\left_2026_07_29_19_38_43_491.jpg, C:\Users\ayubb\Pictures\IMG\right_2026_07_29_19_38_43_491.jpg, 0, 1, 0, 30.18973
C:\Users\ayubb\Pictures\IMG\center_2026_07_29_19_38_43_593.jpg, C:\Users\ayubb\Pictures\IMG\left_2026_07_29_19_38_43_593.jpg, C:\Users\ayubb\Pictures\IMG\right_2026_07_29_19_38_43_593.jpg, 0, 1, 0, 30.19022
C:\Users\ayubb\Pictures\IMG\center_2026_07_29_19_38_43_693.jpg, C:\Users\ayubb\Pictures\IMG\left_2026_07_29_19_38_43_693.jpg, C:\Users\ayubb\Pictures\IMG\right_2026_07_29_19_38_43_693.jpg, 0, 1, 0, 30.19029
C:\Users\ayubb\Pictures\IMG\center_2026_07_29_19_38_43_794.jpg, C:\Users\ayubb\Pictures\IMG\left_2026_07_29_19_38_43_794.jpg, C:\Users\ayubb\Pictures\IMG\right_2026_07_29_19_38_43_794.jpg, 0, 1, 0, 30.19023
C:\Users\ayubb\Pictures\IMG\center_2026_07_29_19_38_43_897.jpg, C:\Users\ayubb\Pictures\IMG\left_2026_07_29_19_38_43_897.jpg, C:\Users\ayubb\Pictures\IMG\right_2026_07_29_19_38_43_897.jpg, 0.09130502, 1, 0, 30.18775
C:\Users\ayubb\Pictures\IMG\center_2026_07_29_19_38_43_998.jpg, C:\Users\ayubb\Pictures\IMG\left_2026_07_29_19_38_43_998.jpg, C:\Users\ayubb\Pictures\IMG\right_2026_07_29_19_38_43_998.jpg, 0, 1, 0, 30.19024
C:\Users\ayubb\Pictures\IMG\center_2026_07_29_19_38_44_099.jpg, C:\Users\ayubb\Pictures\IMG\left_2026_07_29_19_38_44_099.jpg, C:\Users\ayubb\Pictures\IMG\right_2026_07_29_19_38_44_099.jpg, 0, 1, 0, 30.19029
C:\Users\ayubb\Pictures\IMG\center_2026_07_29_19_38_44_202.jpg, C:\Users\ayubb\Pictures\IMG\left_2026_07_29_19_38_44_202.jpg, C:\Users\ayubb\Pictures\IMG\right_2026_07_29_19_38_44_202.jpg, 0.06749129, 1, 0, 30.18932
C:\Users\ayubb\Pictures\IMG\center_2026_07_29_19_38_44_303.jpg, C:\Users\ayubb\Pictures\IMG\left_2026_07_29_19_38_44_303.jpg, C:\Users\ayubb\Pictures\IMG\right_2026_07_29_19_38_44_303.jpg, 0.0925776, 1, 0, 30.18992
C:\Users\ayubb\Pictures\IMG\center_2026_07_29_19_38_44_403.jpg, C:\Users\ayubb\Pictures\IMG\left_2026_07_29_19_38_44_403.jpg, C:\Users\ayubb\Pictures\IMG\right_2026_07_29_19_38_44_403.jpg, 0, 1, 0, 30.19004
C:\Users\ayubb\Pictures\IMG\center_2026_07_29_19_38_44_505.jpg, C:\Users\ayubb\Pictures\IMG\left_2026_07_29_19_38_44_505.jpg, C:\Users\ayubb\Pictures\IMG\right_2026_07_29_19_38_44_505.jpg, 0, 1, 0, 30.19027
C:\Users\ayubb\Pictures\IMG\center_2026_07_29_19_38_44_606.jpg, C:\Users\ayubb\Pictures\IMG\left_2026_07_29_19_38_44_606.jpg, C:\Users\ayubb\Pictures\IMG\right_2026_07_29_19_38_44_606.jpg, 0, 1, 0, 30.19027
C:\Users\ayubb\Pictures\IMG\center_2026_07_29_19_38_44_707.jpg, C:\Users\ayubb\Pictures\IMG\left_2026_07_29_19_38_44_707.jpg, C:\Users\ayubb\Pictures\IMG\right_2026_07_29_19_38_44_707.jpg, 0, 1, 0, 30.19028
C:\Users\ayubb\Pictures\IMG\center_2026_07_29_19_38_44_808.jpg, C:\Users\ayubb\Pictures\IMG\left_2026_07_29_19_38_44_808.jpg, C:\Users\ayubb\Pictures\IMG\right_2026_07_29_19_38_44_808.jpg, 0, 1, 0, 30.1903
C:\Users\ayubb\Pictures\IMG\center_2026_07_29_19_38_44_908.jpg, C:\Users\ayubb\Pictures\IMG\left_2026_07_29_19_38_44_908.jpg, C:\Users\ayubb\Pictures\IMG\right_2026_07_29_19_38_44_908.jpg, 0, 1, 0, 30.19029
C:\Users\ayubb\Pictures\IMG\center_2026_07_29_19_38_45_010.jpg, C:\Users\ayubb\Pictures\IMG\left_2026_07_29_19_38_45_010.jpg, C:\Users\ayubb\Pictures\IMG\right_2026_07_29_19_38_45_010.jpg, 0, 1, 0, 30.19029
C:\Users\ayubb\Pictures\IMG\center_2026_07_29_19_38_45_111.jpg, C:\Users\ayubb\Pictures\IMG\left_2026_07_29_19_38_45_111.jpg, C:\Users\ayubb\Pictures\IMG\right_2026_07_29_19_38_45_111.jpg, 0, 1, 0, 30.17683
C:\Users\ayubb\Pictures\IMG\center_2026_07_29_19_38_45_212.jpg, C:\Users\ayubb\Pictures\IMG\left_2026_07_29_19_38_45_212.jpg, C:\Users\ayubb\Pictures\IMG\right_2026_07_29_19_38_45_212.jpg, 0, 1, 0, 30.20015
C:\Users\ayubb\Pictures\IMG\center_2026_07_29_19_38_45_313.jpg, C:\Users\ayubb\Pictures\IMG\left_2026_07_29_19_38_45_313.jpg, C:\Users\ayubb\Pictures\IMG\right_2026_07_29_19_38_45_313.jpg, 0, 1, 0, 30.1123
C:\Users\ayubb\Pictures\IMG\center_2026_07_29_19_38_45_415.jpg, C:\Users\ayubb\Pictures\IMG\left_2026_07_29_19_38_45_415.jpg, C:\Users\ayubb\Pictures\IMG\right_2026_07_29_19_38_45_415.jpg, 0, 1, 0, 30.20799
C:\Users\ayubb\Pictures\IMG\center_2026_07_29_19_38_45_517.jpg, C:\Users\ayubb\Pictures\IMG\left_2026_07_29_19_38_45_517.jpg, C:\Users\ayubb\Pictures\IMG\right_2026_07_29_19_38_45_517.jpg, 0, 1, 0, 30.19041
C:\Users\ayubb\Pictures\IMG\center_2026_07_29_19_38_45_620.jpg, C:\Users\ayubb\Pictures\IMG\left_2026_07_29_19_38_45_620.jpg, C:\Users\ayubb\Pictures\IMG\right_2026_07_29_19_38_45_620.jpg, 0, 1, 0, 30.19028
C:\Users\ayubb\Pictures\IMG\center_2026_07_29_19_38_45_721.jpg, C:\Users\ayubb\Pictures\IMG\left_2026_07_29_19_38_45_721.jpg, C:\Users\ayubb\Pictures\IMG\right_2026_07_29_19_38_45_721.jpg, 0, 1, 0, 30.19047
C:\Users\ayubb\Pictures\IMG\center_2026_07_29_19_38_45_822.jpg, C:\Users\ayubb\Pictures\IMG\left_2026_07_29_19_38_45_822.jpg, C:\Users\ayubb\Pictures\IMG\right_2026_07_29_19_38_45_822.jpg, 0, 1, 0, 30.19055
C:\Users\ayubb\Pictures\IMG\center_2026_07_29_19_38_45_922.jpg, C:\Users\ayubb\Pictures\IMG\left_2026_07_29_19_38_45_922.jpg, C:\Users\ayubb\Pictures\IMG\right_2026_07_29_19_38_45_922.jpg, 0, 1, 0, 30.19061
C:\Users\ayubb\Pictures\IMG\center_2026_07_29_19_38_46_024.jpg, C:\Users\ayubb\Pictures\IMG\left_2026_07_29_19_38_46_024.jpg, C:\Users\ayubb\Pictures\IMG\right_2026_07_29_19_38_46_024.jpg, 0, 1, 0, 30.19061
C:\Users\ayubb\Pictures\IMG\center_2026_07_29_19_38_46_125.jpg, C:\Users\ayubb\Pictures\IMG\left_2026_07_29_19_38_46_125.jpg, C:\Users\ayubb\Pictures\IMG\right_2026_07_29_19_38_46_125.jpg, 0, 1, 0, 30.19061
C:\Users\ayubb\Pictures\IMG\center_2026_07_29_19_38_46_227.jpg, C:\Users\ayubb\Pictures\IMG\left_2026_07_29_19_38_46_227.jpg, C:\Users\ayubb\Pictures\IMG\right_2026_07_29_19_38_46_227.jpg, 0, 1, 0, 30.19061
C:\Users\ayubb\Pictures\IMG\center_2026_07_29_19_38_46_328.jpg, C:\Users\ayubb\Pictures\IMG\left_2026_07_29_19_38_46_328.jpg, C:\Users\ayubb\Pictures\IMG\right_2026_07_29_19_38_46_328.jpg, 0, 1, 0, 30.19062
C:\Users\ayubb\Pictures\IMG\center_2026_07_29_19_38_46_431.jpg, C:\Users\ayubb\Pictures\IMG\left_2026_07_29_19_38_46_431.jpg, C:\Users\ayubb\Pictures\IMG\right_2026_07_29_19_38_46_431.jpg, 0, 1, 0, 30.19061
C:\Users\ayubb\Pictures\IMG\center_2026_07_29_19_38_46_532.jpg, C:\Users\ayubb\Pictures\IMG\left_2026_07_29_19_38_46_532.jpg, C:\Users\ayubb\Pictures\IMG\right_2026_07_29_19_38_46_532.jpg, 0, 1, 0, 30.1906
C:\Users\ayubb\Pictures\IMG\center_2026_07_29_19_38_46_633.jpg, C:\Users\ayubb\Pictures\IMG\left_2026_07_29_19_38_46_633.jpg, C:\Users\ayubb\Pictures\IMG\right_2026_07_29_19_38_46_633.jpg, 0, 1, 0, 30.19062
C:\Users\ayubb\Pictures\IMG\center_2026_07_29_19_38_46_735.jpg, C:\Users\ayubb\Pictures\IMG\left_2026_07_29_19_38_46_735.jpg, C:\Users\ayubb\Pictures\IMG\right_2026_07_29_19_38_46_735.jpg, 0, 1, 0, 30.1906
C:\Users\ayubb\Pictures\IMG\center_2026_07_29_19_38_46_837.jpg, C:\Users\ayubb\Pictures\IMG\left_2026_07_29_19_38_46_837.jpg, C:\Users\ayubb\Pictures\IMG\right_2026_07_29_19_38_46_837.jpg, 0, 1, 0, 30.19062
C:\Users\ayubb\Pictures\IMG\center_2026_07_29_19_38_46_938.jpg, C:\Users\ayubb\Pictures\IMG\left_2026_07_29_19_38_46_938.jpg, C:\Users\ayubb\Pictures\IMG\right_2026_07_29_19_38_46_938.jpg, 0, 1, 0, 30.1906
C:\Users\ayubb\Pictures\IMG\center_2026_07_29_19_38_47_038.jpg, C:\Users\ayubb\Pictures\IMG\left_2026_07_29_19_38_47_038.jpg, C:\Users\ayubb\Pictures\IMG\right_2026_07_29_19_38_47_038.jpg, 0, 1, 0, 30.19061
C:\Users\ayubb\Pictures\IMG\center_2026_07_29_19_38_47_139.jpg, C:\Users\ayubb\Pictures\IMG\left_2026_07_29_19_38_47_139.jpg, C:\Users\ayubb\Pictures\IMG\right_2026_07_29_19_38_47_139.jpg, 0, 1, 0, 30.1906
C:\Users\ayubb\Pictures\IMG\center_2026_07_29_19_38_47_241.jpg, C:\Users\ayubb\Pictures\IMG\left_2026_07_29_19_38_47_241.jpg, C:\Users\ayubb\Pictures\IMG\right_2026_07_29_19_38_47_241.jpg, 0, 1, 0, 30.19062
C:\Users\ayubb\Pictures\IMG\center_2026_07_29_19_38_47_342.jpg, C:\Users\ayubb\Pictures\IMG\left_2026_07_29_19_38_47_342.jpg, C:\Users\ayubb\Pictures\IMG\right_2026_07_29_19_38_47_342.jpg, 0, 1, 0, 30.1906
C:\Users\ayubb\Pictures\IMG\center_2026_07_29_19_38_47_444.jpg, C:\Users\ayubb\Pictures\IMG\left_2026_07_29_19_38_47_444.jpg, C:\Users\ayubb\Pictures\IMG\right_2026_07_29_19_38_47_444.jpg, 0.0617271, 1, 0, 30.18974
C:\Users\ayubb\Pictures\IMG\center_2026_07_29_19_38_47_544.jpg, C:\Users\ayubb\Pictures\IMG\left_2026_07_29_19_38_47_544.jpg, C:\Users\ayubb\Pictures\IMG\right_2026_07_29_19_38_47_544.jpg, 0.02833711, 1, 0, 30.19072
C:\Users\ayubb\Pictures\IMG\center_2026_07_29_19_38_47_646.jpg, C:\Users\ayubb\Pictures\IMG\left_2026_07_29_19_38_47_646.jpg, C:\Users\ayubb\Pictures\IMG\right_2026_07_29_19_38_47_646.jpg, 0, 1, 0, 30.19053
C:\Users\ayubb\Pictures\IMG\center_2026_07_29_19_38_47_747.jpg, C:\Users\ayubb\Pictures\IMG\left_2026_07_29_19_38_47_747.jpg, C:\Users\ayubb\Pictures\IMG\right_2026_07_29_19_38_47_747.jpg, 0, 1, 0, 30.19061
C:\Users\ayubb\Pictures\IMG\center_2026_07_29_19_38_47_848.jpg, C:\Users\ayubb\Pictures\IMG\left_2026_07_29_19_38_47_848.jpg, C:\Users\ayubb\Pictures\IMG\right_2026_07_29_19_38_47_848.jpg, 0, 1, 0, 30.19063
C:\Users\ayubb\Pictures\IMG\center_2026_07_29_19_38_47_950.jpg, C:\Users\ayubb\Pictures\IMG\left_2026_07_29_19_38_47_950.jpg, C:\Users\ayubb\Pictures\IMG\right_2026_07_29_19_38_47_950.jpg, 0, 1, 0, 30.19066
C:\Users\ayubb\Pictures\IMG\center_2026_07_29_19_38_48_050.jpg, C:\Users\ayubb\Pictures\IMG\left_2026_07_29_19_38_48_050.jpg, C:\Users\ayubb\Pictures\IMG\right_2026_07_29_19_38_48_050.jpg, 0, 1, 0, 30.19064
C:\Users\ayubb\Pictures\IMG\center_2026_07_29_19_38_48_151.jpg, C:\Users\ayubb\Pictures\IMG\left_2026_07_29_19_38_48_151.jpg, C:\Users\ayubb\Pictures\IMG\right_2026_07_29_19_38_48_151.jpg, 0, 1, 0, 30.19065
C:\Users\ayubb\Pictures\IMG\center_2026_07_29_19_38_48_253.jpg, C:\Users\ayubb\Pictures\IMG\left_2026_07_29_19_38_48_253.jpg, C:\Users\ayubb\Pictures\IMG\right_2026_07_29_19_38_48_253.jpg, 0, 1, 0, 30.19064
C:\Users\ayubb\Pictures\IMG\center_2026_07_29_19_38_48_353.jpg, C:\Users\ayubb\Pictures\IMG\left_2026_07_29_19_38_48_353.jpg, C:\Users\ayubb\Pictures\IMG\right_2026_07_29_19_38_48_353.jpg, 0, 1, 0, 30.19065
C:\Users\ayubb\Pictures\IMG\center_2026_07_29_19_38_48_453.jpg, C:\Users\ayubb\Pictures\IMG\left_2026_07_29_19_38_48_453.jpg, C:\Users\ayubb\Pictures\IMG\right_2026_07_29_19_38_48_453.jpg, 0, 1, 0, 30.19064
C:\Users\ayubb\Pictures\IMG\center_2026_07_29_19_38_48_553.jpg, C:\Users\ayubb\Pictures\IMG\left_2026_07_29_19_38_48_553.jpg, C:\Users\ayubb\Pictures\IMG\right_2026_07_29_19_38_48_553.jpg, 0, 1, 0, 30.19064
C:\Users\ayubb\Pictures\IMG\center_2026_07_29_19_38_48_656.jpg, C:\Users\ayubb\Pictures\IMG\left_2026_07_29_19_38_48_656.jpg, C:\Users\ayubb\Pictures\IMG\right_2026_07_29_19_38_48_656.jpg, 0, 1, 0, 30.19064
C:\Users\ayubb\Pictures\IMG\center_2026_07_29_19_38_48_757.jpg, C:\Users\ayubb\Pictures\IMG\left_2026_07_29_19_38_48_757.jpg, C:\Users\ayubb\Pictures\IMG\right_2026_07_29_19_38_48_757.jpg, 0, 1, 0, 30.19067
C:\Users\ayubb\Pictures\IMG\center_2026_07_29_19_38_48_859.jpg, C:\Users\ayubb\Pictures\IMG\left_2026_07_29_19_38_48_859.jpg, C:\Users\ayubb\Pictures\IMG\right_2026_07_29_19_38_48_859.jpg, 0, 1, 0, 30.19065
C:\Users\ayubb\Pictures\IMG\center_2026_07_29_19_38_48_959.jpg, C:\Users\ayubb\Pictures\IMG\left_2026_07_29_19_38_48_959.jpg, C:\Users\ayubb\Pictures\IMG\right_2026_07_29_19_38_48_959.jpg, 0, 1, 0, 30.19065
C:\Users\ayubb\Pictures\IMG\center_2026_07_29_19_38_49_060.jpg, C:\Users\ayubb\Pictures\IMG\left_2026_07_29_19_38_49_060.jpg, C:\Users\ayubb\Pictures\IMG\right_2026_07_29_19_38_49_060.jpg, 0, 1, 0, 30.19064
C:\Users\ayubb\Pictures\IMG\center_2026_07_29_19_38_49_161.jpg, C:\Users\ayubb\Pictures\IMG\left_2026_07_29_19_38_49_161.jpg, C:\Users\ayubb\Pictures\IMG\right_2026_07_29_19_38_49_161.jpg, 0, 1, 0, 30.19065
C:\Users\ayubb\Pictures\IMG\center_2026_07_29_19_38_49_263.jpg, C:\Users\ayubb\Pictures\IMG\left_2026_07_29_19_38_49_263.jpg, C:\Users\ayubb\Pictures\IMG\right_2026_07_29_19_38_49_263.jpg, 0, 1, 0, 30.19065
C:\Users\ayubb\Pictures\IMG\center_2026_07_29_19_38_49_363.jpg, C:\Users\ayubb\Pictures\IMG\left_2026_07_29_19_38_49_363.jpg, C:\Users\ayubb\Pictures\IMG\right_2026_07_29_19_38_49_363.jpg, 0, 1, 0, 30.19066
C:\Users\ayubb\Pictures\IMG\center_2026_07_29_19_38_49_464.jpg, C:\Users\ayubb\Pictures\IMG\left_2026_07_29_19_38_49_464.jpg, C:\Users\ayubb\Pictures\IMG\right_2026_07_29_19_38_49_464.jpg, 0, 1, 0, 30.19067
C:\Users\ayubb\Pictures\IMG\center_2026_07_29_19_38_49_566.jpg, C:\Users\ayubb\Pictures\IMG\left_2026_07_29_19_38_49_566.jpg, C:\Users\ayubb\Pictures\IMG\right_2026_07_29_19_38_49_566.jpg, 0, 1, 0, 30.19066
C:\Users\ayubb\Pictures\IMG\center_2026_07_29_19_38_49_668.jpg, C:\Users\ayubb\Pictures\IMG\left_2026_07_29_19_38_49_668.jpg, C:\Users\ayubb\Pictures\IMG\right_2026_07_29_19_38_49_668.jpg, 0, 1, 0, 30.19065
C:\Users\ayubb\Pictures\IMG\center_2026_07_29_19_38_49_768.jpg, C:\Users\ayubb\Pictures\IMG\left_2026_07_29_19_38_49_768.jpg, C:\Users\ayubb\Pictures\IMG\right_2026_07_29_19_38_49_768.jpg, 0, 1, 0, 30.19066
C:\Users\ayubb\Pictures\IMG\center_2026_07_29_19_38_49_869.jpg, C:\Users\ayubb\Pictures\IMG\left_2026_07_29_19_38_49_869.jpg, C:\Users\ayubb\Pictures\IMG\right_2026_07_29_19_38_49_869.jpg, 0, 1, 0, 30.19066
C:\Users\ayubb\Pictures\IMG\center_2026_07_29_19_38_49_971.jpg, C:\Users\ayubb\Pictures\IMG\left_2026_07_29_19_38_49_971.jpg, C:\Users\ayubb\Pictures\IMG\right_2026_07_29_19_38_49_971.jpg, 0, 1, 0, 30.19063
C:\Users\ayubb\Pictures\IMG\center_2026_07_29_19_38_50_072.jpg, C:\Users\ayubb\Pictures\IMG\left_2026_07_29_19_38_50_072.jpg, C:\Users\ayubb\Pictures\IMG\right_2026_07_29_19_38_50_072.jpg, 0, 1, 0, 30.19066
C:\Users\ayubb\Pictures\IMG\center_2026_07_29_19_38_50_173.jpg, C:\Users\ayubb\Pictures\IMG\left_2026_07_29_19_38_50_173.jpg, C:\Users\ayubb\Pictures\IMG\right_2026_07_29_19_38_50_173.jpg, 0, 1, 0, 30.19064
C:\Users\ayubb\Pictures\IMG\center_2026_07_29_19_38_50_274.jpg, C:\Users\ayubb\Pictures\IMG\left_2026_07_29_19_38_50_274.jpg, C:\Users\ayubb\Pictures\IMG\right_2026_07_29_19_38_50_274.jpg, 0, 1, 0, 30.19063
C:\Users\ayubb\Pictures\IMG\center_2026_07_29_19_38_50_376.jpg, C:\Users\ayubb\Pictures\IMG\left_2026_07_29_19_38_50_376.jpg, C:\Users\ayubb\Pictures\IMG\right_2026_07_29_19_38_50_376.jpg, 0, 1, 0, 30.19066
C:\Users\ayubb\Pictures\IMG\center_2026_07_29_19_38_50_476.jpg, C:\Users\ayubb\Pictures\IMG\left_2026_07_29_19_38_50_476.jpg, C:\Users\ayubb\Pictures\IMG\right_2026_07_29_19_38_50_476.jpg, 0, 1, 0, 30.19065
C:\Users\ayubb\Pictures\IMG\center_2026_07_29_19_38_50_577.jpg, C:\Users\ayubb\Pictures\IMG\left_2026_07_29_19_38_50_577.jpg, C:\Users\ayubb\Pictures\IMG\right_2026_07_29_19_38_50_577.jpg, 0, 1, 0, 30.19063
C:\Users\ayubb\Pictures\IMG\center_2026_07_29_19_38_50_679.jpg, C:\Users\ayubb\Pictures\IMG\left_2026_07_29_19_38_50_679.jpg, C:\Users\ayubb\Pictures\IMG\right_2026_07_29_19_38_50_679.jpg, 0, 1, 0, 30.19067
C:\Users\ayubb\Pictures\IMG\center_2026_07_29_19_38_50_782.jpg, C:\Users\ayubb\Pictures\IMG\left_2026_07_29_19_38_50_782.jpg, C:\Users\ayubb\Pictures\IMG\right_2026_07_29_19_38_50_782.jpg, 0, 1, 0, 30.19065
C:\Users\ayubb\Pictures\IMG\center_2026_07_29_19_38_50_883.jpg, C:\Users\ayubb\Pictures\IMG\left_2026_07_29_19_38_50_883.jpg, C:\Users\ayubb\Pictures\IMG\right_2026_07_29_19_38_50_883.jpg, 0, 1, 0, 30.19065
C:\Users\ayubb\Pictures\IMG\center_2026_07_29_19_38_50_987.jpg, C:\Users\ayubb\Pictures\IMG\left_2026_07_29_19_38_50_987.jpg, C:\Users\ayubb\Pictures\IMG\right_2026_07_29_19_38_50_987.jpg, 0, 1, 0, 30.19065
C:\Users\ayubb\Pictures\IMG\center_2026_07_29_19_38_51_087.jpg, C:\Users\ayubb\Pictures\IMG\left_2026_07_29_19_38_51_087.jpg, C:\Users\ayubb\Pictures\IMG\right_2026_07_29_19_38_51_087.jpg, 0, 1, 0, 30.19066
C:\Users\ayubb\Pictures\IMG\center_2026_07_29_19_38_51_191.jpg, C:\Users\ayubb\Pictures\IMG\left_2026_07_29_19_38_51_191.jpg, C:\Users\ayubb\Pictures\IMG\right_2026_07_29_19_38_51_191.jpg, 0, 1, 0, 30.19066
C:\Users\ayubb\Pictures\IMG\center_2026_07_29_19_38_51_292.jpg, C:\Users\ayubb\Pictures\IMG\left_2026_07_29_19_38_51_292.jpg, C:\Users\ayubb\Pictures\IMG\right_2026_07_29_19_38_51_292.jpg, 0, 1, 0, 30.19065
C:\Users\ayubb\Pictures\IMG\center_2026_07_29_19_38_51_395.jpg, C:\Users\ayubb\Pictures\IMG\left_2026_07_29_19_38_51_395.jpg, C:\Users\ayubb\Pictures\IMG\right_2026_07_29_19_38_51_395.jpg, 0, 1, 0, 30.19067
C:\Users\ayubb\Pictures\IMG\center_2026_07_29_19_38_51_497.jpg, C:\Users\ayubb\Pictures\IMG\left_2026_07_29_19_38_51_497.jpg, C:\Users\ayubb\Pictures\IMG\right_2026_07_29_19_38_51_497.jpg, 0, 1, 0, 30.19068
C:\Users\ayubb\Pictures\IMG\center_2026_07_29_19_38_51_597.jpg, C:\Users\ayubb\Pictures\IMG\left_2026_07_29_19_38_51_597.jpg, C:\Users\ayubb\Pictures\IMG\right_2026_07_29_19_38_51_597.jpg, 0, 1, 0, 30.19065
C:\Users\ayubb\Pictures\IMG\center_2026_07_29_19_38_51_699.jpg, C:\Users\ayubb\Pictures\IMG\left_2026_07_29_19_38_51_699.jpg, C:\Users\ayubb\Pictures\IMG\right_2026_07_29_19_38_51_699.jpg, 0, 1, 0, 30.19066
C:\Users\ayubb\Pictures\IMG\center_2026_07_29_19_38_51_801.jpg, C:\Users\ayubb\Pictures\IMG\left_2026_07_29_19_38_51_801.jpg, C:\Users\ayubb\Pictures\IMG\right_2026_07_29_19_38_51_801.jpg, 0, 1, 0, 30.19066
C:\Users\ayubb\Pictures\IMG\center_2026_07_29_19_38_51_903.jpg, C:\Users\ayubb\Pictures\IMG\left_2026_07_29_19_38_51_903.jpg, C:\Users\ayubb\Pictures\IMG\right_2026_07_29_19_38_51_903.jpg, 0, 1, 0, 30.19065
C:\Users\ayubb\Pictures\IMG\center_2026_07_29_19_38_52_004.jpg, C:\Users\ayubb\Pictures\IMG\left_2026_07_29_19_38_52_004.jpg, C:\Users\ayubb\Pictures\IMG\right_2026_07_29_19_38_52_004.jpg, 0, 1, 0, 30.19065
C:\Users\ayubb\Pictures\IMG\center_2026_07_29_19_38_52_104.jpg, C:\Users\ayubb\Pictures\IMG\left_2026_07_29_19_38_52_104.jpg, C:\Users\ayubb\Pictures\IMG\right_2026_07_29_19_38_52_104.jpg, 0, 1, 0, 30.19065
C:\Users\ayubb\Pictures\IMG\center_2026_07_29_19_38_52_206.jpg, C:\Users\ayubb\Pictures\IMG\left_2026_07_29_19_38_52_206.jpg, C:\Users\ayubb\Pictures\IMG\right_2026_07_29_19_38_52_206.jpg, 0, 1, 0, 30.19066
C:\Users\ayubb\Pictures\IMG\center_2026_07_29_19_38_52_308.jpg, C:\Users\ayubb\Pictures\IMG\left_2026_07_29_19_38_52_308.jpg, C:\Users\ayubb\Pictures\IMG\right_2026_07_29_19_38_52_308.jpg, 0, 1, 0, 30.19065
C:\Users\ayubb\Pictures\IMG\center_2026_07_29_19_38_52_409.jpg, C:\Users\ayubb\Pictures\IMG\left_2026_07_29_19_38_52_409.jpg, C:\Users\ayubb\Pictures\IMG\right_2026_07_29_19_38_52_409.jpg, 0, 1, 0, 30.19063
C:\Users\ayubb\Pictures\IMG\center_2026_07_29_19_38_52_511.jpg, C:\Users\ayubb\Pictures\IMG\left_2026_07_29_19_38_52_511.jpg, C:\Users\ayubb\Pictures\IMG\right_2026_07_29_19_38_52_511.jpg, 0, 1, 0, 30.19065
C:\Users\ayubb\Pictures\IMG\center_2026_07_29_19_38_52_612.jpg, C:\Users\ayubb\Pictures\IMG\left_2026_07_29_19_38_52_612.jpg, C:\Users\ayubb\Pictures\IMG\right_2026_07_29_19_38_52_612.jpg, 0, 1, 0, 30.19066
C:\Users\ayubb\Pictures\IMG\center_2026_07_29_19_38_52_713.jpg, C:\Users\ayubb\Pictures\IMG\left_2026_07_29_19_38_52_713.jpg, C:\Users\ayubb\Pictures\IMG\right_2026_07_29_19_38_52_713.jpg, 0, 1, 0, 30.19067
C:\Users\ayubb\Pictures\IMG\center_2026_07_29_19_38_52_816.jpg, C:\Users\ayubb\Pictures\IMG\left_2026_07_29_19_38_52_816.jpg, C:\Users\ayubb\Pictures\IMG\right_2026_07_29_19_38_52_816.jpg, 0, 1, 0, 30.19063
C:\Users\ayubb\Pictures\IMG\center_2026_07_29_19_38_52_918.jpg, C:\Users\ayubb\Pictures\IMG\left_2026_07_29_19_38_52_918.jpg, C:\Users\ayubb\Pictures\IMG\right_2026_07_29_19_38_52_918.jpg, 0, 1, 0, 30.19064
C:\Users\ayubb\Pictures\IMG\center_2026_07_29_19_38_53_020.jpg, C:\Users\ayubb\Pictures\IMG\left_2026_07_29_19_38_53_020.jpg, C:\Users\ayubb\Pictures\IMG\right_2026_07_29_19_38_53_020.jpg, 0, 1, 0, 30.19064
C:\Users\ayubb\Pictures\IMG\center_2026_07_29_19_38_53_120.jpg, C:\Users\ayubb\Pictures\IMG\left_2026_07_29_19_38_53_120.jpg, C:\Users\ayubb\Pictures\IMG\right_2026_07_29_19_38_53_120.jpg, 0, 1, 0, 30.15683
C:\Users\ayubb\Pictures\IMG\center_2026_07_29_19_38_53_221.jpg, C:\Users\ayubb\Pictures\IMG\left_2026_07_29_19_38_53_221.jpg, C:\Users\ayubb\Pictures\IMG\right_2026_07_29_19_38_53_221.jpg, 0, 1, 0, 30.19471
C:\Users\ayubb\Pictures\IMG\center_2026_07_29_19_38_53_325.jpg, C:\Users\ayubb\Pictures\IMG\left_2026_07_29_19_38_53_325.jpg, C:\Users\ayubb\Pictures\IMG\right_2026_07_29_19_38_53_325.jpg, 0, 1, 0, 30.0439
C:\Users\ayubb\Pictures\IMG\center_2026_07_29_19_38_53_429.jpg, C:\Users\ayubb\Pictures\IMG\left_2026_07_29_19_38_53_429.jpg, C:\Users\ayubb\Pictures\IMG\right_2026_07_29_19_38_53_429.jpg, 0.0832629, 1, 0, 30.19863
C:\Users\ayubb\Pictures\IMG\center_2026_07_29_19_38_53_529.jpg, C:\Users\ayubb\Pictures\IMG\left_2026_07_29_19_38_53_529.jpg, C:\Users\ayubb\Pictures\IMG\right_2026_07_29_19_38_53_529.jpg, 0.2499073, 1, 0, 30.17719
C:\Users\ayubb\Pictures\IMG\center_2026_07_29_19_38_53_630.jpg, C:\Users\ayubb\Pictures\IMG\left_2026_07_29_19_38_53_630.jpg, C:\Users\ayubb\Pictures\IMG\right_2026_07_29_19_38_53_630.jpg, 0, 1, 0, 30.18847
C:\Users\ayubb\Pictures\IMG\center_2026_07_29_19_38_53_732.jpg, C:\Users\ayubb\Pictures\IMG\left_2026_07_29_19_38_53_732.jpg, C:\Users\ayubb\Pictures\IMG\right_2026_07_29_19_38_53_732.jpg, 0, 1, 0, 30.18994
C:\Users\ayubb\Pictures\IMG\center_2026_07_29_19_38_53_833.jpg, C:\Users\ayubb\Pictures\IMG\left_2026_07_29_19_38_53_833.jpg, C:\Users\ayubb\Pictures\IMG\right_2026_07_29_19_38_53_833.jpg, 0, 1, 0, 30.19043
C:\Users\ayubb\Pictures\IMG\center_2026_07_29_19_38_53_934.jpg, C:\Users\ayubb\Pictures\IMG\left_2026_07_29_19_38_53_934.jpg, C:\Users\ayubb\Pictures\IMG\right_2026_07_29_19_38_53_934.jpg, 0, 1, 0, 30.19007
C:\Users\ayubb\Pictures\IMG\center_2026_07_29_19_38_54_035.jpg, C:\Users\ayubb\Pictures\IMG\left_2026_07_29_19_38_54_035.jpg, C:\Users\ayubb\Pictures\IMG\right_2026_07_29_19_38_54_035.jpg, 0.2507883, 1, 0, 30.17486
C:\Users\ayubb\Pictures\IMG\center_2026_07_29_19_38_54_137.jpg, C:\Users\ayubb\Pictures\IMG\left_2026_07_29_19_38_54_137.jpg, C:\Users\ayubb\Pictures\IMG\right_2026_07_29_19_38_54_137.jpg, 0, 1, 0, 30.18912
C:\Users\ayubb\Pictures\IMG\center_2026_07_29_19_38_54_238.jpg, C:\Users\ayubb\Pictures\IMG\left_2026_07_29_19_38_54_238.jpg, C:\Users\ayubb\Pictures\IMG\right_2026_07_29_19_38_54_238.jpg, 0, 1, 0, 30.19023
C:\Users\ayubb\Pictures\IMG\center_2026_07_29_19_38_54_338.jpg, C:\Users\ayubb\Pictures\IMG\left_2026_07_29_19_38_54_338.jpg, C:\Users\ayubb\Pictures\IMG\right_2026_07_29_19_38_54_338.jpg, 0, 1, 0, 30.19037
C:\Users\ayubb\Pictures\IMG\center_2026_07_29_19_38_54_440.jpg, C:\Users\ayubb\Pictures\IMG\left_2026_07_29_19_38_54_440.jpg, C:\Users\ayubb\Pictures\IMG\right_2026_07_29_19_38_54_440.jpg, 0, 1, 0, 30.19038
C:\Users\ayubb\Pictures\IMG\center_2026_07_29_19_38_54_543.jpg, C:\Users\ayubb\Pictures\IMG\left_2026_07_29_19_38_54_543.jpg, C:\Users\ayubb\Pictures\IMG\right_2026_07_29_19_38_54_543.jpg, 0, 1, 0, 30.19052
C:\Users\ayubb\Pictures\IMG\center_2026_07_29_19_38_54_645.jpg, C:\Users\ayubb\Pictures\IMG\left_2026_07_29_19_38_54_645.jpg, C:\Users\ayubb\Pictures\IMG\right_2026_07_29_19_38_54_645.jpg, 0, 1, 0, 30.19014
C:\Users\ayubb\Pictures\IMG\center_2026_07_29_19_38_54_747.jpg, C:\Users\ayubb\Pictures\IMG\left_2026_07_29_19_38_54_747.jpg, C:\Users\ayubb\Pictures\IMG\right_2026_07_29_19_38_54_747.jpg, 0, 1, 0, 30.19024
C:\Users\ayubb\Pictures\IMG\center_2026_07_29_19_38_54_848.jpg, C:\Users\ayubb\Pictures\IMG\left_2026_07_29_19_38_54_848.jpg, C:\Users\ayubb\Pictures\IMG\right_2026_07_29_19_38_54_848.jpg, 0, 1, 0, 30.19015
C:\Users\ayubb\Pictures\IMG\center_2026_07_29_19_38_54_949.jpg, C:\Users\ayubb\Pictures\IMG\left_2026_07_29_19_38_54_949.jpg, C:\Users\ayubb\Pictures\IMG\right_2026_07_29_19_38_54_949.jpg, 0, 1, 0, 30.19055
C:\Users\ayubb\Pictures\IMG\center_2026_07_29_19_38_55_051.jpg, C:\Users\ayubb\Pictures\IMG\left_2026_07_29_19_38_55_051.jpg, C:\Users\ayubb\Pictures\IMG\right_2026_07_29_19_38_55_051.jpg, 0, 1, 0, 30.19028
C:\Users\ayubb\Pictures\IMG\center_2026_07_29_19_38_55_152.jpg, C:\Users\ayubb\Pictures\IMG\left_2026_07_29_19_38_55_152.jpg, C:\Users\ayubb\Pictures\IMG\right_2026_07_29_19_38_55_152.jpg, 0, 1, 0, 30.19031
C:\Users\ayubb\Pictures\IMG\center_2026_07_29_19_38_55_253.jpg, C:\Users\ayubb\Pictures\IMG\left_2026_07_29_19_38_55_253.jpg, C:\Users\ayubb\Pictures\IMG\right_2026_07_29_19_38_55_253.jpg, 0, 1, 0, 30.19028
C:\Users\ayubb\Pictures\IMG\center_2026_07_29_19_38_55_356.jpg, C:\Users\ayubb\Pictures\IMG\left_2026_07_29_19_38_55_356.jpg, C:\Users\ayubb\Pictures\IMG\right_2026_07_29_19_38_55_356.jpg, 0, 1, 0, 30.19028
C:\Users\ayubb\Pictures\IMG\center_2026_07_29_19_38_55_456.jpg, C:\Users\ayubb\Pictures\IMG\left_2026_07_29_19_38_55_456.jpg, C:\Users\ayubb\Pictures\IMG\right_2026_07_29_19_38_55_456.jpg, 0, 1, 0, 30.19029
C:\Users\ayubb\Pictures\IMG\center_2026_07_29_19_38_55_557.jpg, C:\Users\ayubb\Pictures\IMG\left_2026_07_29_19_38_55_557.jpg, C:\Users\ayubb\Pictures\IMG\right_2026_07_29_19_38_55_557.jpg, 0.0727569, 1, 0, 30.18901
C:\Users\ayubb\Pictures\IMG\center_2026_07_29_19_38_55_657.jpg, C:\Users\ayubb\Pictures\IMG\left_2026_07_29_19_38_55_657.jpg, C:\Users\ayubb\Pictures\IMG\right_2026_07_29_19_38_55_657.jpg, 0, 1, 0, 30.19028
C:\Users\ayubb\Pictures\IMG\center_2026_07_29_19_38_55_759.jpg, C:\Users\ayubb\Pictures\IMG\left_2026_07_29_19_38_55_759.jpg, C:\Users\ayubb\Pictures\IMG\right_2026_07_29_19_38_55_759.jpg, 0, 1, 0, 30.1901
C:\Users\ayubb\Pictures\IMG\center_2026_07_29_19_38_55_860.jpg, C:\Users\ayubb\Pictures\IMG\left_2026_07_29_19_38_55_860.jpg, C:\Users\ayubb\Pictures\IMG\right_2026_07_29_19_38_55_860.jpg, 0.1447908, 1, 0, 30.18489
C:\Users\ayubb\Pictures\IMG\center_2026_07_29_19_38_55_961.jpg, C:\Users\ayubb\Pictures\IMG\left_2026_07_29_19_38_55_961.jpg, C:\Users\ayubb\Pictures\IMG\right_2026_07_29_19_38_55_961.jpg, 0.09838052, 1, 0, 30.19043
C:\Users\ayubb\Pictures\IMG\center_2026_07_29_19_38_56_062.jpg, C:\Users\ayubb\Pictures\IMG\left_2026_07_29_19_38_56_062.jpg, C:\Users\ayubb\Pictures\IMG\right_2026_07_29_19_38_56_062.jpg, 0, 1, 0, 30.18983
C:\Users\ayubb\Pictures\IMG\center_2026_07_29_19_38_56_163.jpg, C:\Users\ayubb\Pictures\IMG\left_2026_07_29_19_38_56_163.jpg, C:\Users\ayubb\Pictures\IMG\right_2026_07_29_19_38_56_163.jpg, 0.1223448, 1, 0, 30.18854
C:\Users\ayubb\Pictures\IMG\center_2026_07_29_19_38_56_266.jpg, C:\Users\ayubb\Pictures\IMG\left_2026_07_29_19_38_56_266.jpg, C:\Users\ayubb\Pictures\IMG\right_2026_07_29_19_38_56_266.jpg, 0, 1, 0, 30.18994
C:\Users\ayubb\Pictures\IMG\center_2026_07_29_19_38_56_366.jpg, C:\Users\ayubb\Pictures\IMG\left_2026_07_29_19_38_56_366.jpg, C:\Users\ayubb\Pictures\IMG\right_2026_07_29_19_38_56_366.jpg, 0.1580607, 1, 0, 30.18516
C:\Users\ayubb\Pictures\IMG\center_2026_07_29_19_38_56_469.jpg, C:\Users\ayubb\Pictures\IMG\left_2026_07_29_19_38_56_469.jpg, C:\Users\ayubb\Pictures\IMG\right_2026_07_29_19_38_56_469.jpg, 0.03054119, 1, 0, 30.19073
C:\Users\ayubb\Pictures\IMG\center_2026_07_29_19_38_56_572.jpg, C:\Users\ayubb\Pictures\IMG\left_2026_07_29_19_38_56_572.jpg, C:\Users\ayubb\Pictures\IMG\right_2026_07_29_19_38_56_572.jpg, 0, 1, 0, 30.19014
C:\Users\ayubb\Pictures\IMG\center_2026_07_29_19_38_56_673.jpg, C:\Users\ayubb\Pictures\IMG\left_2026_07_29_19_38_56_673.jpg, C:\Users\ayubb\Pictures\IMG\right_2026_07_29_19_38_56_673.jpg, 0, 1, 0, 30.1903
C:\Users\ayubb\Pictures\IMG\center_2026_07_29_19_38_56_774.jpg, C:\Users\ayubb\Pictures\IMG\left_2026_07_29_19_38_56_774.jpg, C:\Users\ayubb\Pictures\IMG\right_2026_07_29_19_38_56_774.jpg, 0, 1, 0, 30.19027
C:\Users\ayubb\Pictures\IMG\center_2026_07_29_19_38_56_875.jpg, C:\Users\ayubb\Pictures\IMG\left_2026_07_29_19_38_56_875.jpg, C:\Users\ayubb\Pictures\IMG\right_2026_07_29_19_38_56_875.jpg, 0, 1, 0, 30.19031
C:\Users\ayubb\Pictures\IMG\center_2026_07_29_19_38_56_975.jpg, C:\Users\ayubb\Pictures\IMG\left_2026_07_29_19_38_56_975.jpg, C:\Users\ayubb\Pictures\IMG\right_2026_07_29_19_38_56_975.jpg, 0, 1, 0, 30.19031
C:\Users\ayubb\Pictures\IMG\center_2026_07_29_19_38_57_076.jpg, C:\Users\ayubb\Pictures\IMG\left_2026_07_29_19_38_57_076.jpg, C:\Users\ayubb\Pictures\IMG\right_2026_07_29_19_38_57_076.jpg, 0, 1, 0, 30.1903
C:\Users\ayubb\Pictures\IMG\center_2026_07_29_19_38_57_178.jpg, C:\Users\ayubb\Pictures\IMG\left_2026_07_29_19_38_57_178.jpg, C:\Users\ayubb\Pictures\IMG\right_2026_07_29_19_38_57_178.jpg, 0, 1, 0, 30.19027
C:\Users\ayubb\Pictures\IMG\center_2026_07_29_19_38_57_279.jpg, C:\Users\ayubb\Pictures\IMG\left_2026_07_29_19_38_57_279.jpg, C:\Users\ayubb\Pictures\IMG\right_2026_07_29_19_38_57_279.jpg, 0, 1, 0, 30.19042
C:\Users\ayubb\Pictures\IMG\center_2026_07_29_19_38_57_380.jpg, C:\Users\ayubb\Pictures\IMG\left_2026_07_29_19_38_57_380.jpg, C:\Users\ayubb\Pictures\IMG\right_2026_07_29_19_38_57_380.jpg, 0, 1, 0, 30.19031
C:\Users\ayubb\Pictures\IMG\center_2026_07_29_19_38_57_481.jpg, C:\Users\ayubb\Pictures\IMG\left_2026_07_29_19_38_57_481.jpg, C:\Users\ayubb\Pictures\IMG\right_2026_07_29_19_38_57_481.jpg, 0, 1, 0, 30.19021
C:\Users\ayubb\Pictures\IMG\center_2026_07_29_19_38_57_583.jpg, C:\Users\ayubb\Pictures\IMG\left_2026_07_29_19_38_57_583.jpg, C:\Users\ayubb\Pictures\IMG\right_2026_07_29_19_38_57_583.jpg, 0, 1, 0, 30.19031
C:\Users\ayubb\Pictures\IMG\center_2026_07_29_19_38_57_682.jpg, C:\Users\ayubb\Pictures\IMG\left_2026_07_29_19_38_57_682.jpg, C:\Users\ayubb\Pictures\IMG\right_2026_07_29_19_38_57_682.jpg, 0, 1, 0, 30.19028
C:\Users\ayubb\Pictures\IMG\center_2026_07_29_19_38_57_784.jpg, C:\Users\ayubb\Pictures\IMG\left_2026_07_29_19_38_57_784.jpg, C:\Users\ayubb\Pictures\IMG\right_2026_07_29_19_38_57_784.jpg, 0.01266511, 1, 0, 30.19047
C:\Users\ayubb\Pictures\IMG\center_2026_07_29_19_38_57_885.jpg, C:\Users\ayubb\Pictures\IMG\left_2026_07_29_19_38_57_885.jpg, C:\Users\ayubb\Pictures\IMG\right_2026_07_29_19_38_57_885.jpg, 0, 1, 0, 30.19028
C:\Users\ayubb\Pictures\IMG\center_2026_07_29_19_38_57_986.jpg, C:\Users\ayubb\Pictures\IMG\left_2026_07_29_19_38_57_986.jpg, C:\Users\ayubb\Pictures\IMG\right_2026_07_29_19_38_57_986.jpg, 0, 1, 0, 30.1903
C:\Users\ayubb\Pictures\IMG\center_2026_07_29_19_38_58_087.jpg, C:\Users\ayubb\Pictures\IMG\left_2026_07_29_19_38_58_087.jpg, C:\Users\ayubb\Pictures\IMG\right_2026_07_29_19_38_58_087.jpg, 0, 1, 0, 30.1906
C:\Users\ayubb\Pictures\IMG\center_2026_07_29_19_38_58_188.jpg, C:\Users\ayubb\Pictures\IMG\left_2026_07_29_19_38_58_188.jpg, C:\Users\ayubb\Pictures\IMG\right_2026_07_29_19_38_58_188.jpg, 0.2259195, 1, 0, 30.17725
C:\Users\ayubb\Pictures\IMG\center_2026_07_29_19_38_58_288.jpg, C:\Users\ayubb\Pictures\IMG\left_2026_07_29_19_38_58_288.jpg, C:\Users\ayubb\Pictures\IMG\right_2026_07_29_19_38_58_288.jpg, 0, 1, 0, 30.18928
C:\Users\ayubb\Pictures\IMG\center_2026_07_29_19_38_58_388.jpg, C:\Users\ayubb\Pictures\IMG\left_2026_07_29_19_38_58_388.jpg, C:\Users\ayubb\Pictures\IMG\right_2026_07_29_19_38_58_388.jpg, 0, 1, 0, 30.19022
C:\Users\ayubb\Pictures\IMG\center_2026_07_29_19_38_58_489.jpg, C:\Users\ayubb\Pictures\IMG\left_2026_07_29_19_38_58_489.jpg, C:\Users\ayubb\Pictures\IMG\right_2026_07_29_19_38_58_489.jpg, 0, 1, 0, 30.19029
C:\Users\ayubb\Pictures\IMG\center_2026_07_29_19_38_58_591.jpg, C:\Users\ayubb\Pictures\IMG\left_2026_07_29_19_38_58_591.jpg, C:\Users\ayubb\Pictures\IMG\right_2026_07_29_19_38_58_591.jpg, 0, 1, 0, 30.19032
C:\Users\ayubb\Pictures\IMG\center_2026_07_29_19_38_58_694.jpg, C:\Users\ayubb\Pictures\IMG\left_2026_07_29_19_38_58_694.jpg, C:\Users\ayubb\Pictures\IMG\right_2026_07_29_19_38_58_694.jpg, 0, 1, 0, 30.19031
C:\Users\ayubb\Pictures\IMG\center_2026_07_29_19_38_58_795.jpg, C:\Users\ayubb\Pictures\IMG\left_2026_07_29_19_38_58_795.jpg, C:\Users\ayubb\Pictures\IMG\right_2026_07_29_19_38_58_795.jpg, 0.0684585, 1, 0, 30.18921
C:\Users\ayubb\Pictures\IMG\center_2026_07_29_19_38_58_897.jpg, C:\Users\ayubb\Pictures\IMG\left_2026_07_29_19_38_58_897.jpg, C:\Users\ayubb\Pictures\IMG\right_2026_07_29_19_38_58_897.jpg, 0, 1, 0, 30.19012
C:\Users\ayubb\Pictures\IMG\center_2026_07_29_19_38_58_998.jpg, C:\Users\ayubb\Pictures\IMG\left_2026_07_29_19_38_58_998.jpg, C:\Users\ayubb\Pictures\IMG\right_2026_07_29_19_38_58_998.jpg, 0, 1, 0, 30.1902
C:\Users\ayubb\Pictures\IMG\center_2026_07_29_19_38_59_099.jpg, C:\Users\ayubb\Pictures\IMG\left_2026_07_29_19_38_59_099.jpg, C:\Users\ayubb\Pictures\IMG\right_2026_07_29_19_38_59_099.jpg, 0.2256837, 1, 0, 30.17805
C:\Users\ayubb\Pictures\IMG\center_2026_07_29_19_38_59_200.jpg, C:\Users\ayubb\Pictures\IMG\left_2026_07_29_19_38_59_200.jpg, C:\Users\ayubb\Pictures\IMG\right_2026_07_29_19_38_59_200.jpg, 0, 1, 0, 30.18951
C:\Users\ayubb\Pictures\IMG\center_2026_07_29_19_38_59_300.jpg, C:\Users\ayubb\Pictures\IMG\left_2026_07_29_19_38_59_300.jpg, C:\Users\ayubb\Pictures\IMG\right_2026_07_29_19_38_59_300.jpg, 0, 1, 0, 30.19023
C:\Users\ayubb\Pictures\IMG\center_2026_07_29_19_38_59_403.jpg, C:\Users\ayubb\Pictures\IMG\left_2026_07_29_19_38_59_403.jpg, C:\Users\ayubb\Pictures\IMG\right_2026_07_29_19_38_59_403.jpg, 0.2213286, 1, 0, 30.17889
C:\Users\ayubb\Pictures\IMG\center_2026_07_29_19_38_59_508.jpg, C:\Users\ayubb\Pictures\IMG\left_2026_07_29_19_38_59_508.jpg, C:\Users\ayubb\Pictures\IMG\right_2026_07_29_19_38_59_508.jpg, 0, 1, 0, 30.18958
C:\Users\ayubb\Pictures\IMG\center_2026_07_29_19_38_59_607.jpg, C:\Users\ayubb\Pictures\IMG\left_2026_07_29_19_38_59_607.jpg, C:\Users\ayubb\Pictures\IMG\right_2026_07_29_19_38_59_607.jpg, 0, 1, 0, 30.19059
C:\Users\ayubb\Pictures\IMG\center_2026_07_29_19_38_59_709.jpg, C:\Users\ayubb\Pictures\IMG\left_2026_07_29_19_38_59_709.jpg, C:\Users\ayubb\Pictures\IMG\right_2026_07_29_19_38_59_709.jpg, 0.1513617, 1, 0, 30.18522
C:\Users\ayubb\Pictures\IMG\center_2026_07_29_19_38_59_810.jpg, C:\Users\ayubb\Pictures\IMG\left_2026_07_29_19_38_59_810.jpg, C:\Users\ayubb\Pictures\IMG\right_2026_07_29_19_38_59_810.jpg, 0, 1, 0, 30.18974
C:\Users\ayubb\Pictures\IMG\center_2026_07_29_19_38_59_912.jpg, C:\Users\ayubb\Pictures\IMG\left_2026_07_29_19_38_59_912.jpg, C:\Users\ayubb\Pictures\IMG\right_2026_07_29_19_38_59_912.jpg, 0.0324504, 1, 0, 30.19021
C:\Users\ayubb\Pictures\IMG\center_2026_07_29_19_39_00_015.jpg, C:\Users\ayubb\Pictures\IMG\left_2026_07_29_19_39_00_015.jpg, C:\Users\ayubb\Pictures\IMG\right_2026_07_29_19_39_00_015.jpg, 0.1717755, 1, 0, 30.18489
C:\Users\ayubb\Pictures\IMG\center_2026_07_29_19_39_00_118.jpg, C:\Users\ayubb\Pictures\IMG\left_2026_07_29_19_39_00_118.jpg, C:\Users\ayubb\Pictures\IMG\right_2026_07_29_19_39_00_118.jpg, 0, 1, 0, 30.18999
C:\Users\ayubb\Pictures\IMG\center_2026_07_29_19_39_00_220.jpg, C:\Users\ayubb\Pictures\IMG\left_2026_07_29_19_39_00_220.jpg, C:\Users\ayubb\Pictures\IMG\right_2026_07_29_19_39_00_220.jpg, 0, 1, 0, 30.19028
C:\Users\ayubb\Pictures\IMG\center_2026_07_29_19_39_00_322.jpg, C:\Users\ayubb\Pictures\IMG\left_2026_07_29_19_39_00_322.jpg, C:\Users\ayubb\Pictures\IMG\right_2026_07_29_19_39_00_322.jpg, 0, 1, 0, 30.19088
C:\Users\ayubb\Pictures\IMG\center_2026_07_29_19_39_00_422.jpg, C:\Users\ayubb\Pictures\IMG\left_2026_07_29_19_39_00_422.jpg, C:\Users\ayubb\Pictures\IMG\right_2026_07_29_19_39_00_422.jpg, 0, 1, 0, 30.1903
C:\Users\ayubb\Pictures\IMG\center_2026_07_29_19_39_00_523.jpg, C:\Users\ayubb\Pictures\IMG\left_2026_07_29_19_39_00_523.jpg, C:\Users\ayubb\Pictures\IMG\right_2026_07_29_19_39_00_523.jpg, 0.2912262, 1, 0, 30.16877
C:\Users\ayubb\Pictures\IMG\center_2026_07_29_19_39_00_626.jpg, C:\Users\ayubb\Pictures\IMG\left_2026_07_29_19_39_00_626.jpg, C:\Users\ayubb\Pictures\IMG\right_2026_07_29_19_39_00_626.jpg, 0.2385715, 1, 0, 30.18681
C:\Users\ayubb\Pictures\IMG\center_2026_07_29_19_39_00_727.jpg, C:\Users\ayubb\Pictures\IMG\left_2026_07_29_19_39_00_727.jpg, C:\Users\ayubb\Pictures\IMG\right_2026_07_29_19_39_00_727.jpg, 0, 1, 0, 30.1875
C:\Users\ayubb\Pictures\IMG\center_2026_07_29_19_39_00_829.jpg, C:\Users\ayubb\Pictures\IMG\left_2026_07_29_19_39_00_829.jpg, C:\Users\ayubb\Pictures\IMG\right_2026_07_29_19_39_00_829.jpg, 0.166056, 1, 0, 30.18711
C:\Users\ayubb\Pictures\IMG\center_2026_07_29_19_39_00_931.jpg, C:\Users\ayubb\Pictures\IMG\left_2026_07_29_19_39_00_931.jpg, C:\Users\ayubb\Pictures\IMG\right_2026_07_29_19_39_00_931.jpg, 0.06873062, 1, 0, 30.19125
C:\Users\ayubb\Pictures\IMG\center_2026_07_29_19_39_01_032.jpg, C:\Users\ayubb\Pictures\IMG\left_2026_07_29_19_39_01_032.jpg, C:\Users\ayubb\Pictures\IMG\right_2026_07_29_19_39_01_032.jpg, 0, 1, 0, 30.19038
C:\Users\ayubb\Pictures\IMG\center_2026_07_29_19_39_01_134.jpg, C:\Users\ayubb\Pictures\IMG\left_2026_07_29_19_39_01_134.jpg, C:\Users\ayubb\Pictures\IMG\right_2026_07_29_19_39_01_134.jpg, 0.1254, 1, 0, 30.18712
C:\Users\ayubb\Pictures\IMG\center_2026_07_29_19_39_01_238.jpg, C:\Users\ayubb\Pictures\IMG\left_2026_07_29_19_39_01_238.jpg, C:\Users\ayubb\Pictures\IMG\right_2026_07_29_19_39_01_238.jpg, 0, 1, 0, 30.19014
C:\Users\ayubb\Pictures\IMG\center_2026_07_29_19_39_01_338.jpg, C:\Users\ayubb\Pictures\IMG\left_2026_07_29_19_39_01_338.jpg, C:\Users\ayubb\Pictures\IMG\right_2026_07_29_19_39_01_338.jpg, 0.2209122, 1, 0, 30.17901
C:\Users\ayubb\Pictures\IMG\center_2026_07_29_19_39_01_441.jpg, C:\Users\ayubb\Pictures\IMG\left_2026_07_29_19_39_01_441.jpg, C:\Users\ayubb\Pictures\IMG\right_2026_07_29_19_39_01_441.jpg, 0, 1, 0, 30.18965
C:\Users\ayubb\Pictures\IMG\center_2026_07_29_19_39_01_545.jpg, C:\Users\ayubb\Pictures\IMG\left_2026_07_29_19_39_01_545.jpg, C:\Users\ayubb\Pictures\IMG\right_2026_07_29_19_39_01_545.jpg, 0.0234297, 1, 0, 30.19028
C:\Users\ayubb\Pictures\IMG\center_2026_07_29_19_39_01_646.jpg, C:\Users\ayubb\Pictures\IMG\left_2026_07_29_19_39_01_646.jpg, C:\Users\ayubb\Pictures\IMG\right_2026_07_29_19_39_01_646.jpg, 0.0118479, 1, 0, 30.19058
C:\Users\ayubb\Pictures\IMG\center_2026_07_29_19_39_01_749.jpg, C:\Users\ayubb\Pictures\IMG\left_2026_07_29_19_39_01_749.jpg, C:\Users\ayubb\Pictures\IMG\right_2026_07_29_19_39_01_749.jpg, 0, 1, 0, 30.19019
C:\Users\ayubb\Pictures\IMG\center_2026_07_29_19_39_01_850.jpg, C:\Users\ayubb\Pictures\IMG\left_2026_07_29_19_39_01_850.jpg, C:\Users\ayubb\Pictures\IMG\right_2026_07_29_19_39_01_850.jpg, 0.2269899, 1, 0, 30.17787
C:\Users\ayubb\Pictures\IMG\center_2026_07_29_19_39_01_954.jpg, C:\Users\ayubb\Pictures\IMG\left_2026_07_29_19_39_01_954.jpg, C:\Users\ayubb\Pictures\IMG\right_2026_07_29_19_39_01_954.jpg, 0, 1, 0, 30.18961
C:\Users\ayubb\Pictures\IMG\center_2026_07_29_19_39_02_055.jpg, C:\Users\ayubb\Pictures\IMG\left_2026_07_29_19_39_02_055.jpg, C:\Users\ayubb\Pictures\IMG\right_2026_07_29_19_39_02_055.jpg, 0.1411794, 1, 0, 30.18676
C:\Users\ayubb\Pictures\IMG\center_2026_07_29_19_39_02_156.jpg, C:\Users\ayubb\Pictures\IMG\left_2026_07_29_19_39_02_156.jpg, C:\Users\ayubb\Pictures\IMG\right_2026_07_29_19_39_02_156.jpg, 0.09373712, 1, 0, 30.19083
C:\Users\ayubb\Pictures\IMG\center_2026_07_29_19_39_02_257.jpg, C:\Users\ayubb\Pictures\IMG\left_2026_07_29_19_39_02_257.jpg, C:\Users\ayubb\Pictures\IMG\right_2026_07_29_19_39_02_257.jpg, 0.0420102, 1, 0, 30.19018
C:\Users\ayubb\Pictures\IMG\center_2026_07_29_19_39_02_357.jpg, C:\Users\ayubb\Pictures\IMG\left_2026_07_29_19_39_02_357.jpg, C:\Users\ayubb\Pictures\IMG\right_2026_07_29_19_39_02_357.jpg, 0.1546866, 1, 0, 30.18756
C:\Users\ayubb\Pictures\IMG\center_2026_07_29_19_39_02_458.jpg, C:\Users\ayubb\Pictures\IMG\left_2026_07_29_19_39_02_458.jpg, C:\Users\ayubb\Pictures\IMG\right_2026_07_29_19_39_02_458.jpg, 0, 1, 0, 30.18987
C:\Users\ayubb\Pictures\IMG\center_2026_07_29_19_39_02_560.jpg, C:\Users\ayubb\Pictures\IMG\left_2026_07_29_19_39_02_560.jpg, C:\Users\ayubb\Pictures\IMG\right_2026_07_29_19_39_02_560.jpg, 0.2464896, 1, 0, 30.17801
C:\Users\ayubb\Pictures\IMG\center_2026_07_29_19_39_02_662.jpg, C:\Users\ayubb\Pictures\IMG\left_2026_07_29_19_39_02_662.jpg, C:\Users\ayubb\Pictures\IMG\right_2026_07_29_19_39_02_662.jpg, 0.1108707, 1, 0, 30.19127
C:\Users\ayubb\Pictures\IMG\center_2026_07_29_19_39_02_762.jpg, C:\Users\ayubb\Pictures\IMG\left_2026_07_29_19_39_02_762.jpg, C:\Users\ayubb\Pictures\IMG\right_2026_07_29_19_39_02_762.jpg, 0.1011303, 1, 0, 30.19018
C:\Users\ayubb\Pictures\IMG\center_2026_07_29_19_39_02_866.jpg, C:\Users\ayubb\Pictures\IMG\left_2026_07_29_19_39_02_866.jpg, C:\Users\ayubb\Pictures\IMG\right_2026_07_29_19_39_02_866.jpg, 0, 1, 0, 30.18964
C:\Users\ayubb\Pictures\IMG\center_2026_07_29_19_39_02_965.jpg, C:\Users\ayubb\Pictures\IMG\left_2026_07_29_19_39_02_965.jpg, C:\Users\ayubb\Pictures\IMG\right_2026_07_29_19_39_02_965.jpg, 0, 1, 0, 30.19026
C:\Users\ayubb\Pictures\IMG\center_2026_07_29_19_39_03_069.jpg, C:\Users\ayubb\Pictures\IMG\left_2026_07_29_19_39_03_069.jpg, C:\Users\ayubb\Pictures\IMG\right_2026_07_29_19_39_03_069.jpg, 0.1181823, 1, 0, 30.18674
C:\Users\ayubb\Pictures\IMG\center_2026_07_29_19_39_03_172.jpg, C:\Users\ayubb\Pictures\IMG\left_2026_07_29_19_39_03_172.jpg, C:\Users\ayubb\Pictures\IMG\right_2026_07_29_19_39_03_172.jpg, 0, 1, 0, 30.19022
C:\Users\ayubb\Pictures\IMG\center_2026_07_29_19_39_03_273.jpg, C:\Users\ayubb\Pictures\IMG\left_2026_07_29_19_39_03_273.jpg, C:\Users\ayubb\Pictures\IMG\right_2026_07_29_19_39_03_273.jpg, 0.1208262, 1, 0, 30.18715
C:\Users\ayubb\Pictures\IMG\center_2026_07_29_19_39_03_375.jpg, C:\Users\ayubb\Pictures\IMG\left_2026_07_29_19_39_03_375.jpg, C:\Users\ayubb\Pictures\IMG\right_2026_07_29_19_39_03_375.jpg, 0.05763993, 1, 0, 30.19054
C:\Users\ayubb\Pictures\IMG\center_2026_07_29_19_39_03_477.jpg, C:\Users\ayubb\Pictures\IMG\left_2026_07_29_19_39_03_477.jpg, C:\Users\ayubb\Pictures\IMG\right_2026_07_29_19_39_03_477.jpg, 0.0861684, 1, 0, 30.18962
C:\Users\ayubb\Pictures\IMG\center_2026_07_29_19_39_03_579.jpg, C:\Users\ayubb\Pictures\IMG\left_2026_07_29_19_39_03_579.jpg, C:\Users\ayubb\Pictures\IMG\right_2026_07_29_19_39_03_579.jpg, 0.01969564, 1, 0, 30.19041
C:\Users\ayubb\Pictures\IMG\center_2026_07_29_19_39_03_679.jpg, C:\Users\ayubb\Pictures\IMG\left_2026_07_29_19_39_03_679.jpg, C:\Users\ayubb\Pictures\IMG\right_2026_07_29_19_39_03_679.jpg, 0.0563385, 1, 0, 30.18978
C:\Users\ayubb\Pictures\IMG\center_2026_07_29_19_39_03_782.jpg, C:\Users\ayubb\Pictures\IMG\left_2026_07_29_19_39_03_782.jpg, C:\Users\ayubb\Pictures\IMG\right_2026_07_29_19_39_03_782.jpg, 0.1972782, 1, 0, 30.18335
C:\Users\ayubb\Pictures\IMG\center_2026_07_29_19_39_03_884.jpg, C:\Users\ayubb\Pictures\IMG\left_2026_07_29_19_39_03_884.jpg, C:\Users\ayubb\Pictures\IMG\right_2026_07_29_19_39_03_884.jpg, 0, 1, 0, 30.18984
C:\Users\ayubb\Pictures\IMG\center_2026_07_29_19_39_03_986.jpg, C:\Users\ayubb\Pictures\IMG\left_2026_07_29_19_39_03_986.jpg, C:\Users\ayubb\Pictures\IMG\right_2026_07_29_19_39_03_986.jpg, 0.151314, 1, 0, 30.1865
C:\Users\ayubb\Pictures\IMG\center_2026_07_29_19_39_04_086.jpg, C:\Users\ayubb\Pictures\IMG\left_2026_07_29_19_39_04_086.jpg, C:\Users\ayubb\Pictures\IMG\right_2026_07_29_19_39_04_086.jpg, 0, 1, 0, 30.19018
C:\Users\ayubb\Pictures\IMG\center_2026_07_29_19_39_04_188.jpg, C:\Users\ayubb\Pictures\IMG\left_2026_07_29_19_39_04_188.jpg, C:\Users\ayubb\Pictures\IMG\right_2026_07_29_19_39_04_188.jpg, 0.1473483, 1, 0, 30.18568
C:\Users\ayubb\Pictures\IMG\center_2026_07_29_19_39_04_289.jpg, C:\Users\ayubb\Pictures\IMG\left_2026_07_29_19_39_04_289.jpg, C:\Users\ayubb\Pictures\IMG\right_2026_07_29_19_39_04_289.jpg, 0.07943161, 1, 0, 30.19069
C:\Users\ayubb\Pictures\IMG\center_2026_07_29_19_39_04_391.jpg, C:\Users\ayubb\Pictures\IMG\left_2026_07_29_19_39_04_391.jpg, C:\Users\ayubb\Pictures\IMG\right_2026_07_29_19_39_04_391.jpg, 0.1055016, 1, 0, 30.18961
C:\Users\ayubb\Pictures\IMG\center_2026_07_29_19_39_04_491.jpg, C:\Users\ayubb\Pictures\IMG\left_2026_07_29_19_39_04_491.jpg, C:\Users\ayubb\Pictures\IMG\right_2026_07_29_19_39_04_491.jpg, 0.4078662, 1, 0, 30.15755
C:\Users\ayubb\Pictures\IMG\center_2026_07_29_19_39_04_593.jpg, C:\Users\ayubb\Pictures\IMG\left_2026_07_29_19_39_04_593.jpg, C:\Users\ayubb\Pictures\IMG\right_2026_07_29_19_39_04_593.jpg, 0.5561816, 1, 0, 30.14864
C:\Users\ayubb\Pictures\IMG\center_2026_07_29_19_39_04_694.jpg, C:\Users\ayubb\Pictures\IMG\left_2026_07_29_19_39_04_694.jpg, C:\Users\ayubb\Pictures\IMG\right_2026_07_29_19_39_04_694.jpg, 0.2499047, 1, 0, 30.19532
C:\Users\ayubb\Pictures\IMG\center_2026_07_29_19_39_04_795.jpg, C:\Users\ayubb\Pictures\IMG\left_2026_07_29_19_39_04_795.jpg, C:\Users\ayubb\Pictures\IMG\right_2026_07_29_19_39_04_795.jpg, 0, 1, 0, 30.18525
C:\Users\ayubb\Pictures\IMG\center_2026_07_29_19_39_04_897.jpg, C:\Users\ayubb\Pictures\IMG\left_2026_07_29_19_39_04_897.jpg, C:\Users\ayubb\Pictures\IMG\right_2026_07_29_19_39_04_897.jpg, 0.0917277, 1, 0, 30.19051
C:\Users\ayubb\Pictures\IMG\center_2026_07_29_19_39_04_998.jpg, C:\Users\ayubb\Pictures\IMG\left_2026_07_29_19_39_04_998.jpg, C:\Users\ayubb\Pictures\IMG\right_2026_07_29_19_39_04_998.jpg, 0.04295879, 1, 0, 30.19115
C:\Users\ayubb\Pictures\IMG\center_2026_07_29_19_39_05_099.jpg, C:\Users\ayubb\Pictures\IMG\left_2026_07_29_19_39_05_099.jpg, C:\Users\ayubb\Pictures\IMG\right_2026_07_29_19_39_05_099.jpg, 0, 1, 0, 30.19048
C:\Users\ayubb\Pictures\IMG\center_2026_07_29_19_39_05_201.jpg, C:\Users\ayubb\Pictures\IMG\left_2026_07_29_19_39_05_201.jpg, C:\Users\ayubb\Pictures\IMG\right_2026_07_29_19_39_05_201.jpg, 0.1159203, 1, 0, 30.18776
C:\Users\ayubb\Pictures\IMG\center_2026_07_29_19_39_05_303.jpg, C:\Users\ayubb\Pictures\IMG\left_2026_07_29_19_39_05_303.jpg, C:\Users\ayubb\Pictures\IMG\right_2026_07_29_19_39_05_303.jpg, 0, 1, 0, 30.19037
C:\Users\ayubb\Pictures\IMG\center_2026_07_29_19_39_05_404.jpg, C:\Users\ayubb\Pictures\IMG\left_2026_07_29_19_39_05_404.jpg, C:\Users\ayubb\Pictures\IMG\right_2026_07_29_19_39_05_404.jpg, 0, 1, 0, 30.19032
C:\Users\ayubb\Pictures\IMG\center_2026_07_29_19_39_05_504.jpg, C:\Users\ayubb\Pictures\IMG\left_2026_07_29_19_39_05_504.jpg, C:\Users\ayubb\Pictures\IMG\right_2026_07_29_19_39_05_504.jpg, 0, 1, 0, 30.19026
C:\Users\ayubb\Pictures\IMG\center_2026_07_29_19_39_05_606.jpg, C:\Users\ayubb\Pictures\IMG\left_2026_07_29_19_39_05_606.jpg, C:\Users\ayubb\Pictures\IMG\right_2026_07_29_19_39_05_606.jpg, 0, 1, 0, 30.19027
C:\Users\ayubb\Pictures\IMG\center_2026_07_29_19_39_05_709.jpg, C:\Users\ayubb\Pictures\IMG\left_2026_07_29_19_39_05_709.jpg, C:\Users\ayubb\Pictures\IMG\right_2026_07_29_19_39_05_709.jpg, 0, 1, 0, 30.19029
C:\Users\ayubb\Pictures\IMG\center_2026_07_29_19_39_05_812.jpg, C:\Users\ayubb\Pictures\IMG\left_2026_07_29_19_39_05_812.jpg, C:\Users\ayubb\Pictures\IMG\right_2026_07_29_19_39_05_812.jpg, 0.1647195, 1, 0, 30.18283
C:\Users\ayubb\Pictures\IMG\center_2026_07_29_19_39_05_913.jpg, C:\Users\ayubb\Pictures\IMG\left_2026_07_29_19_39_05_913.jpg, C:\Users\ayubb\Pictures\IMG\right_2026_07_29_19_39_05_913.jpg, 0, 1, 0, 30.18837
C:\Users\ayubb\Pictures\IMG\center_2026_07_29_19_39_06_014.jpg, C:\Users\ayubb\Pictures\IMG\left_2026_07_29_19_39_06_014.jpg, C:\Users\ayubb\Pictures\IMG\right_2026_07_29_19_39_06_014.jpg, 0.0354402, 1, 0, 30.19096
C:\Users\ayubb\Pictures\IMG\center_2026_07_29_19_39_06_115.jpg, C:\Users\ayubb\Pictures\IMG\left_2026_07_29_19_39_06_115.jpg, C:\Users\ayubb\Pictures\IMG\right_2026_07_29_19_39_06_115.jpg, 0.1740096, 1, 0, 30.18335
C:\Users\ayubb\Pictures\IMG\center_2026_07_29_19_39_06_217.jpg, C:\Users\ayubb\Pictures\IMG\left_2026_07_29_19_39_06_217.jpg, C:\Users\ayubb\Pictures\IMG\right_2026_07_29_19_39_06_217.jpg, 0, 1, 0, 30.19024
C:\Users\ayubb\Pictures\IMG\center_2026_07_29_19_39_06_320.jpg, C:\Users\ayubb\Pictures\IMG\left_2026_07_29_19_39_06_320.jpg, C:\Users\ayubb\Pictures\IMG\right_2026_07_29_19_39_06_320.jpg, 0, 1, 0, 30.19022
C:\Users\ayubb\Pictures\IMG\center_2026_07_29_19_39_06_421.jpg, C:\Users\ayubb\Pictures\IMG\left_2026_07_29_19_39_06_421.jpg, C:\Users\ayubb\Pictures\IMG\right_2026_07_29_19_39_06_421.jpg, 0, 1, 0, 30.19026
C:\Users\ayubb\Pictures\IMG\center_2026_07_29_19_39_06_523.jpg, C:\Users\ayubb\Pictures\IMG\left_2026_07_29_19_39_06_523.jpg, C:\Users\ayubb\Pictures\IMG\right_2026_07_29_19_39_06_523.jpg, 0, 1, 0, 30.19023
C:\Users\ayubb\Pictures\IMG\center_2026_07_29_19_39_06_625.jpg, C:\Users\ayubb\Pictures\IMG\left_2026_07_29_19_39_06_625.jpg, C:\Users\ayubb\Pictures\IMG\right_2026_07_29_19_39_06_625.jpg, 0, 1, 0, 30.1902
C:\Users\ayubb\Pictures\IMG\center_2026_07_29_19_39_06_728.jpg, C:\Users\ayubb\Pictures\IMG\left_2026_07_29_19_39_06_728.jpg, C:\Users\ayubb\Pictures\IMG\right_2026_07_29_19_39_06_728.jpg, 0, 1, 0, 30.18981
C:\Users\ayubb\Pictures\IMG\center_2026_07_29_19_39_06_831.jpg, C:\Users\ayubb\Pictures\IMG\left_2026_07_29_19_39_06_831.jpg, C:\Users\ayubb\Pictures\IMG\right_2026_07_29_19_39_06_831.jpg, 0, 1, 0, 30.18987
C:\Users\ayubb\Pictures\IMG\center_2026_07_29_19_39_06_931.jpg, C:\Users\ayubb\Pictures\IMG\left_2026_07_29_19_39_06_931.jpg, C:\Users\ayubb\Pictures\IMG\right_2026_07_29_19_39_06_931.jpg, 0, 1, 0, 30.19012
C:\Users\ayubb\Pictures\IMG\center_2026_07_29_19_39_07_033.jpg, C:\Users\ayubb\Pictures\IMG\left_2026_07_29_19_39_07_033.jpg, C:\Users\ayubb\Pictures\IMG\right_2026_07_29_19_39_07_033.jpg, 0, 1, 0, 30.19098
C:\Users\ayubb\Pictures\IMG\center_2026_07_29_19_39_07_136.jpg, C:\Users\ayubb\Pictures\IMG\left_2026_07_29_19_39_07_136.jpg, C:\Users\ayubb\Pictures\IMG\right_2026_07_29_19_39_07_136.jpg, 0.1010553, 1, 0, 30.18747
C:\Users\ayubb\Pictures\IMG\center_2026_07_29_19_39_07_240.jpg, C:\Users\ayubb\Pictures\IMG\left_2026_07_29_19_39_07_240.jpg, C:\Users\ayubb\Pictures\IMG\right_2026_07_29_19_39_07_240.jpg, 0.1205529, 1, 0, 30.18987
C:\Users\ayubb\Pictures\IMG\center_2026_07_29_19_39_07_341.jpg, C:\Users\ayubb\Pictures\IMG\left_2026_07_29_19_39_07_341.jpg, C:\Users\ayubb\Pictures\IMG\right_2026_07_29_19_39_07_341.jpg, 0, 1, 0, 30.18973
C:\Users\ayubb\Pictures\IMG\center_2026_07_29_19_39_07_442.jpg, C:\Users\ayubb\Pictures\IMG\left_2026_07_29_19_39_07_442.jpg, C:\Users\ayubb\Pictures\IMG\right_2026_07_29_19_39_07_442.jpg, 0, 1, 0, 30.19024
C:\Users\ayubb\Pictures\IMG\center_2026_07_29_19_39_07_542.jpg, C:\Users\ayubb\Pictures\IMG\left_2026_07_29_19_39_07_542.jpg, C:\Users\ayubb\Pictures\IMG\right_2026_07_29_19_39_07_542.jpg, 0, 1, 0, 30.1903
C:\Users\ayubb\Pictures\IMG\center_2026_07_29_19_39_07_644.jpg, C:\Users\ayubb\Pictures\IMG\left_2026_07_29_19_39_07_644.jpg, C:\Users\ayubb\Pictures\IMG\right_2026_07_29_19_39_07_644.jpg, 0, 1, 0, 30.19027
C:\Users\ayubb\Pictures\IMG\center_2026_07_29_19_39_07_746.jpg, C:\Users\ayubb\Pictures\IMG\left_2026_07_29_19_39_07_746.jpg, C:\Users\ayubb\Pictures\IMG\right_2026_07_29_19_39_07_746.jpg, 0.1191225, 1, 0, 30.18687
C:\Users\ayubb\Pictures\IMG\center_2026_07_29_19_39_07_848.jpg, C:\Users\ayubb\Pictures\IMG\left_2026_07_29_19_39_07_848.jpg, C:\Users\ayubb\Pictures\IMG\right_2026_07_29_19_39_07_848.jpg, 0, 1, 0, 30.19023
C:\Users\ayubb\Pictures\IMG\center_2026_07_29_19_39_07_949.jpg, C:\Users\ayubb\Pictures\IMG\left_2026_07_29_19_39_07_949.jpg, C:\Users\ayubb\Pictures\IMG\right_2026_07_29_19_39_07_949.jpg, 0, 1, 0, 30.19029
C:\Users\ayubb\Pictures\IMG\center_2026_07_29_19_39_08_050.jpg, C:\Users\ayubb\Pictures\IMG\left_2026_07_29_19_39_08_050.jpg, C:\Users\ayubb\Pictures\IMG\right_2026_07_29_19_39_08_050.jpg, 0, 1, 0, 30.1903
C:\Users\ayubb\Pictures\IMG\center_2026_07_29_19_39_08_152.jpg, C:\Users\ayubb\Pictures\IMG\left_2026_07_29_19_39_08_152.jpg, C:\Users\ayubb\Pictures\IMG\right_2026_07_29_19_39_08_152.jpg, 0.1990218, 1, 0, 30.17999
C:\Users\ayubb\Pictures\IMG\center_2026_07_29_19_39_08_252.jpg, C:\Users\ayubb\Pictures\IMG\left_2026_07_29_19_39_08_252.jpg, C:\Users\ayubb\Pictures\IMG\right_2026_07_29_19_39_08_252.jpg, 0, 1, 0, 30.18995
C:\Users\ayubb\Pictures\IMG\center_2026_07_29_19_39_08_353.jpg, C:\Users\ayubb\Pictures\IMG\left_2026_07_29_19_39_08_353.jpg, C:\Users\ayubb\Pictures\IMG\right_2026_07_29_19_39_08_353.jpg, 0, 1, 0, 30.1903
C:\Users\ayubb\Pictures\IMG\center_2026_07_29_19_39_08_454.jpg, C:\Users\ayubb\Pictures\IMG\left_2026_07_29_19_39_08_454.jpg, C:\Users\ayubb\Pictures\IMG\right_2026_07_29_19_39_08_454.jpg, 0.1255956, 1, 0, 30.18665
C:\Users\ayubb\Pictures\IMG\center_2026_07_29_19_39_08_554.jpg, C:\Users\ayubb\Pictures\IMG\left_2026_07_29_19_39_08_554.jpg, C:\Users\ayubb\Pictures\IMG\right_2026_07_29_19_39_08_554.jpg, 0.3169548, 1, 0, 30.16953
C:\Users\ayubb\Pictures\IMG\center_2026_07_29_19_39_08_657.jpg, C:\Users\ayubb\Pictures\IMG\left_2026_07_29_19_39_08_657.jpg, C:\Users\ayubb\Pictures\IMG\right_2026_07_29_19_39_08_657.jpg, 0, 1, 0, 30.18792
C:\Users\ayubb\Pictures\IMG\center_2026_07_29_19_39_08_757.jpg, C:\Users\ayubb\Pictures\IMG\left_2026_07_29_19_39_08_757.jpg, C:\Users\ayubb\Pictures\IMG\right_2026_07_29_19_39_08_757.jpg, 0, 1, 0, 30.19001
C:\Users\ayubb\Pictures\IMG\center_2026_07_29_19_39_08_859.jpg, C:\Users\ayubb\Pictures\IMG\left_2026_07_29_19_39_08_859.jpg, C:\Users\ayubb\Pictures\IMG\right_2026_07_29_19_39_08_859.jpg, 0.1206579, 1, 0, 30.1878
C:\Users\ayubb\Pictures\IMG\center_2026_07_29_19_39_08_960.jpg, C:\Users\ayubb\Pictures\IMG\left_2026_07_29_19_39_08_960.jpg, C:\Users\ayubb\Pictures\IMG\right_2026_07_29_19_39_08_960.jpg, 0.1570998, 1, 0, 30.18868
C:\Users\ayubb\Pictures\IMG\center_2026_07_29_19_39_09_062.jpg, C:\Users\ayubb\Pictures\IMG\left_2026_07_29_19_39_09_062.jpg, C:\Users\ayubb\Pictures\IMG\right_2026_07_29_19_39_09_062.jpg, 0, 1, 0, 30.18977
C:\Users\ayubb\Pictures\IMG\center_2026_07_29_19_39_09_162.jpg, C:\Users\ayubb\Pictures\IMG\left_2026_07_29_19_39_09_162.jpg, C:\Users\ayubb\Pictures\IMG\right_2026_07_29_19_39_09_162.jpg, 0, 1, 0, 30.19025
C:\Users\ayubb\Pictures\IMG\center_2026_07_29_19_39_09_264.jpg, C:\Users\ayubb\Pictures\IMG\left_2026_07_29_19_39_09_264.jpg, C:\Users\ayubb\Pictures\IMG\right_2026_07_29_19_39_09_264.jpg, 0.0476622, 1, 0, 30.18993
C:\Users\ayubb\Pictures\IMG\center_2026_07_29_19_39_09_365.jpg, C:\Users\ayubb\Pictures\IMG\left_2026_07_29_19_39_09_365.jpg, C:\Users\ayubb\Pictures\IMG\right_2026_07_29_19_39_09_365.jpg, 0.2383266, 1, 0, 30.17729
C:\Users\ayubb\Pictures\IMG\center_2026_07_29_19_39_09_469.jpg, C:\Users\ayubb\Pictures\IMG\left_2026_07_29_19_39_09_469.jpg, C:\Users\ayubb\Pictures\IMG\right_2026_07_29_19_39_09_469.jpg, 0, 1, 0, 30.18904
C:\Users\ayubb\Pictures\IMG\center_2026_07_29_19_39_09_570.jpg, C:\Users\ayubb\Pictures\IMG\left_2026_07_29_19_39_09_570.jpg, C:\Users\ayubb\Pictures\IMG\right_2026_07_29_19_39_09_570.jpg, 0, 1, 0, 30.19015
C:\Users\ayubb\Pictures\IMG\center_2026_07_29_19_39_09_672.jpg, C:\Users\ayubb\Pictures\IMG\left_2026_07_29_19_39_09_672.jpg, C:\Users\ayubb\Pictures\IMG\right_2026_07_29_19_39_09_672.jpg, 0.1446246, 1, 0, 30.18603
C:\Users\ayubb\Pictures\IMG\center_2026_07_29_19_39_09_773.jpg, C:\Users\ayubb\Pictures\IMG\left_2026_07_29_19_39_09_773.jpg, C:\Users\ayubb\Pictures\IMG\right_2026_07_29_19_39_09_773.jpg, 0, 1, 0, 30.19015
C:\Users\ayubb\Pictures\IMG\center_2026_07_29_19_39_09_873.jpg, C:\Users\ayubb\Pictures\IMG\left_2026_07_29_19_39_09_873.jpg, C:\Users\ayubb\Pictures\IMG\right_2026_07_29_19_39_09_873.jpg, 0, 1, 0, 30.19038
C:\Users\ayubb\Pictures\IMG\center_2026_07_29_19_39_09_973.jpg, C:\Users\ayubb\Pictures\IMG\left_2026_07_29_19_39_09_973.jpg, C:\Users\ayubb\Pictures\IMG\right_2026_07_29_19_39_09_973.jpg, 0, 1, 0, 30.19031
C:\Users\ayubb\Pictures\IMG\center_2026_07_29_19_39_10_075.jpg, C:\Users\ayubb\Pictures\IMG\left_2026_07_29_19_39_10_075.jpg, C:\Users\ayubb\Pictures\IMG\right_2026_07_29_19_39_10_075.jpg, 0, 1, 0, 30.19031
C:\Users\ayubb\Pictures\IMG\center_2026_07_29_19_39_10_177.jpg, C:\Users\ayubb\Pictures\IMG\left_2026_07_29_19_39_10_177.jpg, C:\Users\ayubb\Pictures\IMG\right_2026_07_29_19_39_10_177.jpg, 0, 1, 0, 30.1903
C:\Users\ayubb\Pictures\IMG\center_2026_07_29_19_39_10_278.jpg, C:\Users\ayubb\Pictures\IMG\left_2026_07_29_19_39_10_278.jpg, C:\Users\ayubb\Pictures\IMG\right_2026_07_29_19_39_10_278.jpg, 0, 1, 0, 30.19033
C:\Users\ayubb\Pictures\IMG\center_2026_07_29_19_39_10_379.jpg, C:\Users\ayubb\Pictures\IMG\left_2026_07_29_19_39_10_379.jpg, C:\Users\ayubb\Pictures\IMG\right_2026_07_29_19_39_10_379.jpg, 0, 1, 0, 30.19028
C:\Users\ayubb\Pictures\IMG\center_2026_07_29_19_39_10_479.jpg, C:\Users\ayubb\Pictures\IMG\left_2026_07_29_19_39_10_479.jpg, C:\Users\ayubb\Pictures\IMG\right_2026_07_29_19_39_10_479.jpg, 0.04902361, 1, 0, 30.18975
C:\Users\ayubb\Pictures\IMG\center_2026_07_29_19_39_10_580.jpg, C:\Users\ayubb\Pictures\IMG\left_2026_07_29_19_39_10_580.jpg, C:\Users\ayubb\Pictures\IMG\right_2026_07_29_19_39_10_580.jpg, 0.07866537, 1, 0, 30.19024
C:\Users\ayubb\Pictures\IMG\center_2026_07_29_19_39_10_681.jpg, C:\Users\ayubb\Pictures\IMG\left_2026_07_29_19_39_10_681.jpg, C:\Users\ayubb\Pictures\IMG\right_2026_07_29_19_39_10_681.jpg, 0, 1, 0, 30.19009
C:\Users\ayubb\Pictures\IMG\center_2026_07_29_19_39_10_784.jpg, C:\Users\ayubb\Pictures\IMG\left_2026_07_29_19_39_10_784.jpg, C:\Users\ayubb\Pictures\IMG\right_2026_07_29_19_39_10_784.jpg, 0, 1, 0, 30.19026
C:\Users\ayubb\Pictures\IMG\center_2026_07_29_19_39_10_885.jpg, C:\Users\ayubb\Pictures\IMG\left_2026_07_29_19_39_10_885.jpg, C:\Users\ayubb\Pictures\IMG\right_2026_07_29_19_39_10_885.jpg, 0, 1, 0, 30.1903
C:\Users\ayubb\Pictures\IMG\center_2026_07_29_19_39_10_985.jpg, C:\Users\ayubb\Pictures\IMG\left_2026_07_29_19_39_10_985.jpg, C:\Users\ayubb\Pictures\IMG\right_2026_07_29_19_39_10_985.jpg, 0, 1, 0, 30.19056
C:\Users\ayubb\Pictures\IMG\center_2026_07_29_19_39_11_086.jpg, C:\Users\ayubb\Pictures\IMG\left_2026_07_29_19_39_11_086.jpg, C:\Users\ayubb\Pictures\IMG\right_2026_07_29_19_39_11_086.jpg, 0, 1, 0, 30.19033
C:\Users\ayubb\Pictures\IMG\center_2026_07_29_19_39_11_186.jpg, C:\Users\ayubb\Pictures\IMG\left_2026_07_29_19_39_11_186.jpg, C:\Users\ayubb\Pictures\IMG\right_2026_07_29_19_39_11_186.jpg, 0, 1, 0, 30.19028
C:\Users\ayubb\Pictures\IMG\center_2026_07_29_19_39_11_289.jpg, C:\Users\ayubb\Pictures\IMG\left_2026_07_29_19_39_11_289.jpg, C:\Users\ayubb\Pictures\IMG\right_2026_07_29_19_39_11_289.jpg, 0, 1, 0, 30.19033
C:\Users\ayubb\Pictures\IMG\center_2026_07_29_19_39_11_389.jpg, C:\Users\ayubb\Pictures\IMG\left_2026_07_29_19_39_11_389.jpg, C:\Users\ayubb\Pictures\IMG\right_2026_07_29_19_39_11_389.jpg, 0, 1, 0, 30.1903
C:\Users\ayubb\Pictures\IMG\center_2026_07_29_19_39_11_489.jpg, C:\Users\ayubb\Pictures\IMG\left_2026_07_29_19_39_11_489.jpg, C:\Users\ayubb\Pictures\IMG\right_2026_07_29_19_39_11_489.jpg, 0, 1, 0, 30.19028
C:\Users\ayubb\Pictures\IMG\center_2026_07_29_19_39_11_590.jpg, C:\Users\ayubb\Pictures\IMG\left_2026_07_29_19_39_11_590.jpg, C:\Users\ayubb\Pictures\IMG\right_2026_07_29_19_39_11_590.jpg, 0.1515954, 1, 0, 30.18394
C:\Users\ayubb\Pictures\IMG\center_2026_07_29_19_39_11_692.jpg, C:\Users\ayubb\Pictures\IMG\left_2026_07_29_19_39_11_692.jpg, C:\Users\ayubb\Pictures\IMG\right_2026_07_29_19_39_11_692.jpg, 0.1301253, 1, 0, 30.18946
C:\Users\ayubb\Pictures\IMG\center_2026_07_29_19_39_11_794.jpg, C:\Users\ayubb\Pictures\IMG\left_2026_07_29_19_39_11_794.jpg, C:\Users\ayubb\Pictures\IMG\right_2026_07_29_19_39_11_794.jpg, 0, 1, 0, 30.18976
C:\Users\ayubb\Pictures\IMG\center_2026_07_29_19_39_11_896.jpg, C:\Users\ayubb\Pictures\IMG\left_2026_07_29_19_39_11_896.jpg, C:\Users\ayubb\Pictures\IMG\right_2026_07_29_19_39_11_896.jpg, 0, 1, 0, 30.19019
C:\Users\ayubb\Pictures\IMG\center_2026_07_29_19_39_11_998.jpg, C:\Users\ayubb\Pictures\IMG\left_2026_07_29_19_39_11_998.jpg, C:\Users\ayubb\Pictures\IMG\right_2026_07_29_19_39_11_998.jpg, 0, 1, 0, 30.19022
C:\Users\ayubb\Pictures\IMG\center_2026_07_29_19_39_12_100.jpg, C:\Users\ayubb\Pictures\IMG\left_2026_07_29_19_39_12_100.jpg, C:\Users\ayubb\Pictures\IMG\right_2026_07_29_19_39_12_100.jpg, 0, 1, 0, 30.19029
C:\Users\ayubb\Pictures\IMG\center_2026_07_29_19_39_12_202.jpg, C:\Users\ayubb\Pictures\IMG\left_2026_07_29_19_39_12_202.jpg, C:\Users\ayubb\Pictures\IMG\right_2026_07_29_19_39_12_202.jpg, 0, 1, 0, 30.19037
C:\Users\ayubb\Pictures\IMG\center_2026_07_29_19_39_12_304.jpg, C:\Users\ayubb\Pictures\IMG\left_2026_07_29_19_39_12_304.jpg, C:\Users\ayubb\Pictures\IMG\right_2026_07_29_19_39_12_304.jpg, 0, 1, 0, 30.19027
C:\Users\ayubb\Pictures\IMG\center_2026_07_29_19_39_12_405.jpg, C:\Users\ayubb\Pictures\IMG\left_2026_07_29_19_39_12_405.jpg, C:\Users\ayubb\Pictures\IMG\right_2026_07_29_19_39_12_405.jpg, 0, 1, 0, 30.19027
C:\Users\ayubb\Pictures\IMG\center_2026_07_29_19_39_12_506.jpg, C:\Users\ayubb\Pictures\IMG\left_2026_07_29_19_39_12_506.jpg, C:\Users\ayubb\Pictures\IMG\right_2026_07_29_19_39_12_506.jpg, 0, 1, 0, 30.19031
C:\Users\ayubb\Pictures\IMG\center_2026_07_29_19_39_12_606.jpg, C:\Users\ayubb\Pictures\IMG\left_2026_07_29_19_39_12_606.jpg, C:\Users\ayubb\Pictures\IMG\right_2026_07_29_19_39_12_606.jpg, 0, 0.7293062, 0, 30.13306
C:\Users\ayubb\Pictures\IMG\center_2026_07_29_19_39_12_708.jpg, C:\Users\ayubb\Pictures\IMG\left_2026_07_29_19_39_12_708.jpg, C:\Users\ayubb\Pictures\IMG\right_2026_07_29_19_39_12_708.jpg, 0, 0.426122, 0, 30.05587
C:\Users\ayubb\Pictures\IMG\center_2026_07_29_19_39_12_810.jpg, C:\Users\ayubb\Pictures\IMG\left_2026_07_29_19_39_12_810.jpg, C:\Users\ayubb\Pictures\IMG\right_2026_07_29_19_39_12_810.jpg, 0, 0.1227827, 0, 29.97731
C:\Users\ayubb\Pictures\IMG\center_2026_07_29_19_39_12_911.jpg, C:\Users\ayubb\Pictures\IMG\left_2026_07_29_19_39_12_911.jpg, C:\Users\ayubb\Pictures\IMG\right_2026_07_29_19_39_12_911.jpg, 0, 0, 0, 29.71031
C:\Users\ayubb\Pictures\IMG\center_2026_07_29_19_39_13_012.jpg, C:\Users\ayubb\Pictures\IMG\left_2026_07_29_19_39_13_012.jpg, C:\Users\ayubb\Pictures\IMG\right_2026_07_29_19_39_13_012.jpg, 0, 0, 0, 29.4121
C:\Users\ayubb\Pictures\IMG\center_2026_07_29_19_39_14_440.jpg, C:\Users\ayubb\Pictures\IMG\left_2026_07_29_19_39_14_440.jpg, C:\Users\ayubb\Pictures\IMG\right_2026_07_29_19_39_14_440.jpg, 0.241215, 0.9890127, 0, 27.28285
C:\Users\ayubb\Pictures\IMG\center_2026_07_29_19_39_14_541.jpg, C:\Users\ayubb\Pictures\IMG\left_2026_07_29_19_39_14_541.jpg, C:\Users\ayubb\Pictures\IMG\right_2026_07_29_19_39_14_541.jpg, 0, 1, 0, 28.21155
C:\Users\ayubb\Pictures\IMG\center_2026_07_29_19_39_14_642.jpg, C:\Users\ayubb\Pictures\IMG\left_2026_07_29_19_39_14_642.jpg, C:\Users\ayubb\Pictures\IMG\right_2026_07_29_19_39_14_642.jpg, 0, 1, 0, 29.1344
C:\Users\ayubb\Pictures\IMG\center_2026_07_29_19_39_14_743.jpg, C:\Users\ayubb\Pictures\IMG\left_2026_07_29_19_39_14_743.jpg, C:\Users\ayubb\Pictures\IMG\right_2026_07_29_19_39_14_743.jpg, 0, 1, 0, 30.04913
C:\Users\ayubb\Pictures\IMG\center_2026_07_29_19_39_14_844.jpg, C:\Users\ayubb\Pictures\IMG\left_2026_07_29_19_39_14_844.jpg, C:\Users\ayubb\Pictures\IMG\right_2026_07_29_19_39_14_844.jpg, 0, 1, 0, 30.18988
C:\Users\ayubb\Pictures\IMG\center_2026_07_29_19_39_14_945.jpg, C:\Users\ayubb\Pictures\IMG\left_2026_07_29_19_39_14_945.jpg, C:\Users\ayubb\Pictures\IMG\right_2026_07_29_19_39_14_945.jpg, 0, 1, 0, 30.19019
C:\Users\ayubb\Pictures\IMG\center_2026_07_29_19_39_15_046.jpg, C:\Users\ayubb\Pictures\IMG\left_2026_07_29_19_39_15_046.jpg, C:\Users\ayubb\Pictures\IMG\right_2026_07_29_19_39_15_046.jpg, 0.1650297, 1, 0, 30.18319
C:\Users\ayubb\Pictures\IMG\center_2026_07_29_19_39_15_148.jpg, C:\Users\ayubb\Pictures\IMG\left_2026_07_29_19_39_15_148.jpg, C:\Users\ayubb\Pictures\IMG\right_2026_07_29_19_39_15_148.jpg, 0, 1, 0, 30.18988
C:\Users\ayubb\Pictures\IMG\center_2026_07_29_19_39_15_250.jpg, C:\Users\ayubb\Pictures\IMG\left_2026_07_29_19_39_15_250.jpg, C:\Users\ayubb\Pictures\IMG\right_2026_07_29_19_39_15_250.jpg, 0, 1, 0, 30.19024
C:\Users\ayubb\Pictures\IMG\center_2026_07_29_19_39_15_352.jpg, C:\Users\ayubb\Pictures\IMG\left_2026_07_29_19_39_15_352.jpg, C:\Users\ayubb\Pictures\IMG\right_2026_07_29_19_39_15_352.jpg, 0, 1, 0, 30.19033
C:\Users\ayubb\Pictures\IMG\center_2026_07_29_19_39_15_452.jpg, C:\Users\ayubb\Pictures\IMG\left_2026_07_29_19_39_15_452.jpg, C:\Users\ayubb\Pictures\IMG\right_2026_07_29_19_39_15_452.jpg, 0.08006699, 1, 0, 30.189
C:\Users\ayubb\Pictures\IMG\center_2026_07_29_19_39_15_552.jpg, C:\Users\ayubb\Pictures\IMG\left_2026_07_29_19_39_15_552.jpg, C:\Users\ayubb\Pictures\IMG\right_2026_07_29_19_39_15_552.jpg, 0, 1, 0, 30.19007
C:\Users\ayubb\Pictures\IMG\center_2026_07_29_19_39_15_655.jpg, C:\Users\ayubb\Pictures\IMG\left_2026_07_29_19_39_15_655.jpg, C:\Users\ayubb\Pictures\IMG\right_2026_07_29_19_39_15_655.jpg, 0, 1, 0, 30.19061
C:\Users\ayubb\Pictures\IMG\center_2026_07_29_19_39_15_757.jpg, C:\Users\ayubb\Pictures\IMG\left_2026_07_29_19_39_15_757.jpg, C:\Users\ayubb\Pictures\IMG\right_2026_07_29_19_39_15_757.jpg, 0, 1, 0, 30.19028
C:\Users\ayubb\Pictures\IMG\center_2026_07_29_19_39_15_859.jpg, C:\Users\ayubb\Pictures\IMG\left_2026_07_29_19_39_15_859.jpg, C:\Users\ayubb\Pictures\IMG\right_2026_07_29_19_39_15_859.jpg, 0, 1, 0, 30.19049
C:\Users\ayubb\Pictures\IMG\center_2026_07_29_19_39_15_960.jpg, C:\Users\ayubb\Pictures\IMG\left_2026_07_29_19_39_15_960.jpg, C:\Users\ayubb\Pictures\IMG\right_2026_07_29_19_39_15_960.jpg, 0, 1, 0, 30.19025
C:\Users\ayubb\Pictures\IMG\center_2026_07_29_19_39_16_063.jpg, C:\Users\ayubb\Pictures\IMG\left_2026_07_29_19_39_16_063.jpg, C:\Users\ayubb\Pictures\IMG\right_2026_07_29_19_39_16_063.jpg, 0, 1, 0, 30.1903
C:\Users\ayubb\Pictures\IMG\center_2026_07_29_19_39_16_164.jpg, C:\Users\ayubb\Pictures\IMG\left_2026_07_29_19_39_16_164.jpg, C:\Users\ayubb\Pictures\IMG\right_2026_07_29_19_39_16_164.jpg, 0, 1, 0, 30.19034
C:\Users\ayubb\Pictures\IMG\center_2026_07_29_19_39_16_266.jpg, C:\Users\ayubb\Pictures\IMG\left_2026_07_29_19_39_16_266.jpg, C:\Users\ayubb\Pictures\IMG\right_2026_07_29_19_39_16_266.jpg, 0, 1, 0, 30.1903
C:\Users\ayubb\Pictures\IMG\center_2026_07_29_19_39_16_368.jpg, C:\Users\ayubb\Pictures\IMG\left_2026_07_29_19_39_16_368.jpg, C:\Users\ayubb\Pictures\IMG\right_2026_07_29_19_39_16_368.jpg, 0.2320662, 1, 0, 30.17608
C:\Users\ayubb\Pictures\IMG\center_2026_07_29_19_39_16_470.jpg, C:\Users\ayubb\Pictures\IMG\left_2026_07_29_19_39_16_470.jpg, C:\Users\ayubb\Pictures\IMG\right_2026_07_29_19_39_16_470.jpg, 0.1028685, 1, 0, 30.19072
C:\Users\ayubb\Pictures\IMG\center_2026_07_29_19_39_16_572.jpg, C:\Users\ayubb\Pictures\IMG\left_2026_07_29_19_39_16_572.jpg, C:\Users\ayubb\Pictures\IMG\right_2026_07_29_19_39_16_572.jpg, 0, 1, 0, 30.18975
C:\Users\ayubb\Pictures\IMG\center_2026_07_29_19_39_16_673.jpg, C:\Users\ayubb\Pictures\IMG\left_2026_07_29_19_39_16_673.jpg, C:\Users\ayubb\Pictures\IMG\right_2026_07_29_19_39_16_673.jpg, 0, 1, 0, 30.19021
C:\Users\ayubb\Pictures\IMG\center_2026_07_29_19_39_16_775.jpg, C:\Users\ayubb\Pictures\IMG\left_2026_07_29_19_39_16_775.jpg, C:\Users\ayubb\Pictures\IMG\right_2026_07_29_19_39_16_775.jpg, 0, 1, 0, 30.19027
C:\Users\ayubb\Pictures\IMG\center_2026_07_29_19_39_16_875.jpg, C:\Users\ayubb\Pictures\IMG\left_2026_07_29_19_39_16_875.jpg, C:\Users\ayubb\Pictures\IMG\right_2026_07_29_19_39_16_875.jpg, 0, 1, 0, 30.19031
C:\Users\ayubb\Pictures\IMG\center_2026_07_29_19_39_16_975.jpg, C:\Users\ayubb\Pictures\IMG\left_2026_07_29_19_39_16_975.jpg, C:\Users\ayubb\Pictures\IMG\right_2026_07_29_19_39_16_975.jpg, 0, 1, 0, 30.19031
C:\Users\ayubb\Pictures\IMG\center_2026_07_29_19_39_17_076.jpg, C:\Users\ayubb\Pictures\IMG\left_2026_07_29_19_39_17_076.jpg, C:\Users\ayubb\Pictures\IMG\right_2026_07_29_19_39_17_076.jpg, 0, 1, 0, 30.19032
C:\Users\ayubb\Pictures\IMG\center_2026_07_29_19_39_17_177.jpg, C:\Users\ayubb\Pictures\IMG\left_2026_07_29_19_39_17_177.jpg, C:\Users\ayubb\Pictures\IMG\right_2026_07_29_19_39_17_177.jpg, 0, 1, 0, 30.19028
C:\Users\ayubb\Pictures\IMG\center_2026_07_29_19_39_17_279.jpg, C:\Users\ayubb\Pictures\IMG\left_2026_07_29_19_39_17_279.jpg, C:\Users\ayubb\Pictures\IMG\right_2026_07_29_19_39_17_279.jpg, 0, 1, 0, 30.19004
C:\Users\ayubb\Pictures\IMG\center_2026_07_29_19_39_17_380.jpg, C:\Users\ayubb\Pictures\IMG\left_2026_07_29_19_39_17_380.jpg, C:\Users\ayubb\Pictures\IMG\right_2026_07_29_19_39_17_380.jpg, 0, 1, 0, 30.19031
C:\Users\ayubb\Pictures\IMG\center_2026_07_29_19_39_17_481.jpg, C:\Users\ayubb\Pictures\IMG\left_2026_07_29_19_39_17_481.jpg, C:\Users\ayubb\Pictures\IMG\right_2026_07_29_19_39_17_481.jpg, 0, 1, 0, 30.19033
C:\Users\ayubb\Pictures\IMG\center_2026_07_29_19_39_17_582.jpg, C:\Users\ayubb\Pictures\IMG\left_2026_07_29_19_39_17_582.jpg, C:\Users\ayubb\Pictures\IMG\right_2026_07_29_19_39_17_582.jpg, 0, 1, 0, 30.19031
C:\Users\ayubb\Pictures\IMG\center_2026_07_29_19_39_17_683.jpg, C:\Users\ayubb\Pictures\IMG\left_2026_07_29_19_39_17_683.jpg, C:\Users\ayubb\Pictures\IMG\right_2026_07_29_19_39_17_683.jpg, 0, 1, 0, 30.1903
C:\Users\ayubb\Pictures\IMG\center_2026_07_29_19_39_17_785.jpg, C:\Users\ayubb\Pictures\IMG\left_2026_07_29_19_39_17_785.jpg, C:\Users\ayubb\Pictures\IMG\right_2026_07_29_19_39_17_785.jpg, 0, 1, 0, 30.19028
C:\Users\ayubb\Pictures\IMG\center_2026_07_29_19_39_17_887.jpg, C:\Users\ayubb\Pictures\IMG\left_2026_07_29_19_39_17_887.jpg, C:\Users\ayubb\Pictures\IMG\right_2026_07_29_19_39_17_887.jpg, 0, 1, 0, 30.19029
C:\Users\ayubb\Pictures\IMG\center_2026_07_29_19_39_17_989.jpg, C:\Users\ayubb\Pictures\IMG\left_2026_07_29_19_39_17_989.jpg, C:\Users\ayubb\Pictures\IMG\right_2026_07_29_19_39_17_989.jpg, 0, 1, 0, 30.19029
C:\Users\ayubb\Pictures\IMG\center_2026_07_29_19_39_18_090.jpg, C:\Users\ayubb\Pictures\IMG\left_2026_07_29_19_39_18_090.jpg, C:\Users\ayubb\Pictures\IMG\right_2026_07_29_19_39_18_090.jpg, 0, 1, 0, 30.19031
C:\Users\ayubb\Pictures\IMG\center_2026_07_29_19_39_18_191.jpg, C:\Users\ayubb\Pictures\IMG\left_2026_07_29_19_39_18_191.jpg, C:\Users\ayubb\Pictures\IMG\right_2026_07_29_19_39_18_191.jpg, 0.1681404, 1, 0, 30.18282
C:\Users\ayubb\Pictures\IMG\center_2026_07_29_19_39_18_292.jpg, C:\Users\ayubb\Pictures\IMG\left_2026_07_29_19_39_18_292.jpg, C:\Users\ayubb\Pictures\IMG\right_2026_07_29_19_39_18_292.jpg, 0, 1, 0, 30.19
C:\Users\ayubb\Pictures\IMG\center_2026_07_29_19_39_18_392.jpg, C:\Users\ayubb\Pictures\IMG\left_2026_07_29_19_39_18_392.jpg, C:\Users\ayubb\Pictures\IMG\right_2026_07_29_19_39_18_392.jpg, 0, 1, 0, 30.19025
C:\Users\ayubb\Pictures\IMG\center_2026_07_29_19_39_18_493.jpg, C:\Users\ayubb\Pictures\IMG\left_2026_07_29_19_39_18_493.jpg, C:\Users\ayubb\Pictures\IMG\right_2026_07_29_19_39_18_493.jpg, 0, 1, 0, 30.19027
C:\Users\ayubb\Pictures\IMG\center_2026_07_29_19_39_18_596.jpg, C:\Users\ayubb\Pictures\IMG\left_2026_07_29_19_39_18_596.jpg, C:\Users\ayubb\Pictures\IMG\right_2026_07_29_19_39_18_596.jpg, 0, 1, 0, 30.19028
C:\Users\ayubb\Pictures\IMG\center_2026_07_29_19_39_18_698.jpg, C:\Users\ayubb\Pictures\IMG\left_2026_07_29_19_39_18_698.jpg, C:\Users\ayubb\Pictures\IMG\right_2026_07_29_19_39_18_698.jpg, 0, 1, 0, 30.19026
C:\Users\ayubb\Pictures\IMG\center_2026_07_29_19_39_18_798.jpg, C:\Users\ayubb\Pictures\IMG\left_2026_07_29_19_39_18_798.jpg, C:\Users\ayubb\Pictures\IMG\right_2026_07_29_19_39_18_798.jpg, 0, 1, 0, 30.1903
C:\Users\ayubb\Pictures\IMG\center_2026_07_29_19_39_18_898.jpg, C:\Users\ayubb\Pictures\IMG\left_2026_07_29_19_39_18_898.jpg, C:\Users\ayubb\Pictures\IMG\right_2026_07_29_19_39_18_898.jpg, 0, 1, 0, 30.19033
C:\Users\ayubb\Pictures\IMG\center_2026_07_29_19_39_19_000.jpg, C:\Users\ayubb\Pictures\IMG\left_2026_07_29_19_39_19_000.jpg, C:\Users\ayubb\Pictures\IMG\right_2026_07_29_19_39_19_000.jpg, 0, 1, 0, 30.1903
C:\Users\ayubb\Pictures\IMG\center_2026_07_29_19_39_19_102.jpg, C:\Users\ayubb\Pictures\IMG\left_2026_07_29_19_39_19_102.jpg, C:\Users\ayubb\Pictures\IMG\right_2026_07_29_19_39_19_102.jpg, 0, 1, 0, 30.1903
C:\Users\ayubb\Pictures\IMG\center_2026_07_29_19_39_19_203.jpg, C:\Users\ayubb\Pictures\IMG\left_2026_07_29_19_39_19_203.jpg, C:\Users\ayubb\Pictures\IMG\right_2026_07_29_19_39_19_203.jpg, 0, 1, 0, 30.1903
C:\Users\ayubb\Pictures\IMG\center_2026_07_29_19_39_19_305.jpg, C:\Users\ayubb\Pictures\IMG\left_2026_07_29_19_39_19_305.jpg, C:\Users\ayubb\Pictures\IMG\right_2026_07_29_19_39_19_305.jpg, 0, 1, 0, 30.19031
C:\Users\ayubb\Pictures\IMG\center_2026_07_29_19_39_19_406.jpg, C:\Users\ayubb\Pictures\IMG\left_2026_07_29_19_39_19_406.jpg, C:\Users\ayubb\Pictures\IMG\right_2026_07_29_19_39_19_406.jpg, 0, 1, 0, 30.19027
C:\Users\ayubb\Pictures\IMG\center_2026_07_29_19_39_19_507.jpg, C:\Users\ayubb\Pictures\IMG\left_2026_07_29_19_39_19_507.jpg, C:\Users\ayubb\Pictures\IMG\right_2026_07_29_19_39_19_507.jpg, 0.2741214, 1, 0, 30.17132
C:\Users\ayubb\Pictures\IMG\center_2026_07_29_19_39_19_607.jpg, C:\Users\ayubb\Pictures\IMG\left_2026_07_29_19_39_19_607.jpg, C:\Users\ayubb\Pictures\IMG\right_2026_07_29_19_39_19_607.jpg, 0.03604675, 1, 0, 30.19057
C:\Users\ayubb\Pictures\IMG\center_2026_07_29_19_39_19_709.jpg, C:\Users\ayubb\Pictures\IMG\left_2026_07_29_19_39_19_709.jpg, C:\Users\ayubb\Pictures\IMG\right_2026_07_29_19_39_19_709.jpg, 0, 1, 0, 30.18997
C:\Users\ayubb\Pictures\IMG\center_2026_07_29_19_39_19_811.jpg, C:\Users\ayubb\Pictures\IMG\left_2026_07_29_19_39_19_811.jpg, C:\Users\ayubb\Pictures\IMG\right_2026_07_29_19_39_19_811.jpg, 0, 1, 0, 30.19026
C:\Users\ayubb\Pictures\IMG\center_2026_07_29_19_39_19_911.jpg, C:\Users\ayubb\Pictures\IMG\left_2026_07_29_19_39_19_911.jpg, C:\Users\ayubb\Pictures\IMG\right_2026_07_29_19_39_19_911.jpg, 0, 1, 0, 30.19032
C:\Users\ayubb\Pictures\IMG\center_2026_07_29_19_39_20_014.jpg, C:\Users\ayubb\Pictures\IMG\left_2026_07_29_19_39_20_014.jpg, C:\Users\ayubb\Pictures\IMG\right_2026_07_29_19_39_20_014.jpg, 0, 1, 0, 30.19028
C:\Users\ayubb\Pictures\IMG\center_2026_07_29_19_39_20_114.jpg, C:\Users\ayubb\Pictures\IMG\left_2026_07_29_19_39_20_114.jpg, C:\Users\ayubb\Pictures\IMG\right_2026_07_29_19_39_20_114.jpg, -0.1546761, 1, 0, 30.18355
C:\Users\ayubb\Pictures\IMG\center_2026_07_29_19_39_20_216.jpg, C:\Users\ayubb\Pictures\IMG\left_2026_07_29_19_39_20_216.jpg, C:\Users\ayubb\Pictures\IMG\right_2026_07_29_19_39_20_216.jpg, -0.2598689, 1, 0, 30.18364
C:\Users\ayubb\Pictures\IMG\center_2026_07_29_19_39_20_317.jpg, C:\Users\ayubb\Pictures\IMG\left_2026_07_29_19_39_20_317.jpg, C:\Users\ayubb\Pictures\IMG\right_2026_07_29_19_39_20_317.jpg, 0, 1, 0, 30.18781
C:\Users\ayubb\Pictures\IMG\center_2026_07_29_19_39_20_419.jpg, C:\Users\ayubb\Pictures\IMG\left_2026_07_29_19_39_20_419.jpg, C:\Users\ayubb\Pictures\IMG\right_2026_07_29_19_39_20_419.jpg, 0, 1, 0, 30.18994
C:\Users\ayubb\Pictures\IMG\center_2026_07_29_19_39_20_519.jpg, C:\Users\ayubb\Pictures\IMG\left_2026_07_29_19_39_20_519.jpg, C:\Users\ayubb\Pictures\IMG\right_2026_07_29_19_39_20_519.jpg, 0.2584275, 1, 0, 30.16976
C:\Users\ayubb\Pictures\IMG\center_2026_07_29_19_39_20_621.jpg, C:\Users\ayubb\Pictures\IMG\left_2026_07_29_19_39_20_621.jpg, C:\Users\ayubb\Pictures\IMG\right_2026_07_29_19_39_20_621.jpg, 0, 1, 0, 30.18955
C:\Users\ayubb\Pictures\IMG\center_2026_07_29_19_39_20_723.jpg, C:\Users\ayubb\Pictures\IMG\left_2026_07_29_19_39_20_723.jpg, C:\Users\ayubb\Pictures\IMG\right_2026_07_29_19_39_20_723.jpg, 0, 1, 0, 30.19012
C:\Users\ayubb\Pictures\IMG\center_2026_07_29_19_39_20_824.jpg, C:\Users\ayubb\Pictures\IMG\left_2026_07_29_19_39_20_824.jpg, C:\Users\ayubb\Pictures\IMG\right_2026_07_29_19_39_20_824.jpg, 0, 1, 0, 30.19028
C:\Users\ayubb\Pictures\IMG\center_2026_07_29_19_39_20_925.jpg, C:\Users\ayubb\Pictures\IMG\left_2026_07_29_19_39_20_925.jpg, C:\Users\ayubb\Pictures\IMG\right_2026_07_29_19_39_20_925.jpg, 0, 1, 0, 30.19028
C:\Users\ayubb\Pictures\IMG\center_2026_07_29_19_39_21_026.jpg, C:\Users\ayubb\Pictures\IMG\left_2026_07_29_19_39_21_026.jpg, C:\Users\ayubb\Pictures\IMG\right_2026_07_29_19_39_21_026.jpg, 0, 1, 0, 30.1903
C:\Users\ayubb\Pictures\IMG\center_2026_07_29_19_39_21_128.jpg, C:\Users\ayubb\Pictures\IMG\left_2026_07_29_19_39_21_128.jpg, C:\Users\ayubb\Pictures\IMG\right_2026_07_29_19_39_21_128.jpg, 0, 1, 0, 30.1903
C:\Users\ayubb\Pictures\IMG\center_2026_07_29_19_39_21_229.jpg, C:\Users\ayubb\Pictures\IMG\left_2026_07_29_19_39_21_229.jpg, C:\Users\ayubb\Pictures\IMG\right_2026_07_29_19_39_21_229.jpg, 0, 1, 0, 30.1903
C:\Users\ayubb\Pictures\IMG\center_2026_07_29_19_39_21_330.jpg, C:\Users\ayubb\Pictures\IMG\left_2026_07_29_19_39_21_330.jpg, C:\Users\ayubb\Pictures\IMG\right_2026_07_29_19_39_21_330.jpg, 0, 1, 0, 30.19029
C:\Users\ayubb\Pictures\IMG\center_2026_07_29_19_39_21_431.jpg, C:\Users\ayubb\Pictures\IMG\left_2026_07_29_19_39_21_431.jpg, C:\Users\ayubb\Pictures\IMG\right_2026_07_29_19_39_21_431.jpg, 0, 1, 0, 30.1903
C:\Users\ayubb\Pictures\IMG\center_2026_07_29_19_39_21_532.jpg, C:\Users\ayubb\Pictures\IMG\left_2026_07_29_19_39_21_532.jpg, C:\Users\ayubb\Pictures\IMG\right_2026_07_29_19_39_21_532.jpg, 0, 1, 0, 30.19031
C:\Users\ayubb\Pictures\IMG\center_2026_07_29_19_39_21_633.jpg, C:\Users\ayubb\Pictures\IMG\left_2026_07_29_19_39_21_633.jpg, C:\Users\ayubb\Pictures\IMG\right_2026_07_29_19_39_21_633.jpg, 0, 1, 0, 30.19031
C:\Users\ayubb\Pictures\IMG\center_2026_07_29_19_39_21_736.jpg, C:\Users\ayubb\Pictures\IMG\left_2026_07_29_19_39_21_736.jpg, C:\Users\ayubb\Pictures\IMG\right_2026_07_29_19_39_21_736.jpg, 0, 1, 0, 30.19033
C:\Users\ayubb\Pictures\IMG\center_2026_07_29_19_39_21_836.jpg, C:\Users\ayubb\Pictures\IMG\left_2026_07_29_19_39_21_836.jpg, C:\Users\ayubb\Pictures\IMG\right_2026_07_29_19_39_21_836.jpg, 0.2265555, 1, 0, 30.17649
C:\Users\ayubb\Pictures\IMG\center_2026_07_29_19_39_21_938.jpg, C:\Users\ayubb\Pictures\IMG\left_2026_07_29_19_39_21_938.jpg, C:\Users\ayubb\Pictures\IMG\right_2026_07_29_19_39_21_938.jpg, 0.2930694, 1, 0, 30.1808
C:\Users\ayubb\Pictures\IMG\center_2026_07_29_19_39_22_039.jpg, C:\Users\ayubb\Pictures\IMG\left_2026_07_29_19_39_22_039.jpg, C:\Users\ayubb\Pictures\IMG\right_2026_07_29_19_39_22_039.jpg, 0, 1, 0, 30.18784
C:\Users\ayubb\Pictures\IMG\center_2026_07_29_19_39_22_142.jpg, C:\Users\ayubb\Pictures\IMG\left_2026_07_29_19_39_22_142.jpg, C:\Users\ayubb\Pictures\IMG\right_2026_07_29_19_39_22_142.jpg, 0, 1, 0, 30.18982
C:\Users\ayubb\Pictures\IMG\center_2026_07_29_19_39_22_244.jpg, C:\Users\ayubb\Pictures\IMG\left_2026_07_29_19_39_22_244.jpg, C:\Users\ayubb\Pictures\IMG\right_2026_07_29_19_39_22_244.jpg, 0, 1, 0, 30.19025
C:\Users\ayubb\Pictures\IMG\center_2026_07_29_19_39_22_344.jpg, C:\Users\ayubb\Pictures\IMG\left_2026_07_29_19_39_22_344.jpg, C:\Users\ayubb\Pictures\IMG\right_2026_07_29_19_39_22_344.jpg, 0, 1, 0, 30.1903
C:\Users\ayubb\Pictures\IMG\center_2026_07_29_19_39_22_447.jpg, C:\Users\ayubb\Pictures\IMG\left_2026_07_29_19_39_22_447.jpg, C:\Users\ayubb\Pictures\IMG\right_2026_07_29_19_39_22_447.jpg, 0, 1, 0, 30.19032
C:\Users\ayubb\Pictures\IMG\center_2026_07_29_19_39_22_548.jpg, C:\Users\ayubb\Pictures\IMG\left_2026_07_29_19_39_22_548.jpg, C:\Users\ayubb\Pictures\IMG\right_2026_07_29_19_39_22_548.jpg, 0, 1, 0, 30.19029
C:\Users\ayubb\Pictures\IMG\center_2026_07_29_19_39_22_648.jpg, C:\Users\ayubb\Pictures\IMG\left_2026_07_29_19_39_22_648.jpg, C:\Users\ayubb\Pictures\IMG\right_2026_07_29_19_39_22_648.jpg, 0, 1, 0, 30.1903
C:\Users\ayubb\Pictures\IMG\center_2026_07_29_19_39_22_752.jpg, C:\Users\ayubb\Pictures\IMG\left_2026_07_29_19_39_22_752.jpg, C:\Users\ayubb\Pictures\IMG\right_2026_07_29_19_39_22_752.jpg, 0, 1, 0, 30.19031
C:\Users\ayubb\Pictures\IMG\center_2026_07_29_19_39_22_852.jpg, C:\Users\ayubb\Pictures\IMG\left_2026_07_29_19_39_22_852.jpg, C:\Users\ayubb\Pictures\IMG\right_2026_07_29_19_39_22_852.jpg, 0, 1, 0, 30.19038
C:\Users\ayubb\Pictures\IMG\center_2026_07_29_19_39_22_953.jpg, C:\Users\ayubb\Pictures\IMG\left_2026_07_29_19_39_22_953.jpg, C:\Users\ayubb\Pictures\IMG\right_2026_07_29_19_39_22_953.jpg, 0, 1, 0, 30.1903
C:\Users\ayubb\Pictures\IMG\center_2026_07_29_19_39_23_056.jpg, C:\Users\ayubb\Pictures\IMG\left_2026_07_29_19_39_23_056.jpg, C:\Users\ayubb\Pictures\IMG\right_2026_07_29_19_39_23_056.jpg, 0, 1, 0, 30.19044
C:\Users\ayubb\Pictures\IMG\center_2026_07_29_19_39_23_159.jpg, C:\Users\ayubb\Pictures\IMG\left_2026_07_29_19_39_23_159.jpg, C:\Users\ayubb\Pictures\IMG\right_2026_07_29_19_39_23_159.jpg, 0, 1, 0, 30.19028
C:\Users\ayubb\Pictures\IMG\center_2026_07_29_19_39_23_260.jpg, C:\Users\ayubb\Pictures\IMG\left_2026_07_29_19_39_23_260.jpg, C:\Users\ayubb\Pictures\IMG\right_2026_07_29_19_39_23_260.jpg, 0, 1, 0, 30.19028
C:\Users\ayubb\Pictures\IMG\center_2026_07_29_19_39_23_363.jpg, C:\Users\ayubb\Pictures\IMG\left_2026_07_29_19_39_23_363.jpg, C:\Users\ayubb\Pictures\IMG\right_2026_07_29_19_39_23_363.jpg, 0, 1, 0, 30.19028
C:\Users\ayubb\Pictures\IMG\center_2026_07_29_19_39_23_466.jpg, C:\Users\ayubb\Pictures\IMG\left_2026_07_29_19_39_23_466.jpg, C:\Users\ayubb\Pictures\IMG\right_2026_07_29_19_39_23_466.jpg, 0, 1, 0, 30.19029
C:\Users\ayubb\Pictures\IMG\center_2026_07_29_19_39_23_566.jpg, C:\Users\ayubb\Pictures\IMG\left_2026_07_29_19_39_23_566.jpg, C:\Users\ayubb\Pictures\IMG\right_2026_07_29_19_39_23_566.jpg, 0, 1, 0, 30.19024
C:\Users\ayubb\Pictures\IMG\center_2026_07_29_19_39_23_669.jpg, C:\Users\ayubb\Pictures\IMG\left_2026_07_29_19_39_23_669.jpg, C:\Users\ayubb\Pictures\IMG\right_2026_07_29_19_39_23_669.jpg, 0, 1, 0, 30.19014
C:\Users\ayubb\Pictures\IMG\center_2026_07_29_19_39_23_772.jpg, C:\Users\ayubb\Pictures\IMG\left_2026_07_29_19_39_23_772.jpg, C:\Users\ayubb\Pictures\IMG\right_2026_07_29_19_39_23_772.jpg, 0, 1, 0, 30.1902
C:\Users\ayubb\Pictures\IMG\center_2026_07_29_19_39_23_873.jpg, C:\Users\ayubb\Pictures\IMG\left_2026_07_29_19_39_23_873.jpg, C:\Users\ayubb\Pictures\IMG\right_2026_07_29_19_39_23_873.jpg, 0, 1, 0, 30.19038
C:\Users\ayubb\Pictures\IMG\center_2026_07_29_19_39_23_977.jpg, C:\Users\ayubb\Pictures\IMG\left_2026_07_29_19_39_23_977.jpg, C:\Users\ayubb\Pictures\IMG\right_2026_07_29_19_39_23_977.jpg, 0, 1, 0, 30.19022
C:\Users\ayubb\Pictures\IMG\center_2026_07_29_19_39_24_077.jpg, C:\Users\ayubb\Pictures\IMG\left_2026_07_29_19_39_24_077.jpg, C:\Users\ayubb\Pictures\IMG\right_2026_07_29_19_39_24_077.jpg, 0, 1, 0, 30.19022
C:\Users\ayubb\Pictures\IMG\center_2026_07_29_19_39_24_179.jpg, C:\Users\ayubb\Pictures\IMG\left_2026_07_29_19_39_24_179.jpg, C:\Users\ayubb\Pictures\IMG\right_2026_07_29_19_39_24_179.jpg, 0, 1, 0, 30.19021
C:\Users\ayubb\Pictures\IMG\center_2026_07_29_19_39_24_280.jpg, C:\Users\ayubb\Pictures\IMG\left_2026_07_29_19_39_24_280.jpg, C:\Users\ayubb\Pictures\IMG\right_2026_07_29_19_39_24_280.jpg, 0, 1, 0, 30.19074
C:\Users\ayubb\Pictures\IMG\center_2026_07_29_19_39_24_383.jpg, C:\Users\ayubb\Pictures\IMG\left_2026_07_29_19_39_24_383.jpg, C:\Users\ayubb\Pictures\IMG\right_2026_07_29_19_39_24_383.jpg, 0, 1, 0, 30.19036
C:\Users\ayubb\Pictures\IMG\center_2026_07_29_19_39_24_485.jpg, C:\Users\ayubb\Pictures\IMG\left_2026_07_29_19_39_24_485.jpg, C:\Users\ayubb\Pictures\IMG\right_2026_07_29_19_39_24_485.jpg, 0, 1, 0, 30.19024
C:\Users\ayubb\Pictures\IMG\center_2026_07_29_19_39_24_585.jpg, C:\Users\ayubb\Pictures\IMG\left_2026_07_29_19_39_24_585.jpg, C:\Users\ayubb\Pictures\IMG\right_2026_07_29_19_39_24_585.jpg, 0, 1, 0, 30.19044
C:\Users\ayubb\Pictures\IMG\center_2026_07_29_19_39_24_687.jpg, C:\Users\ayubb\Pictures\IMG\left_2026_07_29_19_39_24_687.jpg, C:\Users\ayubb\Pictures\IMG\right_2026_07_29_19_39_24_687.jpg, 0.0028848, 1, 0, 30.19013
C:\Users\ayubb\Pictures\IMG\center_2026_07_29_19_39_24_787.jpg, C:\Users\ayubb\Pictures\IMG\left_2026_07_29_19_39_24_787.jpg, C:\Users\ayubb\Pictures\IMG\right_2026_07_29_19_39_24_787.jpg, 0, 1, 0, 30.19031
C:\Users\ayubb\Pictures\IMG\center_2026_07_29_19_39_24_890.jpg, C:\Users\ayubb\Pictures\IMG\left_2026_07_29_19_39_24_890.jpg, C:\Users\ayubb\Pictures\IMG\right_2026_07_29_19_39_24_890.jpg, 0, 1, 0, 30.19051
C:\Users\ayubb\Pictures\IMG\center_2026_07_29_19_39_24_991.jpg, C:\Users\ayubb\Pictures\IMG\left_2026_07_29_19_39_24_991.jpg, C:\Users\ayubb\Pictures\IMG\right_2026_07_29_19_39_24_991.jpg, 0, 1, 0, 30.19027
C:\Users\ayubb\Pictures\IMG\center_2026_07_29_19_39_25_094.jpg, C:\Users\ayubb\Pictures\IMG\left_2026_07_29_19_39_25_094.jpg, C:\Users\ayubb\Pictures\IMG\right_2026_07_29_19_39_25_094.jpg, 0, 1, 0, 30.19043
C:\Users\ayubb\Pictures\IMG\center_2026_07_29_19_39_25_197.jpg, C:\Users\ayubb\Pictures\IMG\left_2026_07_29_19_39_25_197.jpg, C:\Users\ayubb\Pictures\IMG\right_2026_07_29_19_39_25_197.jpg, 0, 1, 0, 30.19029
C:\Users\ayubb\Pictures\IMG\center_2026_07_29_19_39_25_298.jpg, C:\Users\ayubb\Pictures\IMG\left_2026_07_29_19_39_25_298.jpg, C:\Users\ayubb\Pictures\IMG\right_2026_07_29_19_39_25_298.jpg, 0, 1, 0, 30.1903
C:\Users\ayubb\Pictures\IMG\center_2026_07_29_19_39_25_401.jpg, C:\Users\ayubb\Pictures\IMG\left_2026_07_29_19_39_25_401.jpg, C:\Users\ayubb\Pictures\IMG\right_2026_07_29_19_39_25_401.jpg, 0, 1, 0, 30.19029
C:\Users\ayubb\Pictures\IMG\center_2026_07_29_19_39_25_503.jpg, C:\Users\ayubb\Pictures\IMG\left_2026_07_29_19_39_25_503.jpg, C:\Users\ayubb\Pictures\IMG\right_2026_07_29_19_39_25_503.jpg, 0, 1, 0, 30.19029
C:\Users\ayubb\Pictures\IMG\center_2026_07_29_19_39_25_603.jpg, C:\Users\ayubb\Pictures\IMG\left_2026_07_29_19_39_25_603.jpg, C:\Users\ayubb\Pictures\IMG\right_2026_07_29_19_39_25_603.jpg, 0, 1, 0, 30.1903
C:\Users\ayubb\Pictures\IMG\center_2026_07_29_19_39_25_706.jpg, C:\Users\ayubb\Pictures\IMG\left_2026_07_29_19_39_25_706.jpg, C:\Users\ayubb\Pictures\IMG\right_2026_07_29_19_39_25_706.jpg, 0, 1, 0, 30.19028
C:\Users\ayubb\Pictures\IMG\center_2026_07_29_19_39_25_809.jpg, C:\Users\ayubb\Pictures\IMG\left_2026_07_29_19_39_25_809.jpg, C:\Users\ayubb\Pictures\IMG\right_2026_07_29_19_39_25_809.jpg, 0, 1, 0, 30.1903
C:\Users\ayubb\Pictures\IMG\center_2026_07_29_19_39_25_908.jpg, C:\Users\ayubb\Pictures\IMG\left_2026_07_29_19_39_25_908.jpg, C:\Users\ayubb\Pictures\IMG\right_2026_07_29_19_39_25_908.jpg, 0, 1, 0, 30.1903
C:\Users\ayubb\Pictures\IMG\center_2026_07_29_19_39_26_010.jpg, C:\Users\ayubb\Pictures\IMG\left_2026_07_29_19_39_26_010.jpg, C:\Users\ayubb\Pictures\IMG\right_2026_07_29_19_39_26_010.jpg, 0, 1, 0, 30.1903
C:\Users\ayubb\Pictures\IMG\center_2026_07_29_19_39_26_112.jpg, C:\Users\ayubb\Pictures\IMG\left_2026_07_29_19_39_26_112.jpg, C:\Users\ayubb\Pictures\IMG\right_2026_07_29_19_39_26_112.jpg, 0.0189345, 1, 0, 30.19023
C:\Users\ayubb\Pictures\IMG\center_2026_07_29_19_39_26_213.jpg, C:\Users\ayubb\Pictures\IMG\left_2026_07_29_19_39_26_213.jpg, C:\Users\ayubb\Pictures\IMG\right_2026_07_29_19_39_26_213.jpg, 0.2925591, 1, 0, 30.16964
C:\Users\ayubb\Pictures\IMG\center_2026_07_29_19_39_26_315.jpg, C:\Users\ayubb\Pictures\IMG\left_2026_07_29_19_39_26_315.jpg, C:\Users\ayubb\Pictures\IMG\right_2026_07_29_19_39_26_315.jpg, 0, 1, 0, 30.18923
C:\Users\ayubb\Pictures\IMG\center_2026_07_29_19_39_26_419.jpg, C:\Users\ayubb\Pictures\IMG\left_2026_07_29_19_39_26_419.jpg, C:\Users\ayubb\Pictures\IMG\right_2026_07_29_19_39_26_419.jpg, 0, 1, 0, 30.19014
C:\Users\ayubb\Pictures\IMG\center_2026_07_29_19_39_26_521.jpg, C:\Users\ayubb\Pictures\IMG\left_2026_07_29_19_39_26_521.jpg, C:\Users\ayubb\Pictures\IMG\right_2026_07_29_19_39_26_521.jpg, 0.007412407, 1, 0, 30.19068
C:\Users\ayubb\Pictures\IMG\center_2026_07_29_19_39_26_621.jpg, C:\Users\ayubb\Pictures\IMG\left_2026_07_29_19_39_26_621.jpg, C:\Users\ayubb\Pictures\IMG\right_2026_07_29_19_39_26_621.jpg, 0, 1, 0, 30.19027
C:\Users\ayubb\Pictures\IMG\center_2026_07_29_19_39_26_723.jpg, C:\Users\ayubb\Pictures\IMG\left_2026_07_29_19_39_26_723.jpg, C:\Users\ayubb\Pictures\IMG\right_2026_07_29_19_39_26_723.jpg, 0.0833328, 1, 0, 30.1889
C:\Users\ayubb\Pictures\IMG\center_2026_07_29_19_39_26_823.jpg, C:\Users\ayubb\Pictures\IMG\left_2026_07_29_19_39_26_823.jpg, C:\Users\ayubb\Pictures\IMG\right_2026_07_29_19_39_26_823.jpg, 0.03870117, 1, 0, 30.19044
C:\Users\ayubb\Pictures\IMG\center_2026_07_29_19_39_26_925.jpg, C:\Users\ayubb\Pictures\IMG\left_2026_07_29_19_39_26_925.jpg, C:\Users\ayubb\Pictures\IMG\right_2026_07_29_19_39_26_925.jpg, 0, 1, 0, 30.19017
C:\Users\ayubb\Pictures\IMG\center_2026_07_29_19_39_27_028.jpg, C:\Users\ayubb\Pictures\IMG\left_2026_07_29_19_39_27_028.jpg, C:\Users\ayubb\Pictures\IMG\right_2026_07_29_19_39_27_028.jpg, 0, 1, 0, 30.19025
C:\Users\ayubb\Pictures\IMG\center_2026_07_29_19_39_27_131.jpg, C:\Users\ayubb\Pictures\IMG\left_2026_07_29_19_39_27_131.jpg, C:\Users\ayubb\Pictures\IMG\right_2026_07_29_19_39_27_131.jpg, 0, 1, 0, 30.19027
C:\Users\ayubb\Pictures\IMG\center_2026_07_29_19_39_27_235.jpg, C:\Users\ayubb\Pictures\IMG\left_2026_07_29_19_39_27_235.jpg, C:\Users\ayubb\Pictures\IMG\right_2026_07_29_19_39_27_235.jpg, 0.071454, 1, 0, 30.18905
C:\Users\ayubb\Pictures\IMG\center_2026_07_29_19_39_27_337.jpg, C:\Users\ayubb\Pictures\IMG\left_2026_07_29_19_39_27_337.jpg, C:\Users\ayubb\Pictures\IMG\right_2026_07_29_19_39_27_337.jpg, 0.1416552, 1, 0, 30.18899
C:\Users\ayubb\Pictures\IMG\center_2026_07_29_19_39_27_439.jpg, C:\Users\ayubb\Pictures\IMG\left_2026_07_29_19_39_27_439.jpg, C:\Users\ayubb\Pictures\IMG\right_2026_07_29_19_39_27_439.jpg, 0, 1, 0, 30.18973
C:\Users\ayubb\Pictures\IMG\center_2026_07_29_19_39_27_541.jpg, C:\Users\ayubb\Pictures\IMG\left_2026_07_29_19_39_27_541.jpg, C:\Users\ayubb\Pictures\IMG\right_2026_07_29_19_39_27_541.jpg, 0.0199212, 1, 0, 30.19029
C:\Users\ayubb\Pictures\IMG\center_2026_07_29_19_39_27_643.jpg, C:\Users\ayubb\Pictures\IMG\left_2026_07_29_19_39_27_643.jpg, C:\Users\ayubb\Pictures\IMG\right_2026_07_29_19_39_27_643.jpg, 0, 1, 0, 30.19028
C:\Users\ayubb\Pictures\IMG\center_2026_07_29_19_39_27_744.jpg, C:\Users\ayubb\Pictures\IMG\left_2026_07_29_19_39_27_744.jpg, C:\Users\ayubb\Pictures\IMG\right_2026_07_29_19_39_27_744.jpg, 0, 1, 0, 30.19029
C:\Users\ayubb\Pictures\IMG\center_2026_07_29_19_39_27_846.jpg, C:\Users\ayubb\Pictures\IMG\left_2026_07_29_19_39_27_846.jpg, C:\Users\ayubb\Pictures\IMG\right_2026_07_29_19_39_27_846.jpg, 0, 1, 0, 30.1903
C:\Users\ayubb\Pictures\IMG\center_2026_07_29_19_39_27_947.jpg, C:\Users\ayubb\Pictures\IMG\left_2026_07_29_19_39_27_947.jpg, C:\Users\ayubb\Pictures\IMG\right_2026_07_29_19_39_27_947.jpg, 0, 1, 0, 30.19014
C:\Users\ayubb\Pictures\IMG\center_2026_07_29_19_39_28_049.jpg, C:\Users\ayubb\Pictures\IMG\left_2026_07_29_19_39_28_049.jpg, C:\Users\ayubb\Pictures\IMG\right_2026_07_29_19_39_28_049.jpg, -0.2842461, 1, 0, 30.16992
C:\Users\ayubb\Pictures\IMG\center_2026_07_29_19_39_28_150.jpg, C:\Users\ayubb\Pictures\IMG\left_2026_07_29_19_39_28_150.jpg, C:\Users\ayubb\Pictures\IMG\right_2026_07_29_19_39_28_150.jpg, -0.01136913, 1, 0, 30.18952
C:\Users\ayubb\Pictures\IMG\center_2026_07_29_19_39_28_251.jpg, C:\Users\ayubb\Pictures\IMG\left_2026_07_29_19_39_28_251.jpg, C:\Users\ayubb\Pictures\IMG\right_2026_07_29_19_39_28_251.jpg, 0.134364, 1, 0, 30.18157
C:\Users\ayubb\Pictures\IMG\center_2026_07_29_19_39_28_352.jpg, C:\Users\ayubb\Pictures\IMG\left_2026_07_29_19_39_28_352.jpg, C:\Users\ayubb\Pictures\IMG\right_2026_07_29_19_39_28_352.jpg, 0.1915083, 1, 0, 30.18467
C:\Users\ayubb\Pictures\IMG\center_2026_07_29_19_39_28_457.jpg, C:\Users\ayubb\Pictures\IMG\left_2026_07_29_19_39_28_457.jpg, C:\Users\ayubb\Pictures\IMG\right_2026_07_29_19_39_28_457.jpg, -0.0243807, 1, 0, 30.18906
C:\Users\ayubb\Pictures\IMG\center_2026_07_29_19_39_28_559.jpg, C:\Users\ayubb\Pictures\IMG\left_2026_07_29_19_39_28_559.jpg, C:\Users\ayubb\Pictures\IMG\right_2026_07_29_19_39_28_559.jpg, -0.3322611, 1, 0, 30.16054
C:\Users\ayubb\Pictures\IMG\center_2026_07_29_19_39_28_661.jpg, C:\Users\ayubb\Pictures\IMG\left_2026_07_29_19_39_28_661.jpg, C:\Users\ayubb\Pictures\IMG\right_2026_07_29_19_39_28_661.jpg, -0.04031282, 1, 0, 30.1905
C:\Users\ayubb\Pictures\IMG\center_2026_07_29_19_39_28_761.jpg, C:\Users\ayubb\Pictures\IMG\left_2026_07_29_19_39_28_761.jpg, C:\Users\ayubb\Pictures\IMG\right_2026_07_29_19_39_28_761.jpg, 0, 1, 0, 30.19036
C:\Users\ayubb\Pictures\IMG\center_2026_07_29_19_39_28_863.jpg, C:\Users\ayubb\Pictures\IMG\left_2026_07_29_19_39_28_863.jpg, C:\Users\ayubb\Pictures\IMG\right_2026_07_29_19_39_28_863.jpg, 0, 1, 0, 30.19026
C:\Users\ayubb\Pictures\IMG\center_2026_07_29_19_39_28_965.jpg, C:\Users\ayubb\Pictures\IMG\left_2026_07_29_19_39_28_965.jpg, C:\Users\ayubb\Pictures\IMG\right_2026_07_29_19_39_28_965.jpg, 0, 1, 0, 30.1902
C:\Users\ayubb\Pictures\IMG\center_2026_07_29_19_39_29_066.jpg, C:\Users\ayubb\Pictures\IMG\left_2026_07_29_19_39_29_066.jpg, C:\Users\ayubb\Pictures\IMG\right_2026_07_29_19_39_29_066.jpg, 0, 1, 0, 30.19019
C:\Users\ayubb\Pictures\IMG\center_2026_07_29_19_39_29_165.jpg, C:\Users\ayubb\Pictures\IMG\left_2026_07_29_19_39_29_165.jpg, C:\Users\ayubb\Pictures\IMG\right_2026_07_29_19_39_29_165.jpg, 0, 1, 0, 30.19029
C:\Users\ayubb\Pictures\IMG\center_2026_07_29_19_39_29_267.jpg, C:\Users\ayubb\Pictures\IMG\left_2026_07_29_19_39_29_267.jpg, C:\Users\ayubb\Pictures\IMG\right_2026_07_29_19_39_29_267.jpg, 0, 1, 0, 30.1903
C:\Users\ayubb\Pictures\IMG\center_2026_07_29_19_39_29_371.jpg, C:\Users\ayubb\Pictures\IMG\left_2026_07_29_19_39_29_371.jpg, C:\Users\ayubb\Pictures\IMG\right_2026_07_29_19_39_29_371.jpg, 0.1376358, 1, 0, 30.18517
C:\Users\ayubb\Pictures\IMG\center_2026_07_29_19_39_29_473.jpg, C:\Users\ayubb\Pictures\IMG\left_2026_07_29_19_39_29_473.jpg, C:\Users\ayubb\Pictures\IMG\right_2026_07_29_19_39_29_473.jpg, 0, 1, 0, 30.19
C:\Users\ayubb\Pictures\IMG\center_2026_07_29_19_39_29_575.jpg, C:\Users\ayubb\Pictures\IMG\left_2026_07_29_19_39_29_575.jpg, C:\Users\ayubb\Pictures\IMG\right_2026_07_29_19_39_29_575.jpg, 0, 1, 0, 30.19027
C:\Users\ayubb\Pictures\IMG\center_2026_07_29_19_39_29_679.jpg, C:\Users\ayubb\Pictures\IMG\left_2026_07_29_19_39_29_679.jpg, C:\Users\ayubb\Pictures\IMG\right_2026_07_29_19_39_29_679.jpg, 0, 1, 0, 30.19034
C:\Users\ayubb\Pictures\IMG\center_2026_07_29_19_39_29_782.jpg, C:\Users\ayubb\Pictures\IMG\left_2026_07_29_19_39_29_782.jpg, C:\Users\ayubb\Pictures\IMG\right_2026_07_29_19_39_29_782.jpg, 0, 1, 0, 30.19029
C:\Users\ayubb\Pictures\IMG\center_2026_07_29_19_39_29_885.jpg, C:\Users\ayubb\Pictures\IMG\left_2026_07_29_19_39_29_885.jpg, C:\Users\ayubb\Pictures\IMG\right_2026_07_29_19_39_29_885.jpg, 0, 1, 0, 30.1903
C:\Users\ayubb\Pictures\IMG\center_2026_07_29_19_39_29_985.jpg, C:\Users\ayubb\Pictures\IMG\left_2026_07_29_19_39_29_985.jpg, C:\Users\ayubb\Pictures\IMG\right_2026_07_29_19_39_29_985.jpg, 0, 1, 0, 30.1903
C:\Users\ayubb\Pictures\IMG\center_2026_07_29_19_39_30_085.jpg, C:\Users\ayubb\Pictures\IMG\left_2026_07_29_19_39_30_085.jpg, C:\Users\ayubb\Pictures\IMG\right_2026_07_29_19_39_30_085.jpg, 0.0735864, 1, 0, 30.18903
C:\Users\ayubb\Pictures\IMG\center_2026_07_29_19_39_30_188.jpg, C:\Users\ayubb\Pictures\IMG\left_2026_07_29_19_39_30_188.jpg, C:\Users\ayubb\Pictures\IMG\right_2026_07_29_19_39_30_188.jpg, 0.1486323, 1, 0, 30.18745
C:\Users\ayubb\Pictures\IMG\center_2026_07_29_19_39_30_290.jpg, C:\Users\ayubb\Pictures\IMG\left_2026_07_29_19_39_30_290.jpg, C:\Users\ayubb\Pictures\IMG\right_2026_07_29_19_39_30_290.jpg, 0, 1, 0, 30.18987
C:\Users\ayubb\Pictures\IMG\center_2026_07_29_19_39_30_393.jpg, C:\Users\ayubb\Pictures\IMG\left_2026_07_29_19_39_30_393.jpg, C:\Users\ayubb\Pictures\IMG\right_2026_07_29_19_39_30_393.jpg, 0.156198, 1, 0, 30.18547
C:\Users\ayubb\Pictures\IMG\center_2026_07_29_19_39_30_495.jpg, C:\Users\ayubb\Pictures\IMG\left_2026_07_29_19_39_30_495.jpg, C:\Users\ayubb\Pictures\IMG\right_2026_07_29_19_39_30_495.jpg, 0.1103165, 1, 0, 30.19051
C:\Users\ayubb\Pictures\IMG\center_2026_07_29_19_39_30_597.jpg, C:\Users\ayubb\Pictures\IMG\left_2026_07_29_19_39_30_597.jpg, C:\Users\ayubb\Pictures\IMG\right_2026_07_29_19_39_30_597.jpg, 0, 1, 0, 30.18999
C:\Users\ayubb\Pictures\IMG\center_2026_07_29_19_39_30_699.jpg, C:\Users\ayubb\Pictures\IMG\left_2026_07_29_19_39_30_699.jpg, C:\Users\ayubb\Pictures\IMG\right_2026_07_29_19_39_30_699.jpg, 0.306519, 1, 0, 30.17027
C:\Users\ayubb\Pictures\IMG\center_2026_07_29_19_39_30_800.jpg, C:\Users\ayubb\Pictures\IMG\left_2026_07_29_19_39_30_800.jpg, C:\Users\ayubb\Pictures\IMG\right_2026_07_29_19_39_30_800.jpg, 0.002521461, 1, 0, 30.18948
C:\Users\ayubb\Pictures\IMG\center_2026_07_29_19_39_30_903.jpg, C:\Users\ayubb\Pictures\IMG\left_2026_07_29_19_39_30_903.jpg, C:\Users\ayubb\Pictures\IMG\right_2026_07_29_19_39_30_903.jpg, 0, 1, 0, 30.1901
C:\Users\ayubb\Pictures\IMG\center_2026_07_29_19_39_31_003.jpg, C:\Users\ayubb\Pictures\IMG\left_2026_07_29_19_39_31_003.jpg, C:\Users\ayubb\Pictures\IMG\right_2026_07_29_19_39_31_003.jpg, 0.1721958, 1, 0, 30.18414
C:\Users\ayubb\Pictures\IMG\center_2026_07_29_19_39_31_105.jpg, C:\Users\ayubb\Pictures\IMG\left_2026_07_29_19_39_31_105.jpg, C:\Users\ayubb\Pictures\IMG\right_2026_07_29_19_39_31_105.jpg, 0.05418627, 1, 0, 30.19098
C:\Users\ayubb\Pictures\IMG\center_2026_07_29_19_39_31_209.jpg, C:\Users\ayubb\Pictures\IMG\left_2026_07_29_19_39_31_209.jpg, C:\Users\ayubb\Pictures\IMG\right_2026_07_29_19_39_31_209.jpg, 0, 1, 0, 30.19008
C:\Users\ayubb\Pictures\IMG\center_2026_07_29_19_39_31_308.jpg, C:\Users\ayubb\Pictures\IMG\left_2026_07_29_19_39_31_308.jpg, C:\Users\ayubb\Pictures\IMG\right_2026_07_29_19_39_31_308.jpg, 0, 1, 0, 30.19027
C:\Users\ayubb\Pictures\IMG\center_2026_07_29_19_39_31_409.jpg, C:\Users\ayubb\Pictures\IMG\left_2026_07_29_19_39_31_409.jpg, C:\Users\ayubb\Pictures\IMG\right_2026_07_29_19_39_31_409.jpg, 0, 1, 0, 30.19029
C:\Users\ayubb\Pictures\IMG\center_2026_07_29_19_39_31_511.jpg, C:\Users\ayubb\Pictures\IMG\left_2026_07_29_19_39_31_511.jpg, C:\Users\ayubb\Pictures\IMG\right_2026_07_29_19_39_31_511.jpg, 0, 1, 0, 30.1903
C:\Users\ayubb\Pictures\IMG\center_2026_07_29_19_39_31_613.jpg, C:\Users\ayubb\Pictures\IMG\left_2026_07_29_19_39_31_613.jpg, C:\Users\ayubb\Pictures\IMG\right_2026_07_29_19_39_31_613.jpg, 0, 1, 0, 30.1903
C:\Users\ayubb\Pictures\IMG\center_2026_07_29_19_39_31_714.jpg, C:\Users\ayubb\Pictures\IMG\left_2026_07_29_19_39_31_714.jpg, C:\Users\ayubb\Pictures\IMG\right_2026_07_29_19_39_31_714.jpg, 0, 1, 0, 30.19029
C:\Users\ayubb\Pictures\IMG\center_2026_07_29_19_39_31_815.jpg, C:\Users\ayubb\Pictures\IMG\left_2026_07_29_19_39_31_815.jpg, C:\Users\ayubb\Pictures\IMG\right_2026_07_29_19_39_31_815.jpg, 0, 1, 0, 30.1903
C:\Users\ayubb\Pictures\IMG\center_2026_07_29_19_39_31_916.jpg, C:\Users\ayubb\Pictures\IMG\left_2026_07_29_19_39_31_916.jpg, C:\Users\ayubb\Pictures\IMG\right_2026_07_29_19_39_31_916.jpg, 0, 1, 0, 30.1903
C:\Users\ayubb\Pictures\IMG\center_2026_07_29_19_39_32_017.jpg, C:\Users\ayubb\Pictures\IMG\left_2026_07_29_19_39_32_017.jpg, C:\Users\ayubb\Pictures\IMG\right_2026_07_29_19_39_32_017.jpg, 0, 1, 0, 30.19032
C:\Users\ayubb\Pictures\IMG\center_2026_07_29_19_39_32_118.jpg, C:\Users\ayubb\Pictures\IMG\left_2026_07_29_19_39_32_118.jpg, C:\Users\ayubb\Pictures\IMG\right_2026_07_29_19_39_32_118.jpg, 0, 1, 0, 30.19033
C:\Users\ayubb\Pictures\IMG\center_2026_07_29_19_39_32_220.jpg, C:\Users\ayubb\Pictures\IMG\left_2026_07_29_19_39_32_220.jpg, C:\Users\ayubb\Pictures\IMG\right_2026_07_29_19_39_32_220.jpg, 0, 1, 0, 30.1903
C:\Users\ayubb\Pictures\IMG\center_2026_07_29_19_39_32_323.jpg, C:\Users\ayubb\Pictures\IMG\left_2026_07_29_19_39_32_323.jpg, C:\Users\ayubb\Pictures\IMG\right_2026_07_29_19_39_32_323.jpg, 0, 1, 0, 30.19038
C:\Users\ayubb\Pictures\IMG\center_2026_07_29_19_39_32_425.jpg, C:\Users\ayubb\Pictures\IMG\left_2026_07_29_19_39_32_425.jpg, C:\Users\ayubb\Pictures\IMG\right_2026_07_29_19_39_32_425.jpg, 0, 1, 0, 30.19029
C:\Users\ayubb\Pictures\IMG\center_2026_07_29_19_39_32_527.jpg, C:\Users\ayubb\Pictures\IMG\left_2026_07_29_19_39_32_527.jpg, C:\Users\ayubb\Pictures\IMG\right_2026_07_29_19_39_32_527.jpg, 0, 1, 0, 30.19029
C:\Users\ayubb\Pictures\IMG\center_2026_07_29_19_39_32_630.jpg, C:\Users\ayubb\Pictures\IMG\left_2026_07_29_19_39_32_630.jpg, C:\Users\ayubb\Pictures\IMG\right_2026_07_29_19_39_32_630.jpg, 0, 1, 0, 30.19032
C:\Users\ayubb\Pictures\IMG\center_2026_07_29_19_39_32_733.jpg, C:\Users\ayubb\Pictures\IMG\left_2026_07_29_19_39_32_733.jpg, C:\Users\ayubb\Pictures\IMG\right_2026_07_29_19_39_32_733.jpg, 0, 1, 0, 30.1903
C:\Users\ayubb\Pictures\IMG\center_2026_07_29_19_39_32_835.jpg, C:\Users\ayubb\Pictures\IMG\left_2026_07_29_19_39_32_835.jpg, C:\Users\ayubb\Pictures\IMG\right_2026_07_29_19_39_32_835.jpg, 0, 1, 0, 30.19028
C:\Users\ayubb\Pictures\IMG\center_2026_07_29_19_39_32_937.jpg, C:\Users\ayubb\Pictures\IMG\left_2026_07_29_19_39_32_937.jpg, C:\Users\ayubb\Pictures\IMG\right_2026_07_29_19_39_32_937.jpg, 0, 1, 0, 30.19029
C:\Users\ayubb\Pictures\IMG\center_2026_07_29_19_39_33_037.jpg, C:\Users\ayubb\Pictures\IMG\left_2026_07_29_19_39_33_037.jpg, C:\Users\ayubb\Pictures\IMG\right_2026_07_29_19_39_33_037.jpg, 0, 1, 0, 30.1903
C:\Users\ayubb\Pictures\IMG\center_2026_07_29_19_39_33_141.jpg, C:\Users\ayubb\Pictures\IMG\left_2026_07_29_19_39_33_141.jpg, C:\Users\ayubb\Pictures\IMG\right_2026_07_29_19_39_33_141.jpg, 0, 1, 0, 30.19029
C:\Users\ayubb\Pictures\IMG\center_2026_07_29_19_39_33_241.jpg, C:\Users\ayubb\Pictures\IMG\left_2026_07_29_19_39_33_241.jpg, C:\Users\ayubb\Pictures\IMG\right_2026_07_29_19_39_33_241.jpg, 0, 1, 0, 30.19017
C:\Users\ayubb\Pictures\IMG\center_2026_07_29_19_39_33_343.jpg, C:\Users\ayubb\Pictures\IMG\left_2026_07_29_19_39_33_343.jpg, C:\Users\ayubb\Pictures\IMG\right_2026_07_29_19_39_33_343.jpg, 0, 1, 0, 30.19024
C:\Users\ayubb\Pictures\IMG\center_2026_07_29_19_39_33_447.jpg, C:\Users\ayubb\Pictures\IMG\left_2026_07_29_19_39_33_447.jpg, C:\Users\ayubb\Pictures\IMG\right_2026_07_29_19_39_33_447.jpg, 0, 1, 0, 30.19029
C:\Users\ayubb\Pictures\IMG\center_2026_07_29_19_39_33_548.jpg, C:\Users\ayubb\Pictures\IMG\left_2026_07_29_19_39_33_548.jpg, C:\Users\ayubb\Pictures\IMG\right_2026_07_29_19_39_33_548.jpg, 0, 1, 0, 30.19029
C:\Users\ayubb\Pictures\IMG\center_2026_07_29_19_39_33_650.jpg, C:\Users\ayubb\Pictures\IMG\left_2026_07_29_19_39_33_650.jpg, C:\Users\ayubb\Pictures\IMG\right_2026_07_29_19_39_33_650.jpg, 0.0452604, 1, 0, 30.18982
C:\Users\ayubb\Pictures\IMG\center_2026_07_29_19_39_33_752.jpg, C:\Users\ayubb\Pictures\IMG\left_2026_07_29_19_39_33_752.jpg, C:\Users\ayubb\Pictures\IMG\right_2026_07_29_19_39_33_752.jpg, 0.01275629, 1, 0, 30.19038
C:\Users\ayubb\Pictures\IMG\center_2026_07_29_19_39_33_853.jpg, C:\Users\ayubb\Pictures\IMG\left_2026_07_29_19_39_33_853.jpg, C:\Users\ayubb\Pictures\IMG\right_2026_07_29_19_39_33_853.jpg, 0, 1, 0, 30.19021
C:\Users\ayubb\Pictures\IMG\center_2026_07_29_19_39_33_955.jpg, C:\Users\ayubb\Pictures\IMG\left_2026_07_29_19_39_33_955.jpg, C:\Users\ayubb\Pictures\IMG\right_2026_07_29_19_39_33_955.jpg, 0.1079082, 1, 0, 30.18788
C:\Users\ayubb\Pictures\IMG\center_2026_07_29_19_39_34_057.jpg, C:\Users\ayubb\Pictures\IMG\left_2026_07_29_19_39_34_057.jpg, C:\Users\ayubb\Pictures\IMG\right_2026_07_29_19_39_34_057.jpg, 0.3504105, 1, 0, 30.16659
C:\Users\ayubb\Pictures\IMG\center_2026_07_29_19_39_34_158.jpg, C:\Users\ayubb\Pictures\IMG\left_2026_07_29_19_39_34_158.jpg, C:\Users\ayubb\Pictures\IMG\right_2026_07_29_19_39_34_158.jpg, 0.04625581, 1, 0, 30.19026
C:\Users\ayubb\Pictures\IMG\center_2026_07_29_19_39_34_262.jpg, C:\Users\ayubb\Pictures\IMG\left_2026_07_29_19_39_34_262.jpg, C:\Users\ayubb\Pictures\IMG\right_2026_07_29_19_39_34_262.jpg, 0, 1, 0, 30.18969
C:\Users\ayubb\Pictures\IMG\center_2026_07_29_19_39_34_365.jpg, C:\Users\ayubb\Pictures\IMG\left_2026_07_29_19_39_34_365.jpg, C:\Users\ayubb\Pictures\IMG\right_2026_07_29_19_39_34_365.jpg, 0.159495, 1, 0, 30.18586
C:\Users\ayubb\Pictures\IMG\center_2026_07_29_19_39_34_467.jpg, C:\Users\ayubb\Pictures\IMG\left_2026_07_29_19_39_34_467.jpg, C:\Users\ayubb\Pictures\IMG\right_2026_07_29_19_39_34_467.jpg, 0.2345829, 1, 0, 30.18518
C:\Users\ayubb\Pictures\IMG\center_2026_07_29_19_39_34_570.jpg, C:\Users\ayubb\Pictures\IMG\left_2026_07_29_19_39_34_570.jpg, C:\Users\ayubb\Pictures\IMG\right_2026_07_29_19_39_34_570.jpg, 0, 1, 0, 30.18834
C:\Users\ayubb\Pictures\IMG\center_2026_07_29_19_39_34_672.jpg, C:\Users\ayubb\Pictures\IMG\left_2026_07_29_19_39_34_672.jpg, C:\Users\ayubb\Pictures\IMG\right_2026_07_29_19_39_34_672.jpg, 0.1000047, 1, 0, 30.18968
C:\Users\ayubb\Pictures\IMG\center_2026_07_29_19_39_34_775.jpg, C:\Users\ayubb\Pictures\IMG\left_2026_07_29_19_39_34_775.jpg, C:\Users\ayubb\Pictures\IMG\right_2026_07_29_19_39_34_775.jpg, 0.2452468, 1, 0, 30.18034
C:\Users\ayubb\Pictures\IMG\center_2026_07_29_19_39_34_875.jpg, C:\Users\ayubb\Pictures\IMG\left_2026_07_29_19_39_34_875.jpg, C:\Users\ayubb\Pictures\IMG\right_2026_07_29_19_39_34_875.jpg, 0, 1, 0, 30.18862
C:\Users\ayubb\Pictures\IMG\center_2026_07_29_19_39_34_977.jpg, C:\Users\ayubb\Pictures\IMG\left_2026_07_29_19_39_34_977.jpg, C:\Users\ayubb\Pictures\IMG\right_2026_07_29_19_39_34_977.jpg, 0, 1, 0, 30.19018
C:\Users\ayubb\Pictures\IMG\center_2026_07_29_19_39_35_079.jpg, C:\Users\ayubb\Pictures\IMG\left_2026_07_29_19_39_35_079.jpg, C:\Users\ayubb\Pictures\IMG\right_2026_07_29_19_39_35_079.jpg, 0, 1, 0, 30.19029
C:\Users\ayubb\Pictures\IMG\center_2026_07_29_19_39_35_180.jpg, C:\Users\ayubb\Pictures\IMG\left_2026_07_29_19_39_35_180.jpg, C:\Users\ayubb\Pictures\IMG\right_2026_07_29_19_39_35_180.jpg, 0, 1, 0, 30.19031
C:\Users\ayubb\Pictures\IMG\center_2026_07_29_19_39_35_282.jpg, C:\Users\ayubb\Pictures\IMG\left_2026_07_29_19_39_35_282.jpg, C:\Users\ayubb\Pictures\IMG\right_2026_07_29_19_39_35_282.jpg, 0, 1, 0, 30.19028
C:\Users\ayubb\Pictures\IMG\center_2026_07_29_19_39_35_386.jpg, C:\Users\ayubb\Pictures\IMG\left_2026_07_29_19_39_35_386.jpg, C:\Users\ayubb\Pictures\IMG\right_2026_07_29_19_39_35_386.jpg, 0, 1, 0, 30.19029
C:\Users\ayubb\Pictures\IMG\center_2026_07_29_19_39_35_489.jpg, C:\Users\ayubb\Pictures\IMG\left_2026_07_29_19_39_35_489.jpg, C:\Users\ayubb\Pictures\IMG\right_2026_07_29_19_39_35_489.jpg, 0, 1, 0, 30.19016
C:\Users\ayubb\Pictures\IMG\center_2026_07_29_19_39_35_591.jpg, C:\Users\ayubb\Pictures\IMG\left_2026_07_29_19_39_35_591.jpg, C:\Users\ayubb\Pictures\IMG\right_2026_07_29_19_39_35_591.jpg, 0, 1, 0, 30.19029
C:\Users\ayubb\Pictures\IMG\center_2026_07_29_19_39_35_691.jpg, C:\Users\ayubb\Pictures\IMG\left_2026_07_29_19_39_35_691.jpg, C:\Users\ayubb\Pictures\IMG\right_2026_07_29_19_39_35_691.jpg, 0.2618871, 1, 0, 30.1727
C:\Users\ayubb\Pictures\IMG\center_2026_07_29_19_39_35_795.jpg, C:\Users\ayubb\Pictures\IMG\left_2026_07_29_19_39_35_795.jpg, C:\Users\ayubb\Pictures\IMG\right_2026_07_29_19_39_35_795.jpg, 0.0453834, 1, 0, 30.19069
C:\Users\ayubb\Pictures\IMG\center_2026_07_29_19_39_35_896.jpg, C:\Users\ayubb\Pictures\IMG\left_2026_07_29_19_39_35_896.jpg, C:\Users\ayubb\Pictures\IMG\right_2026_07_29_19_39_35_896.jpg, 0, 1, 0, 30.19007
C:\Users\ayubb\Pictures\IMG\center_2026_07_29_19_39_35_997.jpg, C:\Users\ayubb\Pictures\IMG\left_2026_07_29_19_39_35_997.jpg, C:\Users\ayubb\Pictures\IMG\right_2026_07_29_19_39_35_997.jpg, 0, 1, 0, 30.19027
C:\Users\ayubb\Pictures\IMG\center_2026_07_29_19_39_36_099.jpg, C:\Users\ayubb\Pictures\IMG\left_2026_07_29_19_39_36_099.jpg, C:\Users\ayubb\Pictures\IMG\right_2026_07_29_19_39_36_099.jpg, 0.021687, 1, 0, 30.19023
C:\Users\ayubb\Pictures\IMG\center_2026_07_29_19_39_36_202.jpg, C:\Users\ayubb\Pictures\IMG\left_2026_07_29_19_39_36_202.jpg, C:\Users\ayubb\Pictures\IMG\right_2026_07_29_19_39_36_202.jpg, 0.1540938, 1, 0, 30.18537
C:\Users\ayubb\Pictures\IMG\center_2026_07_29_19_39_36_303.jpg, C:\Users\ayubb\Pictures\IMG\left_2026_07_29_19_39_36_303.jpg, C:\Users\ayubb\Pictures\IMG\right_2026_07_29_19_39_36_303.jpg, 0, 1, 0, 30.19
C:\Users\ayubb\Pictures\IMG\center_2026_07_29_19_39_36_403.jpg, C:\Users\ayubb\Pictures\IMG\left_2026_07_29_19_39_36_403.jpg, C:\Users\ayubb\Pictures\IMG\right_2026_07_29_19_39_36_403.jpg, 0, 1, 0, 30.19024
C:\Users\ayubb\Pictures\IMG\center_2026_07_29_19_39_36_505.jpg, C:\Users\ayubb\Pictures\IMG\left_2026_07_29_19_39_36_505.jpg, C:\Users\ayubb\Pictures\IMG\right_2026_07_29_19_39_36_505.jpg, 0.0333324, 1, 0, 30.19001
C:\Users\ayubb\Pictures\IMG\center_2026_07_29_19_39_36_605.jpg, C:\Users\ayubb\Pictures\IMG\left_2026_07_29_19_39_36_605.jpg, C:\Users\ayubb\Pictures\IMG\right_2026_07_29_19_39_36_605.jpg, 0, 1, 0, 30.19027
C:\Users\ayubb\Pictures\IMG\center_2026_07_29_19_39_36_705.jpg, C:\Users\ayubb\Pictures\IMG\left_2026_07_29_19_39_36_705.jpg, C:\Users\ayubb\Pictures\IMG\right_2026_07_29_19_39_36_705.jpg, 0, 1, 0, 30.19022
C:\Users\ayubb\Pictures\IMG\center_2026_07_29_19_39_36_808.jpg, C:\Users\ayubb\Pictures\IMG\left_2026_07_29_19_39_36_808.jpg, C:\Users\ayubb\Pictures\IMG\right_2026_07_29_19_39_36_808.jpg, 0.0929208, 1, 0, 30.18818
C:\Users\ayubb\Pictures\IMG\center_2026_07_29_19_39_36_909.jpg, C:\Users\ayubb\Pictures\IMG\left_2026_07_29_19_39_36_909.jpg, C:\Users\ayubb\Pictures\IMG\right_2026_07_29_19_39_36_909.jpg, 0.05755982, 1, 0, 30.19051
C:\Users\ayubb\Pictures\IMG\center_2026_07_29_19_39_37_010.jpg, C:\Users\ayubb\Pictures\IMG\left_2026_07_29_19_39_37_010.jpg, C:\Users\ayubb\Pictures\IMG\right_2026_07_29_19_39_37_010.jpg, 0, 1, 0, 30.19014
C:\Users\ayubb\Pictures\IMG\center_2026_07_29_19_39_37_113.jpg, C:\Users\ayubb\Pictures\IMG\left_2026_07_29_19_39_37_113.jpg, C:\Users\ayubb\Pictures\IMG\right_2026_07_29_19_39_37_113.jpg, 0.1058892, 1, 0, 30.18827
C:\Users\ayubb\Pictures\IMG\center_2026_07_29_19_39_37_216.jpg, C:\Users\ayubb\Pictures\IMG\left_2026_07_29_19_39_37_216.jpg, C:\Users\ayubb\Pictures\IMG\right_2026_07_29_19_39_37_216.jpg, 0, 1, 0, 30.19016
C:\Users\ayubb\Pictures\IMG\center_2026_07_29_19_39_37_318.jpg, C:\Users\ayubb\Pictures\IMG\left_2026_07_29_19_39_37_318.jpg, C:\Users\ayubb\Pictures\IMG\right_2026_07_29_19_39_37_318.jpg, 0.1430634, 1, 0, 30.18573
C:\Users\ayubb\Pictures\IMG\center_2026_07_29_19_39_37_418.jpg, C:\Users\ayubb\Pictures\IMG\left_2026_07_29_19_39_37_418.jpg, C:\Users\ayubb\Pictures\IMG\right_2026_07_29_19_39_37_418.jpg, 0.03208285, 1, 0, 30.19067
C:\Users\ayubb\Pictures\IMG\center_2026_07_29_19_39_37_521.jpg, C:\Users\ayubb\Pictures\IMG\left_2026_07_29_19_39_37_521.jpg, C:\Users\ayubb\Pictures\IMG\right_2026_07_29_19_39_37_521.jpg, 0.0215649, 1, 0, 30.1902
C:\Users\ayubb\Pictures\IMG\center_2026_07_29_19_39_37_623.jpg, C:\Users\ayubb\Pictures\IMG\left_2026_07_29_19_39_37_623.jpg, C:\Users\ayubb\Pictures\IMG\right_2026_07_29_19_39_37_623.jpg, 0.2757822, 1, 0, 30.17393
C:\Users\ayubb\Pictures\IMG\center_2026_07_29_19_39_37_726.jpg, C:\Users\ayubb\Pictures\IMG\left_2026_07_29_19_39_37_726.jpg, C:\Users\ayubb\Pictures\IMG\right_2026_07_29_19_39_37_726.jpg, 0, 1, 0, 30.18896
C:\Users\ayubb\Pictures\IMG\center_2026_07_29_19_39_37_827.jpg, C:\Users\ayubb\Pictures\IMG\left_2026_07_29_19_39_37_827.jpg, C:\Users\ayubb\Pictures\IMG\right_2026_07_29_19_39_37_827.jpg, 0.1669242, 1, 0, 30.1862
C:\Users\ayubb\Pictures\IMG\center_2026_07_29_19_39_37_930.jpg, C:\Users\ayubb\Pictures\IMG\left_2026_07_29_19_39_37_930.jpg, C:\Users\ayubb\Pictures\IMG\right_2026_07_29_19_39_37_930.jpg, 0.2689917, 1, 0, 30.18178
C:\Users\ayubb\Pictures\IMG\center_2026_07_29_19_39_38_031.jpg, C:\Users\ayubb\Pictures\IMG\left_2026_07_29_19_39_38_031.jpg, C:\Users\ayubb\Pictures\IMG\right_2026_07_29_19_39_38_031.jpg, 0, 1, 0, 30.18823
C:\Users\ayubb\Pictures\IMG\center_2026_07_29_19_39_38_132.jpg, C:\Users\ayubb\Pictures\IMG\left_2026_07_29_19_39_38_132.jpg, C:\Users\ayubb\Pictures\IMG\right_2026_07_29_19_39_38_132.jpg, 0.1674447, 1, 0, 30.18701
C:\Users\ayubb\Pictures\IMG\center_2026_07_29_19_39_38_235.jpg, C:\Users\ayubb\Pictures\IMG\left_2026_07_29_19_39_38_235.jpg, C:\Users\ayubb\Pictures\IMG\right_2026_07_29_19_39_38_235.jpg, 0.02973749, 1, 0, 30.19074
C:\Users\ayubb\Pictures\IMG\center_2026_07_29_19_39_38_335.jpg, C:\Users\ayubb\Pictures\IMG\left_2026_07_29_19_39_38_335.jpg, C:\Users\ayubb\Pictures\IMG\right_2026_07_29_19_39_38_335.jpg, 0, 1, 0, 30.1891
C:\Users\ayubb\Pictures\IMG\center_2026_07_29_19_39_38_435.jpg, C:\Users\ayubb\Pictures\IMG\left_2026_07_29_19_39_38_435.jpg, C:\Users\ayubb\Pictures\IMG\right_2026_07_29_19_39_38_435.jpg, 0, 1, 0, 30.19148
C:\Users\ayubb\Pictures\IMG\center_2026_07_29_19_39_38_535.jpg, C:\Users\ayubb\Pictures\IMG\left_2026_07_29_19_39_38_535.jpg, C:\Users\ayubb\Pictures\IMG\right_2026_07_29_19_39_38_535.jpg, 0, 1, 0, 30.19099
C:\Users\ayubb\Pictures\IMG\center_2026_07_29_19_39_38_637.jpg, C:\Users\ayubb\Pictures\IMG\left_2026_07_29_19_39_38_637.jpg, C:\Users\ayubb\Pictures\IMG\right_2026_07_29_19_39_38_637.jpg, 0, 1, 0, 30.19117
C:\Users\ayubb\Pictures\IMG\center_2026_07_29_19_39_38_739.jpg, C:\Users\ayubb\Pictures\IMG\left_2026_07_29_19_39_38_739.jpg, C:\Users\ayubb\Pictures\IMG\right_2026_07_29_19_39_38_739.jpg, 0.1024224, 1, 0, 30.18745
C:\Users\ayubb\Pictures\IMG\center_2026_07_29_19_39_38_841.jpg, C:\Users\ayubb\Pictures\IMG\left_2026_07_29_19_39_38_841.jpg, C:\Users\ayubb\Pictures\IMG\right_2026_07_29_19_39_38_841.jpg, 0.1443201, 1, 0, 30.18832
C:\Users\ayubb\Pictures\IMG\center_2026_07_29_19_39_38_942.jpg, C:\Users\ayubb\Pictures\IMG\left_2026_07_29_19_39_38_942.jpg, C:\Users\ayubb\Pictures\IMG\right_2026_07_29_19_39_38_942.jpg, 0, 1, 0, 30.18965
C:\Users\ayubb\Pictures\IMG\center_2026_07_29_19_39_39_042.jpg, C:\Users\ayubb\Pictures\IMG\left_2026_07_29_19_39_39_042.jpg, C:\Users\ayubb\Pictures\IMG\right_2026_07_29_19_39_39_042.jpg, 0, 1, 0, 30.19006
C:\Users\ayubb\Pictures\IMG\center_2026_07_29_19_39_39_143.jpg, C:\Users\ayubb\Pictures\IMG\left_2026_07_29_19_39_39_143.jpg, C:\Users\ayubb\Pictures\IMG\right_2026_07_29_19_39_39_143.jpg, 0, 1, 0, 30.19004
C:\Users\ayubb\Pictures\IMG\center_2026_07_29_19_39_39_243.jpg, C:\Users\ayubb\Pictures\IMG\left_2026_07_29_19_39_39_243.jpg, C:\Users\ayubb\Pictures\IMG\right_2026_07_29_19_39_39_243.jpg, 0.1106256, 1, 0, 30.18697
C:\Users\ayubb\Pictures\IMG\center_2026_07_29_19_39_39_347.jpg, C:\Users\ayubb\Pictures\IMG\left_2026_07_29_19_39_39_347.jpg, C:\Users\ayubb\Pictures\IMG\right_2026_07_29_19_39_39_347.jpg, 0.1365417, 1, 0, 30.18912
C:\Users\ayubb\Pictures\IMG\center_2026_07_29_19_39_39_447.jpg, C:\Users\ayubb\Pictures\IMG\left_2026_07_29_19_39_39_447.jpg, C:\Users\ayubb\Pictures\IMG\right_2026_07_29_19_39_39_447.jpg, 0, 1, 0, 30.18989
C:\Users\ayubb\Pictures\IMG\center_2026_07_29_19_39_39_549.jpg, C:\Users\ayubb\Pictures\IMG\left_2026_07_29_19_39_39_549.jpg, C:\Users\ayubb\Pictures\IMG\right_2026_07_29_19_39_39_549.jpg, 0, 1, 0, 30.19121
C:\Users\ayubb\Pictures\IMG\center_2026_07_29_19_39_39_651.jpg, C:\Users\ayubb\Pictures\IMG\left_2026_07_29_19_39_39_651.jpg, C:\Users\ayubb\Pictures\IMG\right_2026_07_29_19_39_39_651.jpg, 0.185253, 1, 0, 30.18196
C:\Users\ayubb\Pictures\IMG\center_2026_07_29_19_39_39_751.jpg, C:\Users\ayubb\Pictures\IMG\left_2026_07_29_19_39_39_751.jpg, C:\Users\ayubb\Pictures\IMG\right_2026_07_29_19_39_39_751.jpg, 0, 1, 0, 30.19005
C:\Users\ayubb\Pictures\IMG\center_2026_07_29_19_39_39_852.jpg, C:\Users\ayubb\Pictures\IMG\left_2026_07_29_19_39_39_852.jpg, C:\Users\ayubb\Pictures\IMG\right_2026_07_29_19_39_39_852.jpg, 0.0328464, 1, 0, 30.19009
C:\Users\ayubb\Pictures\IMG\center_2026_07_29_19_39_39_954.jpg, C:\Users\ayubb\Pictures\IMG\left_2026_07_29_19_39_39_954.jpg, C:\Users\ayubb\Pictures\IMG\right_2026_07_29_19_39_39_954.jpg, 0.001734887, 1, 0, 30.19026
C:\Users\ayubb\Pictures\IMG\center_2026_07_29_19_39_40_056.jpg, C:\Users\ayubb\Pictures\IMG\left_2026_07_29_19_39_40_056.jpg, C:\Users\ayubb\Pictures\IMG\right_2026_07_29_19_39_40_056.jpg, 0, 1, 0, 30.19016
C:\Users\ayubb\Pictures\IMG\center_2026_07_29_19_39_40_158.jpg, C:\Users\ayubb\Pictures\IMG\left_2026_07_29_19_39_40_158.jpg, C:\Users\ayubb\Pictures\IMG\right_2026_07_29_19_39_40_158.jpg, 0, 1, 0, 30.18898
C:\Users\ayubb\Pictures\IMG\center_2026_07_29_19_39_40_261.jpg, C:\Users\ayubb\Pictures\IMG\left_2026_07_29_19_39_40_261.jpg, C:\Users\ayubb\Pictures\IMG\right_2026_07_29_19_39_40_261.jpg, 0.183165, 1, 0, 30.18141
C:\Users\ayubb\Pictures\IMG\center_2026_07_29_19_39_40_362.jpg, C:\Users\ayubb\Pictures\IMG\left_2026_07_29_19_39_40_362.jpg, C:\Users\ayubb\Pictures\IMG\right_2026_07_29_19_39_40_362.jpg, 0, 1, 0, 30.18917
C:\Users\ayubb\Pictures\IMG\center_2026_07_29_19_39_40_464.jpg, C:\Users\ayubb\Pictures\IMG\left_2026_07_29_19_39_40_464.jpg, C:\Users\ayubb\Pictures\IMG\right_2026_07_29_19_39_40_464.jpg, 0.1077048, 1, 0, 30.18863
C:\Users\ayubb\Pictures\IMG\center_2026_07_29_19_39_40_564.jpg, C:\Users\ayubb\Pictures\IMG\left_2026_07_29_19_39_40_564.jpg, C:\Users\ayubb\Pictures\IMG\right_2026_07_29_19_39_40_564.jpg, 0.08835509, 1, 0, 30.19038
C:\Users\ayubb\Pictures\IMG\center_2026_07_29_19_39_40_667.jpg, C:\Users\ayubb\Pictures\IMG\left_2026_07_29_19_39_40_667.jpg, C:\Users\ayubb\Pictures\IMG\right_2026_07_29_19_39_40_667.jpg, 0, 1, 0, 30.19011
C:\Users\ayubb\Pictures\IMG\center_2026_07_29_19_39_40_768.jpg, C:\Users\ayubb\Pictures\IMG\left_2026_07_29_19_39_40_768.jpg, C:\Users\ayubb\Pictures\IMG\right_2026_07_29_19_39_40_768.jpg, 0.06883559, 1, 0, 30.1895
C:\Users\ayubb\Pictures\IMG\center_2026_07_29_19_39_40_870.jpg, C:\Users\ayubb\Pictures\IMG\left_2026_07_29_19_39_40_870.jpg, C:\Users\ayubb\Pictures\IMG\right_2026_07_29_19_39_40_870.jpg, 0, 1, 0, 30.19025
C:\Users\ayubb\Pictures\IMG\center_2026_07_29_19_39_40_970.jpg, C:\Users\ayubb\Pictures\IMG\left_2026_07_29_19_39_40_970.jpg, C:\Users\ayubb\Pictures\IMG\right_2026_07_29_19_39_40_970.jpg, 0.1590009, 1, 0, 30.1824
C:\Users\ayubb\Pictures\IMG\center_2026_07_29_19_39_41_073.jpg, C:\Users\ayubb\Pictures\IMG\left_2026_07_29_19_39_41_073.jpg, C:\Users\ayubb\Pictures\IMG\right_2026_07_29_19_39_41_073.jpg, 0, 1, 0, 30.19034
C:\Users\ayubb\Pictures\IMG\center_2026_07_29_19_39_41_176.jpg, C:\Users\ayubb\Pictures\IMG\left_2026_07_29_19_39_41_176.jpg, C:\Users\ayubb\Pictures\IMG\right_2026_07_29_19_39_41_176.jpg, 0.1939959, 1, 0, 30.18079
C:\Users\ayubb\Pictures\IMG\center_2026_07_29_19_39_41_278.jpg, C:\Users\ayubb\Pictures\IMG\left_2026_07_29_19_39_41_278.jpg, C:\Users\ayubb\Pictures\IMG\right_2026_07_29_19_39_41_278.jpg, 0.1461146, 1, 0, 30.19017
C:\Users\ayubb\Pictures\IMG\center_2026_07_29_19_39_41_380.jpg, C:\Users\ayubb\Pictures\IMG\left_2026_07_29_19_39_41_380.jpg, C:\Users\ayubb\Pictures\IMG\right_2026_07_29_19_39_41_380.jpg, 0, 1, 0, 30.18968
C:\Users\ayubb\Pictures\IMG\center_2026_07_29_19_39_41_481.jpg, C:\Users\ayubb\Pictures\IMG\left_2026_07_29_19_39_41_481.jpg, C:\Users\ayubb\Pictures\IMG\right_2026_07_29_19_39_41_481.jpg, 0.2917476, 1, 0, 30.17326
C:\Users\ayubb\Pictures\IMG\center_2026_07_29_19_39_41_581.jpg, C:\Users\ayubb\Pictures\IMG\left_2026_07_29_19_39_41_581.jpg, C:\Users\ayubb\Pictures\IMG\right_2026_07_29_19_39_41_581.jpg, 0.1682328, 1, 0, 30.19147
C:\Users\ayubb\Pictures\IMG\center_2026_07_29_19_39_41_682.jpg, C:\Users\ayubb\Pictures\IMG\left_2026_07_29_19_39_41_682.jpg, C:\Users\ayubb\Pictures\IMG\right_2026_07_29_19_39_41_682.jpg, 0.0108801, 1, 0, 30.1893
C:\Users\ayubb\Pictures\IMG\center_2026_07_29_19_39_41_783.jpg, C:\Users\ayubb\Pictures\IMG\left_2026_07_29_19_39_41_783.jpg, C:\Users\ayubb\Pictures\IMG\right_2026_07_29_19_39_41_783.jpg, 0.10737, 1, 0, 30.19053
C:\Users\ayubb\Pictures\IMG\center_2026_07_29_19_39_41_885.jpg, C:\Users\ayubb\Pictures\IMG\left_2026_07_29_19_39_41_885.jpg, C:\Users\ayubb\Pictures\IMG\right_2026_07_29_19_39_41_885.jpg, 0, 1, 0, 30.19011
C:\Users\ayubb\Pictures\IMG\center_2026_07_29_19_39_41_989.jpg, C:\Users\ayubb\Pictures\IMG\left_2026_07_29_19_39_41_989.jpg, C:\Users\ayubb\Pictures\IMG\right_2026_07_29_19_39_41_989.jpg, 0.1949472, 1, 0, 30.18251
C:\Users\ayubb\Pictures\IMG\center_2026_07_29_19_39_42_092.jpg, C:\Users\ayubb\Pictures\IMG\left_2026_07_29_19_39_42_092.jpg, C:\Users\ayubb\Pictures\IMG\right_2026_07_29_19_39_42_092.jpg, 0, 1, 0, 30.18996
C:\Users\ayubb\Pictures\IMG\center_2026_07_29_19_39_42_195.jpg, C:\Users\ayubb\Pictures\IMG\left_2026_07_29_19_39_42_195.jpg, C:\Users\ayubb\Pictures\IMG\right_2026_07_29_19_39_42_195.jpg, 0.0997308, 1, 0, 30.18897
C:\Users\ayubb\Pictures\IMG\center_2026_07_29_19_39_42_298.jpg, C:\Users\ayubb\Pictures\IMG\left_2026_07_29_19_39_42_298.jpg, C:\Users\ayubb\Pictures\IMG\right_2026_07_29_19_39_42_298.jpg, 0.06065616, 1, 0, 30.19115
C:\Users\ayubb\Pictures\IMG\center_2026_07_29_19_39_42_399.jpg, C:\Users\ayubb\Pictures\IMG\left_2026_07_29_19_39_42_399.jpg, C:\Users\ayubb\Pictures\IMG\right_2026_07_29_19_39_42_399.jpg, 0.1030311, 1, 0, 30.18753
C:\Users\ayubb\Pictures\IMG\center_2026_07_29_19_39_42_499.jpg, C:\Users\ayubb\Pictures\IMG\left_2026_07_29_19_39_42_499.jpg, C:\Users\ayubb\Pictures\IMG\right_2026_07_29_19_39_42_499.jpg, 0.4045743, 1, 0, 30.15827
C:\Users\ayubb\Pictures\IMG\center_2026_07_29_19_39_42_600.jpg, C:\Users\ayubb\Pictures\IMG\left_2026_07_29_19_39_42_600.jpg, C:\Users\ayubb\Pictures\IMG\right_2026_07_29_19_39_42_600.jpg, 0.5172595, 1, 0, 30.15722
C:\Users\ayubb\Pictures\IMG\center_2026_07_29_19_39_42_704.jpg, C:\Users\ayubb\Pictures\IMG\left_2026_07_29_19_39_42_704.jpg, C:\Users\ayubb\Pictures\IMG\right_2026_07_29_19_39_42_704.jpg, 0.2073212, 1, 0, 30.19494
C:\Users\ayubb\Pictures\IMG\center_2026_07_29_19_39_42_805.jpg, C:\Users\ayubb\Pictures\IMG\left_2026_07_29_19_39_42_805.jpg, C:\Users\ayubb\Pictures\IMG\right_2026_07_29_19_39_42_805.jpg, 0, 1, 0, 30.18593
C:\Users\ayubb\Pictures\IMG\center_2026_07_29_19_39_42_906.jpg, C:\Users\ayubb\Pictures\IMG\left_2026_07_29_19_39_42_906.jpg, C:\Users\ayubb\Pictures\IMG\right_2026_07_29_19_39_42_906.jpg, 0, 1, 0, 30.18944
C:\Users\ayubb\Pictures\IMG\center_2026_07_29_19_39_43_008.jpg, C:\Users\ayubb\Pictures\IMG\left_2026_07_29_19_39_43_008.jpg, C:\Users\ayubb\Pictures\IMG\right_2026_07_29_19_39_43_008.jpg, 0.1803732, 1, 0, 30.18313
C:\Users\ayubb\Pictures\IMG\center_2026_07_29_19_39_43_112.jpg, C:\Users\ayubb\Pictures\IMG\left_2026_07_29_19_39_43_112.jpg, C:\Users\ayubb\Pictures\IMG\right_2026_07_29_19_39_43_112.jpg, 0.07788208, 1, 0, 30.1914
C:\Users\ayubb\Pictures\IMG\center_2026_07_29_19_39_43_213.jpg, C:\Users\ayubb\Pictures\IMG\left_2026_07_29_19_39_43_213.jpg, C:\Users\ayubb\Pictures\IMG\right_2026_07_29_19_39_43_213.jpg, 0.0115851, 1, 0, 30.1899
C:\Users\ayubb\Pictures\IMG\center_2026_07_29_19_39_43_315.jpg, C:\Users\ayubb\Pictures\IMG\left_2026_07_29_19_39_43_315.jpg, C:\Users\ayubb\Pictures\IMG\right_2026_07_29_19_39_43_315.jpg, 0.284823, 1, 0, 30.17359
C:\Users\ayubb\Pictures\IMG\center_2026_07_29_19_39_43_419.jpg, C:\Users\ayubb\Pictures\IMG\left_2026_07_29_19_39_43_419.jpg, C:\Users\ayubb\Pictures\IMG\right_2026_07_29_19_39_43_419.jpg, 0, 1, 0, 30.18899
C:\Users\ayubb\Pictures\IMG\center_2026_07_29_19_39_43_522.jpg, C:\Users\ayubb\Pictures\IMG\left_2026_07_29_19_39_43_522.jpg, C:\Users\ayubb\Pictures\IMG\right_2026_07_29_19_39_43_522.jpg, 0.2083335, 1, 0, 30.18194
C:\Users\ayubb\Pictures\IMG\center_2026_07_29_19_39_43_626.jpg, C:\Users\ayubb\Pictures\IMG\left_2026_07_29_19_39_43_626.jpg, C:\Users\ayubb\Pictures\IMG\right_2026_07_29_19_39_43_626.jpg, 0.1889637, 1, 0, 30.18958
C:\Users\ayubb\Pictures\IMG\center_2026_07_29_19_39_43_726.jpg, C:\Users\ayubb\Pictures\IMG\left_2026_07_29_19_39_43_726.jpg, C:\Users\ayubb\Pictures\IMG\right_2026_07_29_19_39_43_726.jpg, 0.0234519, 1, 0, 30.18967
C:\Users\ayubb\Pictures\IMG\center_2026_07_29_19_39_43_829.jpg, C:\Users\ayubb\Pictures\IMG\left_2026_07_29_19_39_43_829.jpg, C:\Users\ayubb\Pictures\IMG\right_2026_07_29_19_39_43_829.jpg, 0.2750058, 1, 0, 30.17804
C:\Users\ayubb\Pictures\IMG\center_2026_07_29_19_39_43_930.jpg, C:\Users\ayubb\Pictures\IMG\left_2026_07_29_19_39_43_930.jpg, C:\Users\ayubb\Pictures\IMG\right_2026_07_29_19_39_43_930.jpg, 0, 1, 0, 30.18909
C:\Users\ayubb\Pictures\IMG\center_2026_07_29_19_39_44_032.jpg, C:\Users\ayubb\Pictures\IMG\left_2026_07_29_19_39_44_032.jpg, C:\Users\ayubb\Pictures\IMG\right_2026_07_29_19_39_44_032.jpg, 0.1457142, 1, 0, 30.18755
C:\Users\ayubb\Pictures\IMG\center_2026_07_29_19_39_44_136.jpg, C:\Users\ayubb\Pictures\IMG\left_2026_07_29_19_39_44_136.jpg, C:\Users\ayubb\Pictures\IMG\right_2026_07_29_19_39_44_136.jpg, 0.4364478, 1, 0, 30.15477
C:\Users\ayubb\Pictures\IMG\center_2026_07_29_19_39_44_238.jpg, C:\Users\ayubb\Pictures\IMG\left_2026_07_29_19_39_44_238.jpg, C:\Users\ayubb\Pictures\IMG\right_2026_07_29_19_39_44_238.jpg, 0.4020428, 1, 0, 30.18312
C:\Users\ayubb\Pictures\IMG\center_2026_07_29_19_39_44_338.jpg, C:\Users\ayubb\Pictures\IMG\left_2026_07_29_19_39_44_338.jpg, C:\Users\ayubb\Pictures\IMG\right_2026_07_29_19_39_44_338.jpg, 0.1020224, 1, 0, 30.19263
C:\Users\ayubb\Pictures\IMG\center_2026_07_29_19_39_44_441.jpg, C:\Users\ayubb\Pictures\IMG\left_2026_07_29_19_39_44_441.jpg, C:\Users\ayubb\Pictures\IMG\right_2026_07_29_19_39_44_441.jpg, 0.2725355, 1, 0, 30.1864
C:\Users\ayubb\Pictures\IMG\center_2026_07_29_19_39_44_542.jpg, C:\Users\ayubb\Pictures\IMG\left_2026_07_29_19_39_44_542.jpg, C:\Users\ayubb\Pictures\IMG\right_2026_07_29_19_39_44_542.jpg, 0, 1, 0, 30.18983
C:\Users\ayubb\Pictures\IMG\center_2026_07_29_19_39_44_642.jpg, C:\Users\ayubb\Pictures\IMG\left_2026_07_29_19_39_44_642.jpg, C:\Users\ayubb\Pictures\IMG\right_2026_07_29_19_39_44_642.jpg, 0.058041, 1, 0, 30.19044
C:\Users\ayubb\Pictures\IMG\center_2026_07_29_19_39_44_745.jpg, C:\Users\ayubb\Pictures\IMG\left_2026_07_29_19_39_44_745.jpg, C:\Users\ayubb\Pictures\IMG\right_2026_07_29_19_39_44_745.jpg, 0.0813114, 1, 0, 30.18841
C:\Users\ayubb\Pictures\IMG\center_2026_07_29_19_39_44_846.jpg, C:\Users\ayubb\Pictures\IMG\left_2026_07_29_19_39_44_846.jpg, C:\Users\ayubb\Pictures\IMG\right_2026_07_29_19_39_44_846.jpg, 0, 1, 0, 30.19063
C:\Users\ayubb\Pictures\IMG\center_2026_07_29_19_39_44_947.jpg, C:\Users\ayubb\Pictures\IMG\left_2026_07_29_19_39_44_947.jpg, C:\Users\ayubb\Pictures\IMG\right_2026_07_29_19_39_44_947.jpg, 0.2190804, 1, 0, 30.17943
C:\Users\ayubb\Pictures\IMG\center_2026_07_29_19_39_45_051.jpg, C:\Users\ayubb\Pictures\IMG\left_2026_07_29_19_39_45_051.jpg, C:\Users\ayubb\Pictures\IMG\right_2026_07_29_19_39_45_051.jpg, 0.2048283, 1, 0, 30.18913
C:\Users\ayubb\Pictures\IMG\center_2026_07_29_19_39_45_154.jpg, C:\Users\ayubb\Pictures\IMG\left_2026_07_29_19_39_45_154.jpg, C:\Users\ayubb\Pictures\IMG\right_2026_07_29_19_39_45_154.jpg, 0, 1, 0, 30.18929
C:\Users\ayubb\Pictures\IMG\center_2026_07_29_19_39_45_256.jpg, C:\Users\ayubb\Pictures\IMG\left_2026_07_29_19_39_45_256.jpg, C:\Users\ayubb\Pictures\IMG\right_2026_07_29_19_39_45_256.jpg, 0.2458563, 1, 0, 30.18073
C:\Users\ayubb\Pictures\IMG\center_2026_07_29_19_39_45_359.jpg, C:\Users\ayubb\Pictures\IMG\left_2026_07_29_19_39_45_359.jpg, C:\Users\ayubb\Pictures\IMG\right_2026_07_29_19_39_45_359.jpg, 0, 1, 0, 30.18957
C:\Users\ayubb\Pictures\IMG\center_2026_07_29_19_39_45_463.jpg, C:\Users\ayubb\Pictures\IMG\left_2026_07_29_19_39_45_463.jpg, C:\Users\ayubb\Pictures\IMG\right_2026_07_29_19_39_45_463.jpg, 0.1161018, 1, 0, 30.18922
C:\Users\ayubb\Pictures\IMG\center_2026_07_29_19_39_45_565.jpg, C:\Users\ayubb\Pictures\IMG\left_2026_07_29_19_39_45_565.jpg, C:\Users\ayubb\Pictures\IMG\right_2026_07_29_19_39_45_565.jpg, 0.1376052, 1, 0, 30.19066
C:\Users\ayubb\Pictures\IMG\center_2026_07_29_19_39_45_666.jpg, C:\Users\ayubb\Pictures\IMG\left_2026_07_29_19_39_45_666.jpg, C:\Users\ayubb\Pictures\IMG\right_2026_07_29_19_39_45_666.jpg, 0, 1, 0, 30.18975
C:\Users\ayubb\Pictures\IMG\center_2026_07_29_19_39_45_769.jpg, C:\Users\ayubb\Pictures\IMG\left_2026_07_29_19_39_45_769.jpg, C:\Users\ayubb\Pictures\IMG\right_2026_07_29_19_39_45_769.jpg, 0.2784381, 1, 0, 30.17449
C:\Users\ayubb\Pictures\IMG\center_2026_07_29_19_39_45_870.jpg, C:\Users\ayubb\Pictures\IMG\left_2026_07_29_19_39_45_870.jpg, C:\Users\ayubb\Pictures\IMG\right_2026_07_29_19_39_45_870.jpg, 0.0139044, 1, 0, 30.19005
C:\Users\ayubb\Pictures\IMG\center_2026_07_29_19_39_45_973.jpg, C:\Users\ayubb\Pictures\IMG\left_2026_07_29_19_39_45_973.jpg, C:\Users\ayubb\Pictures\IMG\right_2026_07_29_19_39_45_973.jpg, 0.1194717, 1, 0, 30.18906
C:\Users\ayubb\Pictures\IMG\center_2026_07_29_19_39_46_075.jpg, C:\Users\ayubb\Pictures\IMG\left_2026_07_29_19_39_46_075.jpg, C:\Users\ayubb\Pictures\IMG\right_2026_07_29_19_39_46_075.jpg, 0.1706232, 1, 0, 30.18926
C:\Users\ayubb\Pictures\IMG\center_2026_07_29_19_39_46_176.jpg, C:\Users\ayubb\Pictures\IMG\left_2026_07_29_19_39_46_176.jpg, C:\Users\ayubb\Pictures\IMG\right_2026_07_29_19_39_46_176.jpg, 0, 1, 0, 30.18978
C:\Users\ayubb\Pictures\IMG\center_2026_07_29_19_39_46_279.jpg, C:\Users\ayubb\Pictures\IMG\left_2026_07_29_19_39_46_279.jpg, C:\Users\ayubb\Pictures\IMG\right_2026_07_29_19_39_46_279.jpg, 0.1634502, 1, 0, 30.1856
C:\Users\ayubb\Pictures\IMG\center_2026_07_29_19_39_46_380.jpg, C:\Users\ayubb\Pictures\IMG\left_2026_07_29_19_39_46_380.jpg, C:\Users\ayubb\Pictures\IMG\right_2026_07_29_19_39_46_380.jpg, 0, 1, 0, 30.18996
C:\Users\ayubb\Pictures\IMG\center_2026_07_29_19_39_46_483.jpg, C:\Users\ayubb\Pictures\IMG\left_2026_07_29_19_39_46_483.jpg, C:\Users\ayubb\Pictures\IMG\right_2026_07_29_19_39_46_483.jpg, 0.1720413, 1, 0, 30.18449
C:\Users\ayubb\Pictures\IMG\center_2026_07_29_19_39_46_584.jpg, C:\Users\ayubb\Pictures\IMG\left_2026_07_29_19_39_46_584.jpg, C:\Users\ayubb\Pictures\IMG\right_2026_07_29_19_39_46_584.jpg, 0, 1, 0, 30.18999
C:\Users\ayubb\Pictures\IMG\center_2026_07_29_19_39_46_686.jpg, C:\Users\ayubb\Pictures\IMG\left_2026_07_29_19_39_46_686.jpg, C:\Users\ayubb\Pictures\IMG\right_2026_07_29_19_39_46_686.jpg, 0.0715287, 1, 0, 30.18958
C:\Users\ayubb\Pictures\IMG\center_2026_07_29_19_39_46_789.jpg, C:\Users\ayubb\Pictures\IMG\left_2026_07_29_19_39_46_789.jpg, C:\Users\ayubb\Pictures\IMG\right_2026_07_29_19_39_46_789.jpg, 0.06592167, 1, 0, 30.19061
C:\Users\ayubb\Pictures\IMG\center_2026_07_29_19_39_46_893.jpg, C:\Users\ayubb\Pictures\IMG\left_2026_07_29_19_39_46_893.jpg, C:\Users\ayubb\Pictures\IMG\right_2026_07_29_19_39_46_893.jpg, 0, 1, 0, 30.19018
C:\Users\ayubb\Pictures\IMG\center_2026_07_29_19_39_46_994.jpg, C:\Users\ayubb\Pictures\IMG\left_2026_07_29_19_39_46_994.jpg, C:\Users\ayubb\Pictures\IMG\right_2026_07_29_19_39_46_994.jpg, 0.2323647, 1, 0, 30.17868
C:\Users\ayubb\Pictures\IMG\center_2026_07_29_19_39_47_095.jpg, C:\Users\ayubb\Pictures\IMG\left_2026_07_29_19_39_47_095.jpg, C:\Users\ayubb\Pictures\IMG\right_2026_07_29_19_39_47_095.jpg, 0, 1, 0, 30.18919
C:\Users\ayubb\Pictures\IMG\center_2026_07_29_19_39_47_199.jpg, C:\Users\ayubb\Pictures\IMG\left_2026_07_29_19_39_47_199.jpg, C:\Users\ayubb\Pictures\IMG\right_2026_07_29_19_39_47_199.jpg, 0.1739886, 1, 0, 30.18443
C:\Users\ayubb\Pictures\IMG\center_2026_07_29_19_39_47_300.jpg, C:\Users\ayubb\Pictures\IMG\left_2026_07_29_19_39_47_300.jpg, C:\Users\ayubb\Pictures\IMG\right_2026_07_29_19_39_47_300.jpg, 0, 1, 0, 30.19003
C:\Users\ayubb\Pictures\IMG\center_2026_07_29_19_39_47_403.jpg, C:\Users\ayubb\Pictures\IMG\left_2026_07_29_19_39_47_403.jpg, C:\Users\ayubb\Pictures\IMG\right_2026_07_29_19_39_47_403.jpg, 0, 1, 0, 30.19026
C:\Users\ayubb\Pictures\IMG\center_2026_07_29_19_39_47_507.jpg, C:\Users\ayubb\Pictures\IMG\left_2026_07_29_19_39_47_507.jpg, C:\Users\ayubb\Pictures\IMG\right_2026_07_29_19_39_47_507.jpg, 0.2810853, 1, 0, 30.17167
C:\Users\ayubb\Pictures\IMG\center_2026_07_29_19_39_47_610.jpg, C:\Users\ayubb\Pictures\IMG\left_2026_07_29_19_39_47_610.jpg, C:\Users\ayubb\Pictures\IMG\right_2026_07_29_19_39_47_610.jpg, 0.03363933, 1, 0, 30.19053
C:\Users\ayubb\Pictures\IMG\center_2026_07_29_19_39_47_712.jpg, C:\Users\ayubb\Pictures\IMG\left_2026_07_29_19_39_47_712.jpg, C:\Users\ayubb\Pictures\IMG\right_2026_07_29_19_39_47_712.jpg, 0, 1, 0, 30.19003
C:\Users\ayubb\Pictures\IMG\center_2026_07_29_19_39_47_813.jpg, C:\Users\ayubb\Pictures\IMG\left_2026_07_29_19_39_47_813.jpg, C:\Users\ayubb\Pictures\IMG\right_2026_07_29_19_39_47_813.jpg, 0.25671, 1, 0, 30.17617
C:\Users\ayubb\Pictures\IMG\center_2026_07_29_19_39_47_915.jpg, C:\Users\ayubb\Pictures\IMG\left_2026_07_29_19_39_47_915.jpg, C:\Users\ayubb\Pictures\IMG\right_2026_07_29_19_39_47_915.jpg, 0.04077213, 1, 0, 30.1908
C:\Users\ayubb\Pictures\IMG\center_2026_07_29_19_39_48_018.jpg, C:\Users\ayubb\Pictures\IMG\left_2026_07_29_19_39_48_018.jpg, C:\Users\ayubb\Pictures\IMG\right_2026_07_29_19_39_48_018.jpg, 0, 1, 0, 30.19011
C:\Users\ayubb\Pictures\IMG\center_2026_07_29_19_39_48_117.jpg, C:\Users\ayubb\Pictures\IMG\left_2026_07_29_19_39_48_117.jpg, C:\Users\ayubb\Pictures\IMG\right_2026_07_29_19_39_48_117.jpg, 0, 1, 0, 30.19031
C:\Users\ayubb\Pictures\IMG\center_2026_07_29_19_39_48_219.jpg, C:\Users\ayubb\Pictures\IMG\left_2026_07_29_19_39_48_219.jpg, C:\Users\ayubb\Pictures\IMG\right_2026_07_29_19_39_48_219.jpg, 0, 1, 0, 30.19029
C:\Users\ayubb\Pictures\IMG\center_2026_07_29_19_39_48_322.jpg, C:\Users\ayubb\Pictures\IMG\left_2026_07_29_19_39_48_322.jpg, C:\Users\ayubb\Pictures\IMG\right_2026_07_29_19_39_48_322.jpg, 0, 1, 0, 30.19031
C:\Users\ayubb\Pictures\IMG\center_2026_07_29_19_39_48_424.jpg, C:\Users\ayubb\Pictures\IMG\left_2026_07_29_19_39_48_424.jpg, C:\Users\ayubb\Pictures\IMG\right_2026_07_29_19_39_48_424.jpg, 0, 1, 0, 30.1903
C:\Users\ayubb\Pictures\IMG\center_2026_07_29_19_39_48_525.jpg, C:\Users\ayubb\Pictures\IMG\left_2026_07_29_19_39_48_525.jpg, C:\Users\ayubb\Pictures\IMG\right_2026_07_29_19_39_48_525.jpg, -0.0878652, 1, 0, 30.18843
C:\Users\ayubb\Pictures\IMG\center_2026_07_29_19_39_48_628.jpg, C:\Users\ayubb\Pictures\IMG\left_2026_07_29_19_39_48_628.jpg, C:\Users\ayubb\Pictures\IMG\right_2026_07_29_19_39_48_628.jpg, -0.024429, 1, 0, 30.1904
C:\Users\ayubb\Pictures\IMG\center_2026_07_29_19_39_48_729.jpg, C:\Users\ayubb\Pictures\IMG\left_2026_07_29_19_39_48_729.jpg, C:\Users\ayubb\Pictures\IMG\right_2026_07_29_19_39_48_729.jpg, 0, 1, 0, 30.1902
C:\Users\ayubb\Pictures\IMG\center_2026_07_29_19_39_48_831.jpg, C:\Users\ayubb\Pictures\IMG\left_2026_07_29_19_39_48_831.jpg, C:\Users\ayubb\Pictures\IMG\right_2026_07_29_19_39_48_831.jpg, 0, 1, 0, 30.19028
C:\Users\ayubb\Pictures\IMG\center_2026_07_29_19_39_48_933.jpg, C:\Users\ayubb\Pictures\IMG\left_2026_07_29_19_39_48_933.jpg, C:\Users\ayubb\Pictures\IMG\right_2026_07_29_19_39_48_933.jpg, 0, 1, 0, 30.1903
C:\Users\ayubb\Pictures\IMG\center_2026_07_29_19_39_49_033.jpg, C:\Users\ayubb\Pictures\IMG\left_2026_07_29_19_39_49_033.jpg, C:\Users\ayubb\Pictures\IMG\right_2026_07_29_19_39_49_033.jpg, 0, 1, 0, 30.19028
C:\Users\ayubb\Pictures\IMG\center_2026_07_29_19_39_49_134.jpg, C:\Users\ayubb\Pictures\IMG\left_2026_07_29_19_39_49_134.jpg, C:\Users\ayubb\Pictures\IMG\right_2026_07_29_19_39_49_134.jpg, 0, 1, 0, 30.19029
C:\Users\ayubb\Pictures\IMG\center_2026_07_29_19_39_49_238.jpg, C:\Users\ayubb\Pictures\IMG\left_2026_07_29_19_39_49_238.jpg, C:\Users\ayubb\Pictures\IMG\right_2026_07_29_19_39_49_238.jpg, 0, 1, 0, 30.1903
C:\Users\ayubb\Pictures\IMG\center_2026_07_29_19_39_49_338.jpg, C:\Users\ayubb\Pictures\IMG\left_2026_07_29_19_39_49_338.jpg, C:\Users\ayubb\Pictures\IMG\right_2026_07_29_19_39_49_338.jpg, 0, 1, 0, 30.19031
C:\Users\ayubb\Pictures\IMG\center_2026_07_29_19_39_49_440.jpg, C:\Users\ayubb\Pictures\IMG\left_2026_07_29_19_39_49_440.jpg, C:\Users\ayubb\Pictures\IMG\right_2026_07_29_19_39_49_440.jpg, 0, 1, 0, 30.1903
C:\Users\ayubb\Pictures\IMG\center_2026_07_29_19_39_49_542.jpg, C:\Users\ayubb\Pictures\IMG\left_2026_07_29_19_39_49_542.jpg, C:\Users\ayubb\Pictures\IMG\right_2026_07_29_19_39_49_542.jpg, -0.1571205, 1, 0, 30.18358
C:\Users\ayubb\Pictures\IMG\center_2026_07_29_19_39_49_645.jpg, C:\Users\ayubb\Pictures\IMG\left_2026_07_29_19_39_49_645.jpg, C:\Users\ayubb\Pictures\IMG\right_2026_07_29_19_39_49_645.jpg, 0, 1, 0, 30.19017
C:\Users\ayubb\Pictures\IMG\center_2026_07_29_19_39_49_746.jpg, C:\Users\ayubb\Pictures\IMG\left_2026_07_29_19_39_49_746.jpg, C:\Users\ayubb\Pictures\IMG\right_2026_07_29_19_39_49_746.jpg, 0, 1, 0, 30.19031
C:\Users\ayubb\Pictures\IMG\center_2026_07_29_19_39_49_849.jpg, C:\Users\ayubb\Pictures\IMG\left_2026_07_29_19_39_49_849.jpg, C:\Users\ayubb\Pictures\IMG\right_2026_07_29_19_39_49_849.jpg, 0, 1, 0, 30.19033
C:\Users\ayubb\Pictures\IMG\center_2026_07_29_19_39_49_951.jpg, C:\Users\ayubb\Pictures\IMG\left_2026_07_29_19_39_49_951.jpg, C:\Users\ayubb\Pictures\IMG\right_2026_07_29_19_39_49_951.jpg, 0, 1, 0, 30.19028
C:\Users\ayubb\Pictures\IMG\center_2026_07_29_19_39_50_052.jpg, C:\Users\ayubb\Pictures\IMG\left_2026_07_29_19_39_50_052.jpg, C:\Users\ayubb\Pictures\IMG\right_2026_07_29_19_39_50_052.jpg, 0, 1, 0, 30.19031
C:\Users\ayubb\Pictures\IMG\center_2026_07_29_19_39_50_152.jpg, C:\Users\ayubb\Pictures\IMG\left_2026_07_29_19_39_50_152.jpg, C:\Users\ayubb\Pictures\IMG\right_2026_07_29_19_39_50_152.jpg, 0, 1, 0, 30.1903
C:\Users\ayubb\Pictures\IMG\center_2026_07_29_19_39_50_255.jpg, C:\Users\ayubb\Pictures\IMG\left_2026_07_29_19_39_50_255.jpg, C:\Users\ayubb\Pictures\IMG\right_2026_07_29_19_39_50_255.jpg, -0.0551667, 1, 0, 30.18957
C:\Users\ayubb\Pictures\IMG\center_2026_07_29_19_39_50_358.jpg, C:\Users\ayubb\Pictures\IMG\left_2026_07_29_19_39_50_358.jpg, C:\Users\ayubb\Pictures\IMG\right_2026_07_29_19_39_50_358.jpg, -0.02723882, 1, 0, 30.19031
C:\Users\ayubb\Pictures\IMG\center_2026_07_29_19_39_50_460.jpg, C:\Users\ayubb\Pictures\IMG\left_2026_07_29_19_39_50_460.jpg, C:\Users\ayubb\Pictures\IMG\right_2026_07_29_19_39_50_460.jpg, 0, 1, 0, 30.19015
C:\Users\ayubb\Pictures\IMG\center_2026_07_29_19_39_50_561.jpg, C:\Users\ayubb\Pictures\IMG\left_2026_07_29_19_39_50_561.jpg, C:\Users\ayubb\Pictures\IMG\right_2026_07_29_19_39_50_561.jpg, 0, 1, 0, 30.19025
C:\Users\ayubb\Pictures\IMG\center_2026_07_29_19_39_50_663.jpg, C:\Users\ayubb\Pictures\IMG\left_2026_07_29_19_39_50_663.jpg, C:\Users\ayubb\Pictures\IMG\right_2026_07_29_19_39_50_663.jpg, -0.08124571, 1, 0, 30.1889
C:\Users\ayubb\Pictures\IMG\center_2026_07_29_19_39_50_766.jpg, C:\Users\ayubb\Pictures\IMG\left_2026_07_29_19_39_50_766.jpg, C:\Users\ayubb\Pictures\IMG\right_2026_07_29_19_39_50_766.jpg, -0.2461056, 1, 0, 30.17651
C:\Users\ayubb\Pictures\IMG\center_2026_07_29_19_39_50_869.jpg, C:\Users\ayubb\Pictures\IMG\left_2026_07_29_19_39_50_869.jpg, C:\Users\ayubb\Pictures\IMG\right_2026_07_29_19_39_50_869.jpg, 0, 1, 0, 30.18875
C:\Users\ayubb\Pictures\IMG\center_2026_07_29_19_39_50_970.jpg, C:\Users\ayubb\Pictures\IMG\left_2026_07_29_19_39_50_970.jpg, C:\Users\ayubb\Pictures\IMG\right_2026_07_29_19_39_50_970.jpg, 0, 1, 0, 30.19009
C:\Users\ayubb\Pictures\IMG\center_2026_07_29_19_39_51_070.jpg, C:\Users\ayubb\Pictures\IMG\left_2026_07_29_19_39_51_070.jpg, C:\Users\ayubb\Pictures\IMG\right_2026_07_29_19_39_51_070.jpg, 0, 1, 0, 30.19025
C:\Users\ayubb\Pictures\IMG\center_2026_07_29_19_39_51_172.jpg, C:\Users\ayubb\Pictures\IMG\left_2026_07_29_19_39_51_172.jpg, C:\Users\ayubb\Pictures\IMG\right_2026_07_29_19_39_51_172.jpg, 0, 1, 0, 30.19029
C:\Users\ayubb\Pictures\IMG\center_2026_07_29_19_39_51_273.jpg, C:\Users\ayubb\Pictures\IMG\left_2026_07_29_19_39_51_273.jpg, C:\Users\ayubb\Pictures\IMG\right_2026_07_29_19_39_51_273.jpg, 0, 1, 0, 30.19032
C:\Users\ayubb\Pictures\IMG\center_2026_07_29_19_39_51_375.jpg, C:\Users\ayubb\Pictures\IMG\left_2026_07_29_19_39_51_375.jpg, C:\Users\ayubb\Pictures\IMG\right_2026_07_29_19_39_51_375.jpg, 0, 1, 0, 30.19029
C:\Users\ayubb\Pictures\IMG\center_2026_07_29_19_39_51_474.jpg, C:\Users\ayubb\Pictures\IMG\left_2026_07_29_19_39_51_474.jpg, C:\Users\ayubb\Pictures\IMG\right_2026_07_29_19_39_51_474.jpg, -0.1598454, 1, 0, 30.18331
C:\Users\ayubb\Pictures\IMG\center_2026_07_29_19_39_51_578.jpg, C:\Users\ayubb\Pictures\IMG\left_2026_07_29_19_39_51_578.jpg, C:\Users\ayubb\Pictures\IMG\right_2026_07_29_19_39_51_578.jpg, 0, 1, 0, 30.19018
C:\Users\ayubb\Pictures\IMG\center_2026_07_29_19_39_51_680.jpg, C:\Users\ayubb\Pictures\IMG\left_2026_07_29_19_39_51_680.jpg, C:\Users\ayubb\Pictures\IMG\right_2026_07_29_19_39_51_680.jpg, 0, 1, 0, 30.19029
C:\Users\ayubb\Pictures\IMG\center_2026_07_29_19_39_51_780.jpg, C:\Users\ayubb\Pictures\IMG\left_2026_07_29_19_39_51_780.jpg, C:\Users\ayubb\Pictures\IMG\right_2026_07_29_19_39_51_780.jpg, 0, 1, 0, 30.19029
C:\Users\ayubb\Pictures\IMG\center_2026_07_29_19_39_51_882.jpg, C:\Users\ayubb\Pictures\IMG\left_2026_07_29_19_39_51_882.jpg, C:\Users\ayubb\Pictures\IMG\right_2026_07_29_19_39_51_882.jpg, -0.2719125, 1, 0, 30.17219
C:\Users\ayubb\Pictures\IMG\center_2026_07_29_19_39_51_983.jpg, C:\Users\ayubb\Pictures\IMG\left_2026_07_29_19_39_51_983.jpg, C:\Users\ayubb\Pictures\IMG\right_2026_07_29_19_39_51_983.jpg, 0, 1, 0, 30.18938
C:\Users\ayubb\Pictures\IMG\center_2026_07_29_19_39_52_086.jpg, C:\Users\ayubb\Pictures\IMG\left_2026_07_29_19_39_52_086.jpg, C:\Users\ayubb\Pictures\IMG\right_2026_07_29_19_39_52_086.jpg, 0, 1, 0, 30.19088
C:\Users\ayubb\Pictures\IMG\center_2026_07_29_19_39_52_187.jpg, C:\Users\ayubb\Pictures\IMG\left_2026_07_29_19_39_52_187.jpg, C:\Users\ayubb\Pictures\IMG\right_2026_07_29_19_39_52_187.jpg, 0, 1, 0, 30.18945
C:\Users\ayubb\Pictures\IMG\center_2026_07_29_19_39_52_288.jpg, C:\Users\ayubb\Pictures\IMG\left_2026_07_29_19_39_52_288.jpg, C:\Users\ayubb\Pictures\IMG\right_2026_07_29_19_39_52_288.jpg, 0, 1, 0, 30.19091
C:\Users\ayubb\Pictures\IMG\center_2026_07_29_19_39_52_389.jpg, C:\Users\ayubb\Pictures\IMG\left_2026_07_29_19_39_52_389.jpg, C:\Users\ayubb\Pictures\IMG\right_2026_07_29_19_39_52_389.jpg, 0, 1, 0, 30.18985
C:\Users\ayubb\Pictures\IMG\center_2026_07_29_19_39_52_490.jpg, C:\Users\ayubb\Pictures\IMG\left_2026_07_29_19_39_52_490.jpg, C:\Users\ayubb\Pictures\IMG\right_2026_07_29_19_39_52_490.jpg, -0.1988346, 1, 0, 30.17957
C:\Users\ayubb\Pictures\IMG\center_2026_07_29_19_39_52_590.jpg, C:\Users\ayubb\Pictures\IMG\left_2026_07_29_19_39_52_590.jpg, C:\Users\ayubb\Pictures\IMG\right_2026_07_29_19_39_52_590.jpg, -0.2648376, 1, 0, 30.1823
C:\Users\ayubb\Pictures\IMG\center_2026_07_29_19_39_52_690.jpg, C:\Users\ayubb\Pictures\IMG\left_2026_07_29_19_39_52_690.jpg, C:\Users\ayubb\Pictures\IMG\right_2026_07_29_19_39_52_690.jpg, 0, 1, 0, 30.18661
C:\Users\ayubb\Pictures\IMG\center_2026_07_29_19_39_52_791.jpg, C:\Users\ayubb\Pictures\IMG\left_2026_07_29_19_39_52_791.jpg, C:\Users\ayubb\Pictures\IMG\right_2026_07_29_19_39_52_791.jpg, 0, 1, 0, 30.19
C:\Users\ayubb\Pictures\IMG\center_2026_07_29_19_39_52_895.jpg, C:\Users\ayubb\Pictures\IMG\left_2026_07_29_19_39_52_895.jpg, C:\Users\ayubb\Pictures\IMG\right_2026_07_29_19_39_52_895.jpg, -0.1481112, 1, 0, 30.18515
C:\Users\ayubb\Pictures\IMG\center_2026_07_29_19_39_52_997.jpg, C:\Users\ayubb\Pictures\IMG\left_2026_07_29_19_39_52_997.jpg, C:\Users\ayubb\Pictures\IMG\right_2026_07_29_19_39_52_997.jpg, -0.346794, 1, 0, 30.17096
C:\Users\ayubb\Pictures\IMG\center_2026_07_29_19_39_53_097.jpg, C:\Users\ayubb\Pictures\IMG\left_2026_07_29_19_39_53_097.jpg, C:\Users\ayubb\Pictures\IMG\right_2026_07_29_19_39_53_097.jpg, -0.04402564, 1, 0, 30.19001
C:\Users\ayubb\Pictures\IMG\center_2026_07_29_19_39_53_198.jpg, C:\Users\ayubb\Pictures\IMG\left_2026_07_29_19_39_53_198.jpg, C:\Users\ayubb\Pictures\IMG\right_2026_07_29_19_39_53_198.jpg, 0, 1, 0, 30.18985
C:\Users\ayubb\Pictures\IMG\center_2026_07_29_19_39_53_298.jpg, C:\Users\ayubb\Pictures\IMG\left_2026_07_29_19_39_53_298.jpg, C:\Users\ayubb\Pictures\IMG\right_2026_07_29_19_39_53_298.jpg, -0.0205209, 1, 0, 30.19024
C:\Users\ayubb\Pictures\IMG\center_2026_07_29_19_39_53_399.jpg, C:\Users\ayubb\Pictures\IMG\left_2026_07_29_19_39_53_399.jpg, C:\Users\ayubb\Pictures\IMG\right_2026_07_29_19_39_53_399.jpg, -0.3157995, 1, 0, 30.16841
C:\Users\ayubb\Pictures\IMG\center_2026_07_29_19_39_53_501.jpg, C:\Users\ayubb\Pictures\IMG\left_2026_07_29_19_39_53_501.jpg, C:\Users\ayubb\Pictures\IMG\right_2026_07_29_19_39_53_501.jpg, -0.4717806, 1, 0, 30.1552
C:\Users\ayubb\Pictures\IMG\center_2026_07_29_19_39_53_602.jpg, C:\Users\ayubb\Pictures\IMG\left_2026_07_29_19_39_53_602.jpg, C:\Users\ayubb\Pictures\IMG\right_2026_07_29_19_39_53_602.jpg, -0.1709072, 1, 0, 30.19444
C:\Users\ayubb\Pictures\IMG\center_2026_07_29_19_39_53_703.jpg, C:\Users\ayubb\Pictures\IMG\left_2026_07_29_19_39_53_703.jpg, C:\Users\ayubb\Pictures\IMG\right_2026_07_29_19_39_53_703.jpg, 0, 1, 0, 30.18826
C:\Users\ayubb\Pictures\IMG\center_2026_07_29_19_39_53_804.jpg, C:\Users\ayubb\Pictures\IMG\left_2026_07_29_19_39_53_804.jpg, C:\Users\ayubb\Pictures\IMG\right_2026_07_29_19_39_53_804.jpg, -0.3010155, 1, 0, 30.17662
C:\Users\ayubb\Pictures\IMG\center_2026_07_29_19_39_53_904.jpg, C:\Users\ayubb\Pictures\IMG\left_2026_07_29_19_39_53_904.jpg, C:\Users\ayubb\Pictures\IMG\right_2026_07_29_19_39_53_904.jpg, -0.5971637, 1, 0, 30.1328
C:\Users\ayubb\Pictures\IMG\center_2026_07_29_19_39_54_007.jpg, C:\Users\ayubb\Pictures\IMG\left_2026_07_29_19_39_54_007.jpg, C:\Users\ayubb\Pictures\IMG\right_2026_07_29_19_39_54_007.jpg, -0.8149822, 1, 0, 30.11399
C:\Users\ayubb\Pictures\IMG\center_2026_07_29_19_39_54_108.jpg, C:\Users\ayubb\Pictures\IMG\left_2026_07_29_19_39_54_108.jpg, C:\Users\ayubb\Pictures\IMG\right_2026_07_29_19_39_54_108.jpg, -0.5124883, 1, 0, 30.19211
C:\Users\ayubb\Pictures\IMG\center_2026_07_29_19_39_54_210.jpg, C:\Users\ayubb\Pictures\IMG\left_2026_07_29_19_39_54_210.jpg, C:\Users\ayubb\Pictures\IMG\right_2026_07_29_19_39_54_210.jpg, -0.2061676, 1, 0, 30.19908
C:\Users\ayubb\Pictures\IMG\center_2026_07_29_19_39_54_310.jpg, C:\Users\ayubb\Pictures\IMG\left_2026_07_29_19_39_54_310.jpg, C:\Users\ayubb\Pictures\IMG\right_2026_07_29_19_39_54_310.jpg, 0, 1, 0, 30.18373
C:\Users\ayubb\Pictures\IMG\center_2026_07_29_19_39_54_411.jpg, C:\Users\ayubb\Pictures\IMG\left_2026_07_29_19_39_54_411.jpg, C:\Users\ayubb\Pictures\IMG\right_2026_07_29_19_39_54_411.jpg, -0.1198815, 1, 0, 30.19095
C:\Users\ayubb\Pictures\IMG\center_2026_07_29_19_39_54_513.jpg, C:\Users\ayubb\Pictures\IMG\left_2026_07_29_19_39_54_513.jpg, C:\Users\ayubb\Pictures\IMG\right_2026_07_29_19_39_54_513.jpg, -0.1916754, 1, 0, 30.18867
C:\Users\ayubb\Pictures\IMG\center_2026_07_29_19_39_54_617.jpg, C:\Users\ayubb\Pictures\IMG\left_2026_07_29_19_39_54_617.jpg, C:\Users\ayubb\Pictures\IMG\right_2026_07_29_19_39_54_617.jpg, 0, 1, 0, 30.19016
C:\Users\ayubb\Pictures\IMG\center_2026_07_29_19_39_54_720.jpg, C:\Users\ayubb\Pictures\IMG\left_2026_07_29_19_39_54_720.jpg, C:\Users\ayubb\Pictures\IMG\right_2026_07_29_19_39_54_720.jpg, 0, 1, 0, 30.1896
C:\Users\ayubb\Pictures\IMG\center_2026_07_29_19_39_54_821.jpg, C:\Users\ayubb\Pictures\IMG\left_2026_07_29_19_39_54_821.jpg, C:\Users\ayubb\Pictures\IMG\right_2026_07_29_19_39_54_821.jpg, -0.1918815, 1, 0, 30.18167
C:\Users\ayubb\Pictures\IMG\center_2026_07_29_19_39_54_921.jpg, C:\Users\ayubb\Pictures\IMG\left_2026_07_29_19_39_54_921.jpg, C:\Users\ayubb\Pictures\IMG\right_2026_07_29_19_39_54_921.jpg, -0.1278759, 1, 0, 30.18795
C:\Users\ayubb\Pictures\IMG\center_2026_07_29_19_39_55_022.jpg, C:\Users\ayubb\Pictures\IMG\left_2026_07_29_19_39_55_022.jpg, C:\Users\ayubb\Pictures\IMG\right_2026_07_29_19_39_55_022.jpg, 0, 1, 0, 30.1904
C:\Users\ayubb\Pictures\IMG\center_2026_07_29_19_39_55_122.jpg, C:\Users\ayubb\Pictures\IMG\left_2026_07_29_19_39_55_122.jpg, C:\Users\ayubb\Pictures\IMG\right_2026_07_29_19_39_55_122.jpg, -0.0971145, 1, 0, 30.18932
C:\Users\ayubb\Pictures\IMG\center_2026_07_29_19_39_55_223.jpg, C:\Users\ayubb\Pictures\IMG\left_2026_07_29_19_39_55_223.jpg, C:\Users\ayubb\Pictures\IMG\right_2026_07_29_19_39_55_223.jpg, -0.1985064, 1, 0, 30.18497
C:\Users\ayubb\Pictures\IMG\center_2026_07_29_19_39_55_326.jpg, C:\Users\ayubb\Pictures\IMG\left_2026_07_29_19_39_55_326.jpg, C:\Users\ayubb\Pictures\IMG\right_2026_07_29_19_39_55_326.jpg, 0, 1, 0, 30.18937
C:\Users\ayubb\Pictures\IMG\center_2026_07_29_19_39_55_429.jpg, C:\Users\ayubb\Pictures\IMG\left_2026_07_29_19_39_55_429.jpg, C:\Users\ayubb\Pictures\IMG\right_2026_07_29_19_39_55_429.jpg, -0.07368571, 1, 0, 30.19137
C:\Users\ayubb\Pictures\IMG\center_2026_07_29_19_39_55_530.jpg, C:\Users\ayubb\Pictures\IMG\left_2026_07_29_19_39_55_530.jpg, C:\Users\ayubb\Pictures\IMG\right_2026_07_29_19_39_55_530.jpg, -0.2581882, 1, 0, 30.17637
C:\Users\ayubb\Pictures\IMG\center_2026_07_29_19_39_55_633.jpg, C:\Users\ayubb\Pictures\IMG\left_2026_07_29_19_39_55_633.jpg, C:\Users\ayubb\Pictures\IMG\right_2026_07_29_19_39_55_633.jpg, 0, 1, 0, 30.18877
C:\Users\ayubb\Pictures\IMG\center_2026_07_29_19_39_55_735.jpg, C:\Users\ayubb\Pictures\IMG\left_2026_07_29_19_39_55_735.jpg, C:\Users\ayubb\Pictures\IMG\right_2026_07_29_19_39_55_735.jpg, -0.1532604, 1, 0, 30.18718
C:\Users\ayubb\Pictures\IMG\center_2026_07_29_19_39_55_836.jpg, C:\Users\ayubb\Pictures\IMG\left_2026_07_29_19_39_55_836.jpg, C:\Users\ayubb\Pictures\IMG\right_2026_07_29_19_39_55_836.jpg, -0.2811804, 1, 0, 30.17944
C:\Users\ayubb\Pictures\IMG\center_2026_07_29_19_39_55_940.jpg, C:\Users\ayubb\Pictures\IMG\left_2026_07_29_19_39_55_940.jpg, C:\Users\ayubb\Pictures\IMG\right_2026_07_29_19_39_55_940.jpg, 0, 1, 0, 30.18833
C:\Users\ayubb\Pictures\IMG\center_2026_07_29_19_39_56_042.jpg, C:\Users\ayubb\Pictures\IMG\left_2026_07_29_19_39_56_042.jpg, C:\Users\ayubb\Pictures\IMG\right_2026_07_29_19_39_56_042.jpg, -0.1584876, 1, 0, 30.18708
C:\Users\ayubb\Pictures\IMG\center_2026_07_29_19_39_56_145.jpg, C:\Users\ayubb\Pictures\IMG\left_2026_07_29_19_39_56_145.jpg, C:\Users\ayubb\Pictures\IMG\right_2026_07_29_19_39_56_145.jpg, -0.4098015, 1, 0, 30.15891
C:\Users\ayubb\Pictures\IMG\center_2026_07_29_19_39_56_249.jpg, C:\Users\ayubb\Pictures\IMG\left_2026_07_29_19_39_56_249.jpg, C:\Users\ayubb\Pictures\IMG\right_2026_07_29_19_39_56_249.jpg, -0.1125306, 1, 0, 30.19235
C:\Users\ayubb\Pictures\IMG\center_2026_07_29_19_39_56_351.jpg, C:\Users\ayubb\Pictures\IMG\left_2026_07_29_19_39_56_351.jpg, C:\Users\ayubb\Pictures\IMG\right_2026_07_29_19_39_56_351.jpg, 0, 1, 0, 30.18929
C:\Users\ayubb\Pictures\IMG\center_2026_07_29_19_39_56_453.jpg, C:\Users\ayubb\Pictures\IMG\left_2026_07_29_19_39_56_453.jpg, C:\Users\ayubb\Pictures\IMG\right_2026_07_29_19_39_56_453.jpg, 0, 1, 0, 30.19023
C:\Users\ayubb\Pictures\IMG\center_2026_07_29_19_39_56_555.jpg, C:\Users\ayubb\Pictures\IMG\left_2026_07_29_19_39_56_555.jpg, C:\Users\ayubb\Pictures\IMG\right_2026_07_29_19_39_56_555.jpg, 0, 1, 0, 30.19031
C:\Users\ayubb\Pictures\IMG\center_2026_07_29_19_39_56_656.jpg, C:\Users\ayubb\Pictures\IMG\left_2026_07_29_19_39_56_656.jpg, C:\Users\ayubb\Pictures\IMG\right_2026_07_29_19_39_56_656.jpg, 0, 1, 0, 30.19032
C:\Users\ayubb\Pictures\IMG\center_2026_07_29_19_39_56_760.jpg, C:\Users\ayubb\Pictures\IMG\left_2026_07_29_19_39_56_760.jpg, C:\Users\ayubb\Pictures\IMG\right_2026_07_29_19_39_56_760.jpg, 0, 1, 0, 30.19011
C:\Users\ayubb\Pictures\IMG\center_2026_07_29_19_39_56_860.jpg, C:\Users\ayubb\Pictures\IMG\left_2026_07_29_19_39_56_860.jpg, C:\Users\ayubb\Pictures\IMG\right_2026_07_29_19_39_56_860.jpg, 0, 1, 0, 30.19031
C:\Users\ayubb\Pictures\IMG\center_2026_07_29_19_39_56_963.jpg, C:\Users\ayubb\Pictures\IMG\left_2026_07_29_19_39_56_963.jpg, C:\Users\ayubb\Pictures\IMG\right_2026_07_29_19_39_56_963.jpg, 0, 1, 0, 30.19036
C:\Users\ayubb\Pictures\IMG\center_2026_07_29_19_39_57_067.jpg, C:\Users\ayubb\Pictures\IMG\left_2026_07_29_19_39_57_067.jpg, C:\Users\ayubb\Pictures\IMG\right_2026_07_29_19_39_57_067.jpg, 0.0700836, 1, 0, 30.18918
C:\Users\ayubb\Pictures\IMG\center_2026_07_29_19_39_57_168.jpg, C:\Users\ayubb\Pictures\IMG\left_2026_07_29_19_39_57_168.jpg, C:\Users\ayubb\Pictures\IMG\right_2026_07_29_19_39_57_168.jpg, 0.04533719, 1, 0, 30.19034
C:\Users\ayubb\Pictures\IMG\center_2026_07_29_19_39_57_269.jpg, C:\Users\ayubb\Pictures\IMG\left_2026_07_29_19_39_57_269.jpg, C:\Users\ayubb\Pictures\IMG\right_2026_07_29_19_39_57_269.jpg, 0, 1, 0, 30.19017
C:\Users\ayubb\Pictures\IMG\center_2026_07_29_19_39_57_368.jpg, C:\Users\ayubb\Pictures\IMG\left_2026_07_29_19_39_57_368.jpg, C:\Users\ayubb\Pictures\IMG\right_2026_07_29_19_39_57_368.jpg, 0, 1, 0, 30.1903
C:\Users\ayubb\Pictures\IMG\center_2026_07_29_19_39_57_469.jpg, C:\Users\ayubb\Pictures\IMG\left_2026_07_29_19_39_57_469.jpg, C:\Users\ayubb\Pictures\IMG\right_2026_07_29_19_39_57_469.jpg, -0.0333582, 1, 0, 30.18997
C:\Users\ayubb\Pictures\IMG\center_2026_07_29_19_39_57_571.jpg, C:\Users\ayubb\Pictures\IMG\left_2026_07_29_19_39_57_571.jpg, C:\Users\ayubb\Pictures\IMG\right_2026_07_29_19_39_57_571.jpg, -0.2897244, 1, 0, 30.16981
C:\Users\ayubb\Pictures\IMG\center_2026_07_29_19_39_57_673.jpg, C:\Users\ayubb\Pictures\IMG\left_2026_07_29_19_39_57_673.jpg, C:\Users\ayubb\Pictures\IMG\right_2026_07_29_19_39_57_673.jpg, 0, 1, 0, 30.18917
C:\Users\ayubb\Pictures\IMG\center_2026_07_29_19_39_57_777.jpg, C:\Users\ayubb\Pictures\IMG\left_2026_07_29_19_39_57_777.jpg, C:\Users\ayubb\Pictures\IMG\right_2026_07_29_19_39_57_777.jpg, 0.0963165, 1, 0, 30.18588
C:\Users\ayubb\Pictures\IMG\center_2026_07_29_19_39_57_878.jpg, C:\Users\ayubb\Pictures\IMG\left_2026_07_29_19_39_57_878.jpg, C:\Users\ayubb\Pictures\IMG\right_2026_07_29_19_39_57_878.jpg, 0.07212597, 1, 0, 30.18979
C:\Users\ayubb\Pictures\IMG\center_2026_07_29_19_39_57_978.jpg, C:\Users\ayubb\Pictures\IMG\left_2026_07_29_19_39_57_978.jpg, C:\Users\ayubb\Pictures\IMG\right_2026_07_29_19_39_57_978.jpg, 0, 1, 0, 30.19009
C:\Users\ayubb\Pictures\IMG\center_2026_07_29_19_39_58_081.jpg, C:\Users\ayubb\Pictures\IMG\left_2026_07_29_19_39_58_081.jpg, C:\Users\ayubb\Pictures\IMG\right_2026_07_29_19_39_58_081.jpg, 0, 1, 0, 30.19026
C:\Users\ayubb\Pictures\IMG\center_2026_07_29_19_39_58_183.jpg, C:\Users\ayubb\Pictures\IMG\left_2026_07_29_19_39_58_183.jpg, C:\Users\ayubb\Pictures\IMG\right_2026_07_29_19_39_58_183.jpg, 0, 1, 0, 30.19027
C:\Users\ayubb\Pictures\IMG\center_2026_07_29_19_39_58_283.jpg, C:\Users\ayubb\Pictures\IMG\left_2026_07_29_19_39_58_283.jpg, C:\Users\ayubb\Pictures\IMG\right_2026_07_29_19_39_58_283.jpg, 0, 1, 0, 30.19028
C:\Users\ayubb\Pictures\IMG\center_2026_07_29_19_39_58_385.jpg, C:\Users\ayubb\Pictures\IMG\left_2026_07_29_19_39_58_385.jpg, C:\Users\ayubb\Pictures\IMG\right_2026_07_29_19_39_58_385.jpg, 0, 1, 0, 30.19032
C:\Users\ayubb\Pictures\IMG\center_2026_07_29_19_39_58_485.jpg, C:\Users\ayubb\Pictures\IMG\left_2026_07_29_19_39_58_485.jpg, C:\Users\ayubb\Pictures\IMG\right_2026_07_29_19_39_58_485.jpg, 0, 1, 0, 30.19029
C:\Users\ayubb\Pictures\IMG\center_2026_07_29_19_39_58_585.jpg, C:\Users\ayubb\Pictures\IMG\left_2026_07_29_19_39_58_585.jpg, C:\Users\ayubb\Pictures\IMG\right_2026_07_29_19_39_58_585.jpg, 0, 1, 0, 30.1903
C:\Users\ayubb\Pictures\IMG\center_2026_07_29_19_39_58_689.jpg, C:\Users\ayubb\Pictures\IMG\left_2026_07_29_19_39_58_689.jpg, C:\Users\ayubb\Pictures\IMG\right_2026_07_29_19_39_58_689.jpg, 0, 1, 0, 30.19028
C:\Users\ayubb\Pictures\IMG\center_2026_07_29_19_39_58_792.jpg, C:\Users\ayubb\Pictures\IMG\left_2026_07_29_19_39_58_792.jpg, C:\Users\ayubb\Pictures\IMG\right_2026_07_29_19_39_58_792.jpg, 0, 1, 0, 30.1903
C:\Users\ayubb\Pictures\IMG\center_2026_07_29_19_39_58_894.jpg, C:\Users\ayubb\Pictures\IMG\left_2026_07_29_19_39_58_894.jpg, C:\Users\ayubb\Pictures\IMG\right_2026_07_29_19_39_58_894.jpg, 0.08255249, 1, 0, 30.18777
C:\Users\ayubb\Pictures\IMG\center_2026_07_29_19_39_58_997.jpg, C:\Users\ayubb\Pictures\IMG\left_2026_07_29_19_39_58_997.jpg, C:\Users\ayubb\Pictures\IMG\right_2026_07_29_19_39_58_997.jpg, 0, 1, 0, 30.19027
C:\Users\ayubb\Pictures\IMG\center_2026_07_29_19_39_59_098.jpg, C:\Users\ayubb\Pictures\IMG\left_2026_07_29_19_39_59_098.jpg, C:\Users\ayubb\Pictures\IMG\right_2026_07_29_19_39_59_098.jpg, 0, 1, 0, 30.19029
C:\Users\ayubb\Pictures\IMG\center_2026_07_29_19_39_59_200.jpg, C:\Users\ayubb\Pictures\IMG\left_2026_07_29_19_39_59_200.jpg, C:\Users\ayubb\Pictures\IMG\right_2026_07_29_19_39_59_200.jpg, 0, 1, 0, 30.19032
C:\Users\ayubb\Pictures\IMG\center_2026_07_29_19_39_59_300.jpg, C:\Users\ayubb\Pictures\IMG\left_2026_07_29_19_39_59_300.jpg, C:\Users\ayubb\Pictures\IMG\right_2026_07_29_19_39_59_300.jpg, 0, 1, 0, 30.19029
C:\Users\ayubb\Pictures\IMG\center_2026_07_29_19_39_59_402.jpg, C:\Users\ayubb\Pictures\IMG\left_2026_07_29_19_39_59_402.jpg, C:\Users\ayubb\Pictures\IMG\right_2026_07_29_19_39_59_402.jpg, 0.09832321, 1, 0, 30.18849
C:\Users\ayubb\Pictures\IMG\center_2026_07_29_19_39_59_502.jpg, C:\Users\ayubb\Pictures\IMG\left_2026_07_29_19_39_59_502.jpg, C:\Users\ayubb\Pictures\IMG\right_2026_07_29_19_39_59_502.jpg, 0, 1, 0, 30.19013
C:\Users\ayubb\Pictures\IMG\center_2026_07_29_19_39_59_604.jpg, C:\Users\ayubb\Pictures\IMG\left_2026_07_29_19_39_59_604.jpg, C:\Users\ayubb\Pictures\IMG\right_2026_07_29_19_39_59_604.jpg, 0, 1, 0, 30.19026
C:\Users\ayubb\Pictures\IMG\center_2026_07_29_19_39_59_705.jpg, C:\Users\ayubb\Pictures\IMG\left_2026_07_29_19_39_59_705.jpg, C:\Users\ayubb\Pictures\IMG\right_2026_07_29_19_39_59_705.jpg, 0, 1, 0, 30.19029
C:\Users\ayubb\Pictures\IMG\center_2026_07_29_19_39_59_808.jpg, C:\Users\ayubb\Pictures\IMG\left_2026_07_29_19_39_59_808.jpg, C:\Users\ayubb\Pictures\IMG\right_2026_07_29_19_39_59_808.jpg, 0.2753043, 1, 0, 30.17138
C:\Users\ayubb\Pictures\IMG\center_2026_07_29_19_39_59_910.jpg, C:\Users\ayubb\Pictures\IMG\left_2026_07_29_19_39_59_910.jpg, C:\Users\ayubb\Pictures\IMG\right_2026_07_29_19_39_59_910.jpg, 0.03655023, 1, 0, 30.19052
C:\Users\ayubb\Pictures\IMG\center_2026_07_29_19_40_00_012.jpg, C:\Users\ayubb\Pictures\IMG\left_2026_07_29_19_40_00_012.jpg, C:\Users\ayubb\Pictures\IMG\right_2026_07_29_19_40_00_012.jpg, 0, 1, 0, 30.18999
C:\Users\ayubb\Pictures\IMG\center_2026_07_29_19_40_00_115.jpg, C:\Users\ayubb\Pictures\IMG\left_2026_07_29_19_40_00_115.jpg, C:\Users\ayubb\Pictures\IMG\right_2026_07_29_19_40_00_115.jpg, 0, 1, 0, 30.19025
C:\Users\ayubb\Pictures\IMG\center_2026_07_29_19_40_00_217.jpg, C:\Users\ayubb\Pictures\IMG\left_2026_07_29_19_40_00_217.jpg, C:\Users\ayubb\Pictures\IMG\right_2026_07_29_19_40_00_217.jpg, 0, 1, 0, 30.19032
C:\Users\ayubb\Pictures\IMG\center_2026_07_29_19_40_00_320.jpg, C:\Users\ayubb\Pictures\IMG\left_2026_07_29_19_40_00_320.jpg, C:\Users\ayubb\Pictures\IMG\right_2026_07_29_19_40_00_320.jpg, 0, 1, 0, 30.19029
C:\Users\ayubb\Pictures\IMG\center_2026_07_29_19_40_00_422.jpg, C:\Users\ayubb\Pictures\IMG\left_2026_07_29_19_40_00_422.jpg, C:\Users\ayubb\Pictures\IMG\right_2026_07_29_19_40_00_422.jpg, 0, 1, 0, 30.19029
C:\Users\ayubb\Pictures\IMG\center_2026_07_29_19_40_00_522.jpg, C:\Users\ayubb\Pictures\IMG\left_2026_07_29_19_40_00_522.jpg, C:\Users\ayubb\Pictures\IMG\right_2026_07_29_19_40_00_522.jpg, 0, 1, 0, 30.19039
C:\Users\ayubb\Pictures\IMG\center_2026_07_29_19_40_00_623.jpg, C:\Users\ayubb\Pictures\IMG\left_2026_07_29_19_40_00_623.jpg, C:\Users\ayubb\Pictures\IMG\right_2026_07_29_19_40_00_623.jpg, 0, 1, 0, 30.19023
C:\Users\ayubb\Pictures\IMG\center_2026_07_29_19_40_00_727.jpg, C:\Users\ayubb\Pictures\IMG\left_2026_07_29_19_40_00_727.jpg, C:\Users\ayubb\Pictures\IMG\right_2026_07_29_19_40_00_727.jpg, 0, 1, 0, 30.19038
C:\Users\ayubb\Pictures\IMG\center_2026_07_29_19_40_00_827.jpg, C:\Users\ayubb\Pictures\IMG\left_2026_07_29_19_40_00_827.jpg, C:\Users\ayubb\Pictures\IMG\right_2026_07_29_19_40_00_827.jpg, 0, 1, 0, 30.19029
C:\Users\ayubb\Pictures\IMG\center_2026_07_29_19_40_00_930.jpg, C:\Users\ayubb\Pictures\IMG\left_2026_07_29_19_40_00_930.jpg, C:\Users\ayubb\Pictures\IMG\right_2026_07_29_19_40_00_930.jpg, 0.0113559, 1, 0, 30.19024
C:\Users\ayubb\Pictures\IMG\center_2026_07_29_19_40_01_031.jpg, C:\Users\ayubb\Pictures\IMG\left_2026_07_29_19_40_01_031.jpg, C:\Users\ayubb\Pictures\IMG\right_2026_07_29_19_40_01_031.jpg, 0.1724475, 1, 0, 30.18299
C:\Users\ayubb\Pictures\IMG\center_2026_07_29_19_40_01_134.jpg, C:\Users\ayubb\Pictures\IMG\left_2026_07_29_19_40_01_134.jpg, C:\Users\ayubb\Pictures\IMG\right_2026_07_29_19_40_01_134.jpg, 0, 1, 0, 30.18994
C:\Users\ayubb\Pictures\IMG\center_2026_07_29_19_40_01_238.jpg, C:\Users\ayubb\Pictures\IMG\left_2026_07_29_19_40_01_238.jpg, C:\Users\ayubb\Pictures\IMG\right_2026_07_29_19_40_01_238.jpg, 0, 1, 0, 30.19024
C:\Users\ayubb\Pictures\IMG\center_2026_07_29_19_40_01_337.jpg, C:\Users\ayubb\Pictures\IMG\left_2026_07_29_19_40_01_337.jpg, C:\Users\ayubb\Pictures\IMG\right_2026_07_29_19_40_01_337.jpg, 0.2221116, 1, 0, 30.17826
C:\Users\ayubb\Pictures\IMG\center_2026_07_29_19_40_01_440.jpg, C:\Users\ayubb\Pictures\IMG\left_2026_07_29_19_40_01_440.jpg, C:\Users\ayubb\Pictures\IMG\right_2026_07_29_19_40_01_440.jpg, 0.0247053, 1, 0, 30.19044
C:\Users\ayubb\Pictures\IMG\center_2026_07_29_19_40_01_542.jpg, C:\Users\ayubb\Pictures\IMG\left_2026_07_29_19_40_01_542.jpg, C:\Users\ayubb\Pictures\IMG\right_2026_07_29_19_40_01_542.jpg, 0.0506334, 1, 0, 30.19014
C:\Users\ayubb\Pictures\IMG\center_2026_07_29_19_40_01_643.jpg, C:\Users\ayubb\Pictures\IMG\left_2026_07_29_19_40_01_643.jpg, C:\Users\ayubb\Pictures\IMG\right_2026_07_29_19_40_01_643.jpg, 0.3512826, 1, 0, 30.16441
C:\Users\ayubb\Pictures\IMG\center_2026_07_29_19_40_01_744.jpg, C:\Users\ayubb\Pictures\IMG\left_2026_07_29_19_40_01_744.jpg, C:\Users\ayubb\Pictures\IMG\right_2026_07_29_19_40_01_744.jpg, 0.2259801, 1, 0, 30.18988
C:\Users\ayubb\Pictures\IMG\center_2026_07_29_19_40_01_845.jpg, C:\Users\ayubb\Pictures\IMG\left_2026_07_29_19_40_01_845.jpg, C:\Users\ayubb\Pictures\IMG\right_2026_07_29_19_40_01_845.jpg, 0, 1, 0, 30.18775
C:\Users\ayubb\Pictures\IMG\center_2026_07_29_19_40_01_946.jpg, C:\Users\ayubb\Pictures\IMG\left_2026_07_29_19_40_01_946.jpg, C:\Users\ayubb\Pictures\IMG\right_2026_07_29_19_40_01_946.jpg, 0.1207824, 1, 0, 30.18937
C:\Users\ayubb\Pictures\IMG\center_2026_07_29_19_40_02_046.jpg, C:\Users\ayubb\Pictures\IMG\left_2026_07_29_19_40_02_046.jpg, C:\Users\ayubb\Pictures\IMG\right_2026_07_29_19_40_02_046.jpg, 0.1883607, 1, 0, 30.1875
C:\Users\ayubb\Pictures\IMG\center_2026_07_29_19_40_02_148.jpg, C:\Users\ayubb\Pictures\IMG\left_2026_07_29_19_40_02_148.jpg, C:\Users\ayubb\Pictures\IMG\right_2026_07_29_19_40_02_148.jpg, 0, 1, 0, 30.18935
C:\Users\ayubb\Pictures\IMG\center_2026_07_29_19_40_02_249.jpg, C:\Users\ayubb\Pictures\IMG\left_2026_07_29_19_40_02_249.jpg, C:\Users\ayubb\Pictures\IMG\right_2026_07_29_19_40_02_249.jpg, 0, 1, 0, 30.19009
C:\Users\ayubb\Pictures\IMG\center_2026_07_29_19_40_02_351.jpg, C:\Users\ayubb\Pictures\IMG\left_2026_07_29_19_40_02_351.jpg, C:\Users\ayubb\Pictures\IMG\right_2026_07_29_19_40_02_351.jpg, 0.0793728, 1, 0, 30.18905
C:\Users\ayubb\Pictures\IMG\center_2026_07_29_19_40_02_453.jpg, C:\Users\ayubb\Pictures\IMG\left_2026_07_29_19_40_02_453.jpg, C:\Users\ayubb\Pictures\IMG\right_2026_07_29_19_40_02_453.jpg, 0.1429806, 1, 0, 30.18932
C:\Users\ayubb\Pictures\IMG\center_2026_07_29_19_40_02_553.jpg, C:\Users\ayubb\Pictures\IMG\left_2026_07_29_19_40_02_553.jpg, C:\Users\ayubb\Pictures\IMG\right_2026_07_29_19_40_02_553.jpg, 0, 1, 0, 30.18847
C:\Users\ayubb\Pictures\IMG\center_2026_07_29_19_40_02_653.jpg, C:\Users\ayubb\Pictures\IMG\left_2026_07_29_19_40_02_653.jpg, C:\Users\ayubb\Pictures\IMG\right_2026_07_29_19_40_02_653.jpg, 0.1525608, 1, 0, 30.18572
C:\Users\ayubb\Pictures\IMG\center_2026_07_29_19_40_02_754.jpg, C:\Users\ayubb\Pictures\IMG\left_2026_07_29_19_40_02_754.jpg, C:\Users\ayubb\Pictures\IMG\right_2026_07_29_19_40_02_754.jpg, 0.2625636, 1, 0, 30.18006
C:\Users\ayubb\Pictures\IMG\center_2026_07_29_19_40_02_855.jpg, C:\Users\ayubb\Pictures\IMG\left_2026_07_29_19_40_02_855.jpg, C:\Users\ayubb\Pictures\IMG\right_2026_07_29_19_40_02_855.jpg, 0, 1, 0, 30.18858
C:\Users\ayubb\Pictures\IMG\center_2026_07_29_19_40_02_956.jpg, C:\Users\ayubb\Pictures\IMG\left_2026_07_29_19_40_02_956.jpg, C:\Users\ayubb\Pictures\IMG\right_2026_07_29_19_40_02_956.jpg, 0.1490385, 1, 0, 30.18781
C:\Users\ayubb\Pictures\IMG\center_2026_07_29_19_40_03_059.jpg, C:\Users\ayubb\Pictures\IMG\left_2026_07_29_19_40_03_059.jpg, C:\Users\ayubb\Pictures\IMG\right_2026_07_29_19_40_03_059.jpg, 0.5177379, 1, 0, 30.14186
C:\Users\ayubb\Pictures\IMG\center_2026_07_29_19_40_03_162.jpg, C:\Users\ayubb\Pictures\IMG\left_2026_07_29_19_40_03_162.jpg, C:\Users\ayubb\Pictures\IMG\right_2026_07_29_19_40_03_162.jpg, 0.3359373, 1, 0, 30.18908
C:\Users\ayubb\Pictures\IMG\center_2026_07_29_19_40_03_263.jpg, C:\Users\ayubb\Pictures\IMG\left_2026_07_29_19_40_03_263.jpg, C:\Users\ayubb\Pictures\IMG\right_2026_07_29_19_40_03_263.jpg, 0.03291, 1, 0, 30.18831
C:\Users\ayubb\Pictures\IMG\center_2026_07_29_19_40_03_363.jpg, C:\Users\ayubb\Pictures\IMG\left_2026_07_29_19_40_03_363.jpg, C:\Users\ayubb\Pictures\IMG\right_2026_07_29_19_40_03_363.jpg, 0.0123444, 1, 0, 30.18947
C:\Users\ayubb\Pictures\IMG\center_2026_07_29_19_40_03_463.jpg, C:\Users\ayubb\Pictures\IMG\left_2026_07_29_19_40_03_463.jpg, C:\Users\ayubb\Pictures\IMG\right_2026_07_29_19_40_03_463.jpg, 0.1819839, 1, 0, 30.1851
C:\Users\ayubb\Pictures\IMG\center_2026_07_29_19_40_03_566.jpg, C:\Users\ayubb\Pictures\IMG\left_2026_07_29_19_40_03_566.jpg, C:\Users\ayubb\Pictures\IMG\right_2026_07_29_19_40_03_566.jpg, 0, 1, 0, 30.19021
C:\Users\ayubb\Pictures\IMG\center_2026_07_29_19_40_03_667.jpg, C:\Users\ayubb\Pictures\IMG\left_2026_07_29_19_40_03_667.jpg, C:\Users\ayubb\Pictures\IMG\right_2026_07_29_19_40_03_667.jpg, 0, 1, 0, 30.19027
C:\Users\ayubb\Pictures\IMG\center_2026_07_29_19_40_03_767.jpg, C:\Users\ayubb\Pictures\IMG\left_2026_07_29_19_40_03_767.jpg, C:\Users\ayubb\Pictures\IMG\right_2026_07_29_19_40_03_767.jpg, 0.2725776, 1, 0, 30.17233
C:\Users\ayubb\Pictures\IMG\center_2026_07_29_19_40_03_870.jpg, C:\Users\ayubb\Pictures\IMG\left_2026_07_29_19_40_03_870.jpg, C:\Users\ayubb\Pictures\IMG\right_2026_07_29_19_40_03_870.jpg, 0.5761392, 1, 0, 30.13212
C:\Users\ayubb\Pictures\IMG\center_2026_07_29_19_40_03_971.jpg, C:\Users\ayubb\Pictures\IMG\left_2026_07_29_19_40_03_971.jpg, C:\Users\ayubb\Pictures\IMG\right_2026_07_29_19_40_03_971.jpg, 0.6321738, 1, 0, 30.14662
C:\Users\ayubb\Pictures\IMG\center_2026_07_29_19_40_04_072.jpg, C:\Users\ayubb\Pictures\IMG\left_2026_07_29_19_40_04_072.jpg, C:\Users\ayubb\Pictures\IMG\right_2026_07_29_19_40_04_072.jpg, 0.3314288, 1, 0, 30.19622
C:\Users\ayubb\Pictures\IMG\center_2026_07_29_19_40_04_174.jpg, C:\Users\ayubb\Pictures\IMG\left_2026_07_29_19_40_04_174.jpg, C:\Users\ayubb\Pictures\IMG\right_2026_07_29_19_40_04_174.jpg, 0.03535634, 1, 0, 30.18751
C:\Users\ayubb\Pictures\IMG\center_2026_07_29_19_40_04_275.jpg, C:\Users\ayubb\Pictures\IMG\left_2026_07_29_19_40_04_275.jpg, C:\Users\ayubb\Pictures\IMG\right_2026_07_29_19_40_04_275.jpg, 0.1653591, 1, 0, 30.18971
C:\Users\ayubb\Pictures\IMG\center_2026_07_29_19_40_04_377.jpg, C:\Users\ayubb\Pictures\IMG\left_2026_07_29_19_40_04_377.jpg, C:\Users\ayubb\Pictures\IMG\right_2026_07_29_19_40_04_377.jpg, 0.2215696, 1, 0, 30.19103
C:\Users\ayubb\Pictures\IMG\center_2026_07_29_19_40_04_478.jpg, C:\Users\ayubb\Pictures\IMG\left_2026_07_29_19_40_04_478.jpg, C:\Users\ayubb\Pictures\IMG\right_2026_07_29_19_40_04_478.jpg, 0, 1, 0, 30.18845
C:\Users\ayubb\Pictures\IMG\center_2026_07_29_19_40_04_581.jpg, C:\Users\ayubb\Pictures\IMG\left_2026_07_29_19_40_04_581.jpg, C:\Users\ayubb\Pictures\IMG\right_2026_07_29_19_40_04_581.jpg, 0, 1, 0, 30.18869
C:\Users\ayubb\Pictures\IMG\center_2026_07_29_19_40_04_683.jpg, C:\Users\ayubb\Pictures\IMG\left_2026_07_29_19_40_04_683.jpg, C:\Users\ayubb\Pictures\IMG\right_2026_07_29_19_40_04_683.jpg, 0.1840176, 1, 0, 30.18306
C:\Users\ayubb\Pictures\IMG\center_2026_07_29_19_40_04_786.jpg, C:\Users\ayubb\Pictures\IMG\left_2026_07_29_19_40_04_786.jpg, C:\Users\ayubb\Pictures\IMG\right_2026_07_29_19_40_04_786.jpg, 0.2020983, 1, 0, 30.1878
C:\Users\ayubb\Pictures\IMG\center_2026_07_29_19_40_04_887.jpg, C:\Users\ayubb\Pictures\IMG\left_2026_07_29_19_40_04_887.jpg, C:\Users\ayubb\Pictures\IMG\right_2026_07_29_19_40_04_887.jpg, 0, 1, 0, 30.18952
C:\Users\ayubb\Pictures\IMG\center_2026_07_29_19_40_04_988.jpg, C:\Users\ayubb\Pictures\IMG\left_2026_07_29_19_40_04_988.jpg, C:\Users\ayubb\Pictures\IMG\right_2026_07_29_19_40_04_988.jpg, 0.0641337, 1, 0, 30.19035
C:\Users\ayubb\Pictures\IMG\center_2026_07_29_19_40_05_089.jpg, C:\Users\ayubb\Pictures\IMG\left_2026_07_29_19_40_05_089.jpg, C:\Users\ayubb\Pictures\IMG\right_2026_07_29_19_40_05_089.jpg, 0.3652884, 1, 0, 30.16254
C:\Users\ayubb\Pictures\IMG\center_2026_07_29_19_40_05_192.jpg, C:\Users\ayubb\Pictures\IMG\left_2026_07_29_19_40_05_192.jpg, C:\Users\ayubb\Pictures\IMG\right_2026_07_29_19_40_05_192.jpg, 0.2855886, 1, 0, 30.18716
C:\Users\ayubb\Pictures\IMG\center_2026_07_29_19_40_05_293.jpg, C:\Users\ayubb\Pictures\IMG\left_2026_07_29_19_40_05_293.jpg, C:\Users\ayubb\Pictures\IMG\right_2026_07_29_19_40_05_293.jpg, 0, 1, 0, 30.18674
C:\Users\ayubb\Pictures\IMG\center_2026_07_29_19_40_05_395.jpg, C:\Users\ayubb\Pictures\IMG\left_2026_07_29_19_40_05_395.jpg, C:\Users\ayubb\Pictures\IMG\right_2026_07_29_19_40_05_395.jpg, 0.1239096, 1, 0, 30.18998
C:\Users\ayubb\Pictures\IMG\center_2026_07_29_19_40_05_497.jpg, C:\Users\ayubb\Pictures\IMG\left_2026_07_29_19_40_05_497.jpg, C:\Users\ayubb\Pictures\IMG\right_2026_07_29_19_40_05_497.jpg, 0.2377941, 1, 0, 30.18725
C:\Users\ayubb\Pictures\IMG\center_2026_07_29_19_40_05_597.jpg, C:\Users\ayubb\Pictures\IMG\left_2026_07_29_19_40_05_597.jpg, C:\Users\ayubb\Pictures\IMG\right_2026_07_29_19_40_05_597.jpg, 0, 1, 0, 30.18809
C:\Users\ayubb\Pictures\IMG\center_2026_07_29_19_40_05_700.jpg, C:\Users\ayubb\Pictures\IMG\left_2026_07_29_19_40_05_700.jpg, C:\Users\ayubb\Pictures\IMG\right_2026_07_29_19_40_05_700.jpg, 0, 1, 0, 30.18986
C:\Users\ayubb\Pictures\IMG\center_2026_07_29_19_40_05_802.jpg, C:\Users\ayubb\Pictures\IMG\left_2026_07_29_19_40_05_802.jpg, C:\Users\ayubb\Pictures\IMG\right_2026_07_29_19_40_05_802.jpg, 0.1963893, 1, 0, 30.18204
C:\Users\ayubb\Pictures\IMG\center_2026_07_29_19_40_05_906.jpg, C:\Users\ayubb\Pictures\IMG\left_2026_07_29_19_40_05_906.jpg, C:\Users\ayubb\Pictures\IMG\right_2026_07_29_19_40_05_906.jpg, 0.02060102, 1, 0, 30.19062
C:\Users\ayubb\Pictures\IMG\center_2026_07_29_19_40_06_010.jpg, C:\Users\ayubb\Pictures\IMG\left_2026_07_29_19_40_06_010.jpg, C:\Users\ayubb\Pictures\IMG\right_2026_07_29_19_40_06_010.jpg, 0, 1, 0, 30.19016
C:\Users\ayubb\Pictures\IMG\center_2026_07_29_19_40_06_111.jpg, C:\Users\ayubb\Pictures\IMG\left_2026_07_29_19_40_06_111.jpg, C:\Users\ayubb\Pictures\IMG\right_2026_07_29_19_40_06_111.jpg, 0, 1, 0, 30.19031
C:\Users\ayubb\Pictures\IMG\center_2026_07_29_19_40_06_214.jpg, C:\Users\ayubb\Pictures\IMG\left_2026_07_29_19_40_06_214.jpg, C:\Users\ayubb\Pictures\IMG\right_2026_07_29_19_40_06_214.jpg, 0.2184966, 1, 0, 30.17821
C:\Users\ayubb\Pictures\IMG\center_2026_07_29_19_40_06_318.jpg, C:\Users\ayubb\Pictures\IMG\left_2026_07_29_19_40_06_318.jpg, C:\Users\ayubb\Pictures\IMG\right_2026_07_29_19_40_06_318.jpg, 0, 1, 0, 30.18948
C:\Users\ayubb\Pictures\IMG\center_2026_07_29_19_40_06_419.jpg, C:\Users\ayubb\Pictures\IMG\left_2026_07_29_19_40_06_419.jpg, C:\Users\ayubb\Pictures\IMG\right_2026_07_29_19_40_06_419.jpg, 0, 1, 0, 30.19025
C:\Users\ayubb\Pictures\IMG\center_2026_07_29_19_40_06_520.jpg, C:\Users\ayubb\Pictures\IMG\left_2026_07_29_19_40_06_520.jpg, C:\Users\ayubb\Pictures\IMG\right_2026_07_29_19_40_06_520.jpg, 0.0761706, 1, 0, 30.18935
C:\Users\ayubb\Pictures\IMG\center_2026_07_29_19_40_06_622.jpg, C:\Users\ayubb\Pictures\IMG\left_2026_07_29_19_40_06_622.jpg, C:\Users\ayubb\Pictures\IMG\right_2026_07_29_19_40_06_622.jpg, 0.1492242, 1, 0, 30.18814
C:\Users\ayubb\Pictures\IMG\center_2026_07_29_19_40_06_723.jpg, C:\Users\ayubb\Pictures\IMG\left_2026_07_29_19_40_06_723.jpg, C:\Users\ayubb\Pictures\IMG\right_2026_07_29_19_40_06_723.jpg, 0, 1, 0, 30.18986
C:\Users\ayubb\Pictures\IMG\center_2026_07_29_19_40_06_825.jpg, C:\Users\ayubb\Pictures\IMG\left_2026_07_29_19_40_06_825.jpg, C:\Users\ayubb\Pictures\IMG\right_2026_07_29_19_40_06_825.jpg, 0.1363362, 1, 0, 30.18707
C:\Users\ayubb\Pictures\IMG\center_2026_07_29_19_40_06_925.jpg, C:\Users\ayubb\Pictures\IMG\left_2026_07_29_19_40_06_925.jpg, C:\Users\ayubb\Pictures\IMG\right_2026_07_29_19_40_06_925.jpg, 0.2163285, 1, 0, 30.18528
C:\Users\ayubb\Pictures\IMG\center_2026_07_29_19_40_07_027.jpg, C:\Users\ayubb\Pictures\IMG\left_2026_07_29_19_40_07_027.jpg, C:\Users\ayubb\Pictures\IMG\right_2026_07_29_19_40_07_027.jpg, 0, 1, 0, 30.18896
C:\Users\ayubb\Pictures\IMG\center_2026_07_29_19_40_07_129.jpg, C:\Users\ayubb\Pictures\IMG\left_2026_07_29_19_40_07_129.jpg, C:\Users\ayubb\Pictures\IMG\right_2026_07_29_19_40_07_129.jpg, 0, 1, 0, 30.19015
C:\Users\ayubb\Pictures\IMG\center_2026_07_29_19_40_07_230.jpg, C:\Users\ayubb\Pictures\IMG\left_2026_07_29_19_40_07_230.jpg, C:\Users\ayubb\Pictures\IMG\right_2026_07_29_19_40_07_230.jpg, 0.2660736, 1, 0, 30.17433
C:\Users\ayubb\Pictures\IMG\center_2026_07_29_19_40_07_332.jpg, C:\Users\ayubb\Pictures\IMG\left_2026_07_29_19_40_07_332.jpg, C:\Users\ayubb\Pictures\IMG\right_2026_07_29_19_40_07_332.jpg, 0, 1, 0, 30.18957
C:\Users\ayubb\Pictures\IMG\center_2026_07_29_19_40_07_433.jpg, C:\Users\ayubb\Pictures\IMG\left_2026_07_29_19_40_07_433.jpg, C:\Users\ayubb\Pictures\IMG\right_2026_07_29_19_40_07_433.jpg, 0, 1, 0, 30.19013
C:\Users\ayubb\Pictures\IMG\center_2026_07_29_19_40_07_534.jpg, C:\Users\ayubb\Pictures\IMG\left_2026_07_29_19_40_07_534.jpg, C:\Users\ayubb\Pictures\IMG\right_2026_07_29_19_40_07_534.jpg, 0, 1, 0, 30.19031
C:\Users\ayubb\Pictures\IMG\center_2026_07_29_19_40_07_635.jpg, C:\Users\ayubb\Pictures\IMG\left_2026_07_29_19_40_07_635.jpg, C:\Users\ayubb\Pictures\IMG\right_2026_07_29_19_40_07_635.jpg, 0, 1, 0, 30.19017
C:\Users\ayubb\Pictures\IMG\center_2026_07_29_19_40_07_737.jpg, C:\Users\ayubb\Pictures\IMG\left_2026_07_29_19_40_07_737.jpg, C:\Users\ayubb\Pictures\IMG\right_2026_07_29_19_40_07_737.jpg, 0, 1, 0, 30.19029
C:\Users\ayubb\Pictures\IMG\center_2026_07_29_19_40_07_838.jpg, C:\Users\ayubb\Pictures\IMG\left_2026_07_29_19_40_07_838.jpg, C:\Users\ayubb\Pictures\IMG\right_2026_07_29_19_40_07_838.jpg, 0, 1, 0, 30.19015
C:\Users\ayubb\Pictures\IMG\center_2026_07_29_19_40_07_939.jpg, C:\Users\ayubb\Pictures\IMG\left_2026_07_29_19_40_07_939.jpg, C:\Users\ayubb\Pictures\IMG\right_2026_07_29_19_40_07_939.jpg, 0, 1, 0, 30.19033
C:\Users\ayubb\Pictures\IMG\center_2026_07_29_19_40_08_043.jpg, C:\Users\ayubb\Pictures\IMG\left_2026_07_29_19_40_08_043.jpg, C:\Users\ayubb\Pictures\IMG\right_2026_07_29_19_40_08_043.jpg, 0.193041, 1, 0, 30.18005
C:\Users\ayubb\Pictures\IMG\center_2026_07_29_19_40_08_144.jpg, C:\Users\ayubb\Pictures\IMG\left_2026_07_29_19_40_08_144.jpg, C:\Users\ayubb\Pictures\IMG\right_2026_07_29_19_40_08_144.jpg, 0, 1, 0, 30.18994
C:\Users\ayubb\Pictures\IMG\center_2026_07_29_19_40_08_247.jpg, C:\Users\ayubb\Pictures\IMG\left_2026_07_29_19_40_08_247.jpg, C:\Users\ayubb\Pictures\IMG\right_2026_07_29_19_40_08_247.jpg, 0, 1, 0, 30.19026
C:\Users\ayubb\Pictures\IMG\center_2026_07_29_19_40_08_348.jpg, C:\Users\ayubb\Pictures\IMG\left_2026_07_29_19_40_08_348.jpg, C:\Users\ayubb\Pictures\IMG\right_2026_07_29_19_40_08_348.jpg, 0, 1, 0, 30.19028
C:\Users\ayubb\Pictures\IMG\center_2026_07_29_19_40_08_451.jpg, C:\Users\ayubb\Pictures\IMG\left_2026_07_29_19_40_08_451.jpg, C:\Users\ayubb\Pictures\IMG\right_2026_07_29_19_40_08_451.jpg, 0, 1, 0, 30.19029
C:\Users\ayubb\Pictures\IMG\center_2026_07_29_19_40_08_552.jpg, C:\Users\ayubb\Pictures\IMG\left_2026_07_29_19_40_08_552.jpg, C:\Users\ayubb\Pictures\IMG\right_2026_07_29_19_40_08_552.jpg, 0, 1, 0, 30.1903
C:\Users\ayubb\Pictures\IMG\center_2026_07_29_19_40_08_654.jpg, C:\Users\ayubb\Pictures\IMG\left_2026_07_29_19_40_08_654.jpg, C:\Users\ayubb\Pictures\IMG\right_2026_07_29_19_40_08_654.jpg, 0, 1, 0, 30.19061
C:\Users\ayubb\Pictures\IMG\center_2026_07_29_19_40_08_754.jpg, C:\Users\ayubb\Pictures\IMG\left_2026_07_29_19_40_08_754.jpg, C:\Users\ayubb\Pictures\IMG\right_2026_07_29_19_40_08_754.jpg, 0, 1, 0, 30.19021
C:\Users\ayubb\Pictures\IMG\center_2026_07_29_19_40_08_854.jpg, C:\Users\ayubb\Pictures\IMG\left_2026_07_29_19_40_08_854.jpg, C:\Users\ayubb\Pictures\IMG\right_2026_07_29_19_40_08_854.jpg, 0, 1, 0, 30.19016
C:\Users\ayubb\Pictures\IMG\center_2026_07_29_19_40_08_957.jpg, C:\Users\ayubb\Pictures\IMG\left_2026_07_29_19_40_08_957.jpg, C:\Users\ayubb\Pictures\IMG\right_2026_07_29_19_40_08_957.jpg, 0, 1, 0, 30.20724
C:\Users\ayubb\Pictures\IMG\center_2026_07_29_19_40_09_058.jpg, C:\Users\ayubb\Pictures\IMG\left_2026_07_29_19_40_09_058.jpg, C:\Users\ayubb\Pictures\IMG\right_2026_07_29_19_40_09_058.jpg, 0, 1, 0, 30.19652
C:\Users\ayubb\Pictures\IMG\center_2026_07_29_19_40_09_160.jpg, C:\Users\ayubb\Pictures\IMG\left_2026_07_29_19_40_09_160.jpg, C:\Users\ayubb\Pictures\IMG\right_2026_07_29_19_40_09_160.jpg, 0, 1, 0, 30.18666
C:\Users\ayubb\Pictures\IMG\center_2026_07_29_19_40_09_260.jpg, C:\Users\ayubb\Pictures\IMG\left_2026_07_29_19_40_09_260.jpg, C:\Users\ayubb\Pictures\IMG\right_2026_07_29_19_40_09_260.jpg, 0, 1, 0, 30.19553
C:\Users\ayubb\Pictures\IMG\center_2026_07_29_19_40_09_360.jpg, C:\Users\ayubb\Pictures\IMG\left_2026_07_29_19_40_09_360.jpg, C:\Users\ayubb\Pictures\IMG\right_2026_07_29_19_40_09_360.jpg, 0, 1, 0, 30.19047
C:\Users\ayubb\Pictures\IMG\center_2026_07_29_19_40_09_461.jpg, C:\Users\ayubb\Pictures\IMG\left_2026_07_29_19_40_09_461.jpg, C:\Users\ayubb\Pictures\IMG\right_2026_07_29_19_40_09_461.jpg, 0, 1, 0, 30.19032
C:\Users\ayubb\Pictures\IMG\center_2026_07_29_19_40_09_563.jpg, C:\Users\ayubb\Pictures\IMG\left_2026_07_29_19_40_09_563.jpg, C:\Users\ayubb\Pictures\IMG\right_2026_07_29_19_40_09_563.jpg, 0, 1, 0, 30.19049
C:\Users\ayubb\Pictures\IMG\center_2026_07_29_19_40_09_663.jpg, C:\Users\ayubb\Pictures\IMG\left_2026_07_29_19_40_09_663.jpg, C:\Users\ayubb\Pictures\IMG\right_2026_07_29_19_40_09_663.jpg, 0, 1, 0, 30.1906
C:\Users\ayubb\Pictures\IMG\center_2026_07_29_19_40_09_764.jpg, C:\Users\ayubb\Pictures\IMG\left_2026_07_29_19_40_09_764.jpg, C:\Users\ayubb\Pictures\IMG\right_2026_07_29_19_40_09_764.jpg, 0, 1, 0, 30.19062
C:\Users\ayubb\Pictures\IMG\center_2026_07_29_19_40_09_867.jpg, C:\Users\ayubb\Pictures\IMG\left_2026_07_29_19_40_09_867.jpg, C:\Users\ayubb\Pictures\IMG\right_2026_07_29_19_40_09_867.jpg, 0, 1, 0, 30.19063
C:\Users\ayubb\Pictures\IMG\center_2026_07_29_19_40_09_968.jpg, C:\Users\ayubb\Pictures\IMG\left_2026_07_29_19_40_09_968.jpg, C:\Users\ayubb\Pictures\IMG\right_2026_07_29_19_40_09_968.jpg, 0, 1, 0, 30.19062
C:\Users\ayubb\Pictures\IMG\center_2026_07_29_19_40_10_070.jpg, C:\Users\ayubb\Pictures\IMG\left_2026_07_29_19_40_10_070.jpg, C:\Users\ayubb\Pictures\IMG\right_2026_07_29_19_40_10_070.jpg, 0, 1, 0, 30.19063
C:\Users\ayubb\Pictures\IMG\center_2026_07_29_19_40_10_172.jpg, C:\Users\ayubb\Pictures\IMG\left_2026_07_29_19_40_10_172.jpg, C:\Users\ayubb\Pictures\IMG\right_2026_07_29_19_40_10_172.jpg, 0, 1, 0, 30.19064
C:\Users\ayubb\Pictures\IMG\center_2026_07_29_19_40_10_272.jpg, C:\Users\ayubb\Pictures\IMG\left_2026_07_29_19_40_10_272.jpg, C:\Users\ayubb\Pictures\IMG\right_2026_07_29_19_40_10_272.jpg, 0, 1, 0, 30.19064
C:\Users\ayubb\Pictures\IMG\center_2026_07_29_19_40_10_374.jpg, C:\Users\ayubb\Pictures\IMG\left_2026_07_29_19_40_10_374.jpg, C:\Users\ayubb\Pictures\IMG\right_2026_07_29_19_40_10_374.jpg, 0, 1, 0, 30.19064
C:\Users\ayubb\Pictures\IMG\center_2026_07_29_19_40_10_474.jpg, C:\Users\ayubb\Pictures\IMG\left_2026_07_29_19_40_10_474.jpg, C:\Users\ayubb\Pictures\IMG\right_2026_07_29_19_40_10_474.jpg, 0, 1, 0, 30.19064
C:\Users\ayubb\Pictures\IMG\center_2026_07_29_19_40_10_576.jpg, C:\Users\ayubb\Pictures\IMG\left_2026_07_29_19_40_10_576.jpg, C:\Users\ayubb\Pictures\IMG\right_2026_07_29_19_40_10_576.jpg, 0, 1, 0, 30.19064
C:\Users\ayubb\Pictures\IMG\center_2026_07_29_19_40_10_678.jpg, C:\Users\ayubb\Pictures\IMG\left_2026_07_29_19_40_10_678.jpg, C:\Users\ayubb\Pictures\IMG\right_2026_07_29_19_40_10_678.jpg, 0, 1, 0, 30.19061
C:\Users\ayubb\Pictures\IMG\center_2026_07_29_19_40_10_779.jpg, C:\Users\ayubb\Pictures\IMG\left_2026_07_29_19_40_10_779.jpg, C:\Users\ayubb\Pictures\IMG\right_2026_07_29_19_40_10_779.jpg, 0, 1, 0, 30.19061
C:\Users\ayubb\Pictures\IMG\center_2026_07_29_19_40_10_882.jpg, C:\Users\ayubb\Pictures\IMG\left_2026_07_29_19_40_10_882.jpg, C:\Users\ayubb\Pictures\IMG\right_2026_07_29_19_40_10_882.jpg, 0, 1, 0, 30.19065
C:\Users\ayubb\Pictures\IMG\center_2026_07_29_19_40_10_982.jpg, C:\Users\ayubb\Pictures\IMG\left_2026_07_29_19_40_10_982.jpg, C:\Users\ayubb\Pictures\IMG\right_2026_07_29_19_40_10_982.jpg, 0, 1, 0, 30.19062
C:\Users\ayubb\Pictures\IMG\center_2026_07_29_19_40_11_082.jpg, C:\Users\ayubb\Pictures\IMG\left_2026_07_29_19_40_11_082.jpg, C:\Users\ayubb\Pictures\IMG\right_2026_07_29_19_40_11_082.jpg, 0, 1, 0, 30.19065
C:\Users\ayubb\Pictures\IMG\center_2026_07_29_19_40_11_183.jpg, C:\Users\ayubb\Pictures\IMG\left_2026_07_29_19_40_11_183.jpg, C:\Users\ayubb\Pictures\IMG\right_2026_07_29_19_40_11_183.jpg, 0, 1, 0, 30.19065
C:\Users\ayubb\Pictures\IMG\center_2026_07_29_19_40_11_286.jpg, C:\Users\ayubb\Pictures\IMG\left_2026_07_29_19_40_11_286.jpg, C:\Users\ayubb\Pictures\IMG\right_2026_07_29_19_40_11_286.jpg, 0, 1, 0, 30.19064
C:\Users\ayubb\Pictures\IMG\center_2026_07_29_19_40_11_387.jpg, C:\Users\ayubb\Pictures\IMG\left_2026_07_29_19_40_11_387.jpg, C:\Users\ayubb\Pictures\IMG\right_2026_07_29_19_40_11_387.jpg, 0, 1, 0, 30.19065
C:\Users\ayubb\Pictures\IMG\center_2026_07_29_19_40_11_488.jpg, C:\Users\ayubb\Pictures\IMG\left_2026_07_29_19_40_11_488.jpg, C:\Users\ayubb\Pictures\IMG\right_2026_07_29_19_40_11_488.jpg, 0, 1, 0, 30.19065
C:\Users\ayubb\Pictures\IMG\center_2026_07_29_19_40_11_590.jpg, C:\Users\ayubb\Pictures\IMG\left_2026_07_29_19_40_11_590.jpg, C:\Users\ayubb\Pictures\IMG\right_2026_07_29_19_40_11_590.jpg, 0, 1, 0, 30.19062
C:\Users\ayubb\Pictures\IMG\center_2026_07_29_19_40_11_692.jpg, C:\Users\ayubb\Pictures\IMG\left_2026_07_29_19_40_11_692.jpg, C:\Users\ayubb\Pictures\IMG\right_2026_07_29_19_40_11_692.jpg, 0, 1, 0, 30.19064
C:\Users\ayubb\Pictures\IMG\center_2026_07_29_19_40_11_793.jpg, C:\Users\ayubb\Pictures\IMG\left_2026_07_29_19_40_11_793.jpg, C:\Users\ayubb\Pictures\IMG\right_2026_07_29_19_40_11_793.jpg, 0, 1, 0, 30.19063
C:\Users\ayubb\Pictures\IMG\center_2026_07_29_19_40_11_893.jpg, C:\Users\ayubb\Pictures\IMG\left_2026_07_29_19_40_11_893.jpg, C:\Users\ayubb\Pictures\IMG\right_2026_07_29_19_40_11_893.jpg, 0, 1, 0, 30.19062
C:\Users\ayubb\Pictures\IMG\center_2026_07_29_19_40_11_994.jpg, C:\Users\ayubb\Pictures\IMG\left_2026_07_29_19_40_11_994.jpg, C:\Users\ayubb\Pictures\IMG\right_2026_07_29_19_40_11_994.jpg, 0, 1, 0, 30.19062
C:\Users\ayubb\Pictures\IMG\center_2026_07_29_19_40_12_097.jpg, C:\Users\ayubb\Pictures\IMG\left_2026_07_29_19_40_12_097.jpg, C:\Users\ayubb\Pictures\IMG\right_2026_07_29_19_40_12_097.jpg, 0, 1, 0, 30.19064
C:\Users\ayubb\Pictures\IMG\center_2026_07_29_19_40_12_199.jpg, C:\Users\ayubb\Pictures\IMG\left_2026_07_29_19_40_12_199.jpg, C:\Users\ayubb\Pictures\IMG\right_2026_07_29_19_40_12_199.jpg, 0, 1, 0, 30.19065
C:\Users\ayubb\Pictures\IMG\center_2026_07_29_19_40_12_301.jpg, C:\Users\ayubb\Pictures\IMG\left_2026_07_29_19_40_12_301.jpg, C:\Users\ayubb\Pictures\IMG\right_2026_07_29_19_40_12_301.jpg, 0, 1, 0, 30.19064
C:\Users\ayubb\Pictures\IMG\center_2026_07_29_19_40_12_403.jpg, C:\Users\ayubb\Pictures\IMG\left_2026_07_29_19_40_12_403.jpg, C:\Users\ayubb\Pictures\IMG\right_2026_07_29_19_40_12_403.jpg, 0, 1, 0, 30.19063
C:\Users\ayubb\Pictures\IMG\center_2026_07_29_19_40_12_506.jpg, C:\Users\ayubb\Pictures\IMG\left_2026_07_29_19_40_12_506.jpg, C:\Users\ayubb\Pictures\IMG\right_2026_07_29_19_40_12_506.jpg, 0, 1, 0, 30.19065
C:\Users\ayubb\Pictures\IMG\center_2026_07_29_19_40_12_608.jpg, C:\Users\ayubb\Pictures\IMG\left_2026_07_29_19_40_12_608.jpg, C:\Users\ayubb\Pictures\IMG\right_2026_07_29_19_40_12_608.jpg, 0, 1, 0, 30.19064
C:\Users\ayubb\Pictures\IMG\center_2026_07_29_19_40_12_709.jpg, C:\Users\ayubb\Pictures\IMG\left_2026_07_29_19_40_12_709.jpg, C:\Users\ayubb\Pictures\IMG\right_2026_07_29_19_40_12_709.jpg, 0, 1, 0, 30.19063
C:\Users\ayubb\Pictures\IMG\center_2026_07_29_19_40_12_810.jpg, C:\Users\ayubb\Pictures\IMG\left_2026_07_29_19_40_12_810.jpg, C:\Users\ayubb\Pictures\IMG\right_2026_07_29_19_40_12_810.jpg, 0, 1, 0, 30.19064
C:\Users\ayubb\Pictures\IMG\center_2026_07_29_19_40_12_912.jpg, C:\Users\ayubb\Pictures\IMG\left_2026_07_29_19_40_12_912.jpg, C:\Users\ayubb\Pictures\IMG\right_2026_07_29_19_40_12_912.jpg, 0, 1, 0, 30.19062
C:\Users\ayubb\Pictures\IMG\center_2026_07_29_19_40_13_013.jpg, C:\Users\ayubb\Pictures\IMG\left_2026_07_29_19_40_13_013.jpg, C:\Users\ayubb\Pictures\IMG\right_2026_07_29_19_40_13_013.jpg, 0, 1, 0, 30.19062
C:\Users\ayubb\Pictures\IMG\center_2026_07_29_19_40_13_113.jpg, C:\Users\ayubb\Pictures\IMG\left_2026_07_29_19_40_13_113.jpg, C:\Users\ayubb\Pictures\IMG\right_2026_07_29_19_40_13_113.jpg, 0, 1, 0, 30.19064
C:\Users\ayubb\Pictures\IMG\center_2026_07_29_19_40_13_215.jpg, C:\Users\ayubb\Pictures\IMG\left_2026_07_29_19_40_13_215.jpg, C:\Users\ayubb\Pictures\IMG\right_2026_07_29_19_40_13_215.jpg, 0, 1, 0, 30.19062
C:\Users\ayubb\Pictures\IMG\center_2026_07_29_19_40_13_316.jpg, C:\Users\ayubb\Pictures\IMG\left_2026_07_29_19_40_13_316.jpg, C:\Users\ayubb\Pictures\IMG\right_2026_07_29_19_40_13_316.jpg, 0, 1, 0, 30.19063
C:\Users\ayubb\Pictures\IMG\center_2026_07_29_19_40_13_417.jpg, C:\Users\ayubb\Pictures\IMG\left_2026_07_29_19_40_13_417.jpg, C:\Users\ayubb\Pictures\IMG\right_2026_07_29_19_40_13_417.jpg, 0, 1, 0, 30.19062
C:\Users\ayubb\Pictures\IMG\center_2026_07_29_19_40_13_518.jpg, C:\Users\ayubb\Pictures\IMG\left_2026_07_29_19_40_13_518.jpg, C:\Users\ayubb\Pictures\IMG\right_2026_07_29_19_40_13_518.jpg, 0, 1, 0, 30.19065
C:\Users\ayubb\Pictures\IMG\center_2026_07_29_19_40_13_619.jpg, C:\Users\ayubb\Pictures\IMG\left_2026_07_29_19_40_13_619.jpg, C:\Users\ayubb\Pictures\IMG\right_2026_07_29_19_40_13_619.jpg, 0, 1, 0, 30.19063
C:\Users\ayubb\Pictures\IMG\center_2026_07_29_19_40_13_719.jpg, C:\Users\ayubb\Pictures\IMG\left_2026_07_29_19_40_13_719.jpg, C:\Users\ayubb\Pictures\IMG\right_2026_07_29_19_40_13_719.jpg, 0, 1, 0, 30.19064
C:\Users\ayubb\Pictures\IMG\center_2026_07_29_19_40_13_822.jpg, C:\Users\ayubb\Pictures\IMG\left_2026_07_29_19_40_13_822.jpg, C:\Users\ayubb\Pictures\IMG\right_2026_07_29_19_40_13_822.jpg, 0, 1, 0, 30.19063
C:\Users\ayubb\Pictures\IMG\center_2026_07_29_19_40_13_922.jpg, C:\Users\ayubb\Pictures\IMG\left_2026_07_29_19_40_13_922.jpg, C:\Users\ayubb\Pictures\IMG\right_2026_07_29_19_40_13_922.jpg, 0, 1, 0, 30.19063
C:\Users\ayubb\Pictures\IMG\center_2026_07_29_19_40_14_023.jpg, C:\Users\ayubb\Pictures\IMG\left_2026_07_29_19_40_14_023.jpg, C:\Users\ayubb\Pictures\IMG\right_2026_07_29_19_40_14_023.jpg, 0, 1, 0, 30.19064
C:\Users\ayubb\Pictures\IMG\center_2026_07_29_19_40_14_123.jpg, C:\Users\ayubb\Pictures\IMG\left_2026_07_29_19_40_14_123.jpg, C:\Users\ayubb\Pictures\IMG\right_2026_07_29_19_40_14_123.jpg, 0, 1, 0, 30.19063
C:\Users\ayubb\Pictures\IMG\center_2026_07_29_19_40_14_225.jpg, C:\Users\ayubb\Pictures\IMG\left_2026_07_29_19_40_14_225.jpg, C:\Users\ayubb\Pictures\IMG\right_2026_07_29_19_40_14_225.jpg, 0, 1, 0, 30.19064
C:\Users\ayubb\Pictures\IMG\center_2026_07_29_19_40_14_326.jpg, C:\Users\ayubb\Pictures\IMG\left_2026_07_29_19_40_14_326.jpg, C:\Users\ayubb\Pictures\IMG\right_2026_07_29_19_40_14_326.jpg, 0, 1, 0, 30.19063
C:\Users\ayubb\Pictures\IMG\center_2026_07_29_19_40_14_427.jpg, C:\Users\ayubb\Pictures\IMG\left_2026_07_29_19_40_14_427.jpg, C:\Users\ayubb\Pictures\IMG\right_2026_07_29_19_40_14_427.jpg, 0, 1, 0, 30.19062
C:\Users\ayubb\Pictures\IMG\center_2026_07_29_19_40_14_530.jpg, C:\Users\ayubb\Pictures\IMG\left_2026_07_29_19_40_14_530.jpg, C:\Users\ayubb\Pictures\IMG\right_2026_07_29_19_40_14_530.jpg, 0, 1, 0, 30.19062
C:\Users\ayubb\Pictures\IMG\center_2026_07_29_19_40_14_631.jpg, C:\Users\ayubb\Pictures\IMG\left_2026_07_29_19_40_14_631.jpg, C:\Users\ayubb\Pictures\IMG\right_2026_07_29_19_40_14_631.jpg, 0, 1, 0, 30.19063
C:\Users\ayubb\Pictures\IMG\center_2026_07_29_19_40_14_734.jpg, C:\Users\ayubb\Pictures\IMG\left_2026_07_29_19_40_14_734.jpg, C:\Users\ayubb\Pictures\IMG\right_2026_07_29_19_40_14_734.jpg, 0, 1, 0, 30.19062
C:\Users\ayubb\Pictures\IMG\center_2026_07_29_19_40_14_835.jpg, C:\Users\ayubb\Pictures\IMG\left_2026_07_29_19_40_14_835.jpg, C:\Users\ayubb\Pictures\IMG\right_2026_07_29_19_40_14_835.jpg, 0, 1, 0, 30.19065
C:\Users\ayubb\Pictures\IMG\center_2026_07_29_19_40_14_935.jpg, C:\Users\ayubb\Pictures\IMG\left_2026_07_29_19_40_14_935.jpg, C:\Users\ayubb\Pictures\IMG\right_2026_07_29_19_40_14_935.jpg, 0, 1, 0, 30.19063
C:\Users\ayubb\Pictures\IMG\center_2026_07_29_19_40_15_036.jpg, C:\Users\ayubb\Pictures\IMG\left_2026_07_29_19_40_15_036.jpg, C:\Users\ayubb\Pictures\IMG\right_2026_07_29_19_40_15_036.jpg, 0, 1, 0, 30.19064
C:\Users\ayubb\Pictures\IMG\center_2026_07_29_19_40_15_139.jpg, C:\Users\ayubb\Pictures\IMG\left_2026_07_29_19_40_15_139.jpg, C:\Users\ayubb\Pictures\IMG\right_2026_07_29_19_40_15_139.jpg, 0, 1, 0, 30.19063
C:\Users\ayubb\Pictures\IMG\center_2026_07_29_19_40_15_239.jpg, C:\Users\ayubb\Pictures\IMG\left_2026_07_29_19_40_15_239.jpg, C:\Users\ayubb\Pictures\IMG\right_2026_07_29_19_40_15_239.jpg, 0, 1, 0, 30.19063
C:\Users\ayubb\Pictures\IMG\center_2026_07_29_19_40_15_340.jpg, C:\Users\ayubb\Pictures\IMG\left_2026_07_29_19_40_15_340.jpg, C:\Users\ayubb\Pictures\IMG\right_2026_07_29_19_40_15_340.jpg, 0, 1, 0, 30.19063
C:\Users\ayubb\Pictures\IMG\center_2026_07_29_19_40_15_443.jpg, C:\Users\ayubb\Pictures\IMG\left_2026_07_29_19_40_15_443.jpg, C:\Users\ayubb\Pictures\IMG\right_2026_07_29_19_40_15_443.jpg, 0, 1, 0, 30.19063
C:\Users\ayubb\Pictures\IMG\center_2026_07_29_19_40_15_545.jpg, C:\Users\ayubb\Pictures\IMG\left_2026_07_29_19_40_15_545.jpg, C:\Users\ayubb\Pictures\IMG\right_2026_07_29_19_40_15_545.jpg, 0, 1, 0, 30.19063
C:\Users\ayubb\Pictures\IMG\center_2026_07_29_19_40_15_646.jpg, C:\Users\ayubb\Pictures\IMG\left_2026_07_29_19_40_15_646.jpg, C:\Users\ayubb\Pictures\IMG\right_2026_07_29_19_40_15_646.jpg, 0, 1, 0, 30.19064
C:\Users\ayubb\Pictures\IMG\center_2026_07_29_19_40_15_746.jpg, C:\Users\ayubb\Pictures\IMG\left_2026_07_29_19_40_15_746.jpg, C:\Users\ayubb\Pictures\IMG\right_2026_07_29_19_40_15_746.jpg, 0, 1, 0, 30.19062
C:\Users\ayubb\Pictures\IMG\center_2026_07_29_19_40_15_848.jpg, C:\Users\ayubb\Pictures\IMG\left_2026_07_29_19_40_15_848.jpg, C:\Users\ayubb\Pictures\IMG\right_2026_07_29_19_40_15_848.jpg, 0, 1, 0, 30.19063
C:\Users\ayubb\Pictures\IMG\center_2026_07_29_19_40_15_950.jpg, C:\Users\ayubb\Pictures\IMG\left_2026_07_29_19_40_15_950.jpg, C:\Users\ayubb\Pictures\IMG\right_2026_07_29_19_40_15_950.jpg, 0, 1, 0, 30.19064
C:\Users\ayubb\Pictures\IMG\center_2026_07_29_19_40_16_051.jpg, C:\Users\ayubb\Pictures\IMG\left_2026_07_29_19_40_16_051.jpg, C:\Users\ayubb\Pictures\IMG\right_2026_07_29_19_40_16_051.jpg, 0.0246075, 1, 0, 30.19053
C:\Users\ayubb\Pictures\IMG\center_2026_07_29_19_40_16_153.jpg, C:\Users\ayubb\Pictures\IMG\left_2026_07_29_19_40_16_153.jpg, C:\Users\ayubb\Pictures\IMG\right_2026_07_29_19_40_16_153.jpg, 0.1344141, 1, 0, 30.18752
C:\Users\ayubb\Pictures\IMG\center_2026_07_29_19_40_16_256.jpg, C:\Users\ayubb\Pictures\IMG\left_2026_07_29_19_40_16_256.jpg, C:\Users\ayubb\Pictures\IMG\right_2026_07_29_19_40_16_256.jpg, 0, 1, 0, 30.19045
C:\Users\ayubb\Pictures\IMG\center_2026_07_29_19_40_16_357.jpg, C:\Users\ayubb\Pictures\IMG\left_2026_07_29_19_40_16_357.jpg, C:\Users\ayubb\Pictures\IMG\right_2026_07_29_19_40_16_357.jpg, 0, 1, 0, 30.19066
C:\Users\ayubb\Pictures\IMG\center_2026_07_29_19_40_16_457.jpg, C:\Users\ayubb\Pictures\IMG\left_2026_07_29_19_40_16_457.jpg, C:\Users\ayubb\Pictures\IMG\right_2026_07_29_19_40_16_457.jpg, 0, 1, 0, 30.19068
C:\Users\ayubb\Pictures\IMG\center_2026_07_29_19_40_16_560.jpg, C:\Users\ayubb\Pictures\IMG\left_2026_07_29_19_40_16_560.jpg, C:\Users\ayubb\Pictures\IMG\right_2026_07_29_19_40_16_560.jpg, 0, 1, 0, 30.19069
C:\Users\ayubb\Pictures\IMG\center_2026_07_29_19_40_16_665.jpg, C:\Users\ayubb\Pictures\IMG\left_2026_07_29_19_40_16_665.jpg, C:\Users\ayubb\Pictures\IMG\right_2026_07_29_19_40_16_665.jpg, 0, 1, 0, 30.19068
C:\Users\ayubb\Pictures\IMG\center_2026_07_29_19_40_16_764.jpg, C:\Users\ayubb\Pictures\IMG\left_2026_07_29_19_40_16_764.jpg, C:\Users\ayubb\Pictures\IMG\right_2026_07_29_19_40_16_764.jpg, 0, 1, 0, 30.1907
C:\Users\ayubb\Pictures\IMG\center_2026_07_29_19_40_16_868.jpg, C:\Users\ayubb\Pictures\IMG\left_2026_07_29_19_40_16_868.jpg, C:\Users\ayubb\Pictures\IMG\right_2026_07_29_19_40_16_868.jpg, 0, 1, 0, 30.19068
C:\Users\ayubb\Pictures\IMG\center_2026_07_29_19_40_16_968.jpg, C:\Users\ayubb\Pictures\IMG\left_2026_07_29_19_40_16_968.jpg, C:\Users\ayubb\Pictures\IMG\right_2026_07_29_19_40_16_968.jpg, 0, 1, 0, 30.11631
C:\Users\ayubb\Pictures\IMG\center_2026_07_29_19_40_17_070.jpg, C:\Users\ayubb\Pictures\IMG\left_2026_07_29_19_40_17_070.jpg, C:\Users\ayubb\Pictures\IMG\right_2026_07_29_19_40_17_070.jpg, 0, 1, 0, 30.20233
C:\Users\ayubb\Pictures\IMG\center_2026_07_29_19_40_17_172.jpg, C:\Users\ayubb\Pictures\IMG\left_2026_07_29_19_40_17_172.jpg, C:\Users\ayubb\Pictures\IMG\right_2026_07_29_19_40_17_172.jpg, 0.1880571, 1, 0, 30.04072
C:\Users\ayubb\Pictures\IMG\center_2026_07_29_19_40_17_276.jpg, C:\Users\ayubb\Pictures\IMG\left_2026_07_29_19_40_17_276.jpg, C:\Users\ayubb\Pictures\IMG\right_2026_07_29_19_40_17_276.jpg, 0, 1, 0, 30.20226
C:\Users\ayubb\Pictures\IMG\center_2026_07_29_19_40_17_377.jpg, C:\Users\ayubb\Pictures\IMG\left_2026_07_29_19_40_17_377.jpg, C:\Users\ayubb\Pictures\IMG\right_2026_07_29_19_40_17_377.jpg, 0, 1, 0, 30.19045
C:\Users\ayubb\Pictures\IMG\center_2026_07_29_19_40_17_477.jpg, C:\Users\ayubb\Pictures\IMG\left_2026_07_29_19_40_17_477.jpg, C:\Users\ayubb\Pictures\IMG\right_2026_07_29_19_40_17_477.jpg, 0.1887813, 1, 0, 30.18109
C:\Users\ayubb\Pictures\IMG\center_2026_07_29_19_40_17_578.jpg, C:\Users\ayubb\Pictures\IMG\left_2026_07_29_19_40_17_578.jpg, C:\Users\ayubb\Pictures\IMG\right_2026_07_29_19_40_17_578.jpg, 0, 1, 0, 30.18987
C:\Users\ayubb\Pictures\IMG\center_2026_07_29_19_40_17_680.jpg, C:\Users\ayubb\Pictures\IMG\left_2026_07_29_19_40_17_680.jpg, C:\Users\ayubb\Pictures\IMG\right_2026_07_29_19_40_17_680.jpg, 0, 1, 0, 30.1901
C:\Users\ayubb\Pictures\IMG\center_2026_07_29_19_40_17_783.jpg, C:\Users\ayubb\Pictures\IMG\left_2026_07_29_19_40_17_783.jpg, C:\Users\ayubb\Pictures\IMG\right_2026_07_29_19_40_17_783.jpg, 0, 1, 0, 30.19029
C:\Users\ayubb\Pictures\IMG\center_2026_07_29_19_40_17_883.jpg, C:\Users\ayubb\Pictures\IMG\left_2026_07_29_19_40_17_883.jpg, C:\Users\ayubb\Pictures\IMG\right_2026_07_29_19_40_17_883.jpg, 0.1035108, 1, 0, 30.18827
C:\Users\ayubb\Pictures\IMG\center_2026_07_29_19_40_17_985.jpg, C:\Users\ayubb\Pictures\IMG\left_2026_07_29_19_40_17_985.jpg, C:\Users\ayubb\Pictures\IMG\right_2026_07_29_19_40_17_985.jpg, 0, 1, 0, 30.19015
C:\Users\ayubb\Pictures\IMG\center_2026_07_29_19_40_18_087.jpg, C:\Users\ayubb\Pictures\IMG\left_2026_07_29_19_40_18_087.jpg, C:\Users\ayubb\Pictures\IMG\right_2026_07_29_19_40_18_087.jpg, 0, 1, 0, 30.19028
C:\Users\ayubb\Pictures\IMG\center_2026_07_29_19_40_18_189.jpg, C:\Users\ayubb\Pictures\IMG\left_2026_07_29_19_40_18_189.jpg, C:\Users\ayubb\Pictures\IMG\right_2026_07_29_19_40_18_189.jpg, 0, 1, 0, 30.1903
C:\Users\ayubb\Pictures\IMG\center_2026_07_29_19_40_18_291.jpg, C:\Users\ayubb\Pictures\IMG\left_2026_07_29_19_40_18_291.jpg, C:\Users\ayubb\Pictures\IMG\right_2026_07_29_19_40_18_291.jpg, 0, 1, 0, 30.19028
C:\Users\ayubb\Pictures\IMG\center_2026_07_29_19_40_18_392.jpg, C:\Users\ayubb\Pictures\IMG\left_2026_07_29_19_40_18_392.jpg, C:\Users\ayubb\Pictures\IMG\right_2026_07_29_19_40_18_392.jpg, 0, 1, 0, 30.1903
C:\Users\ayubb\Pictures\IMG\center_2026_07_29_19_40_18_492.jpg, C:\Users\ayubb\Pictures\IMG\left_2026_07_29_19_40_18_492.jpg, C:\Users\ayubb\Pictures\IMG\right_2026_07_29_19_40_18_492.jpg, 0, 1, 0, 30.19032
C:\Users\ayubb\Pictures\IMG\center_2026_07_29_19_40_18_594.jpg, C:\Users\ayubb\Pictures\IMG\left_2026_07_29_19_40_18_594.jpg, C:\Users\ayubb\Pictures\IMG\right_2026_07_29_19_40_18_594.jpg, 0, 1, 0, 30.19028
C:\Users\ayubb\Pictures\IMG\center_2026_07_29_19_40_18_696.jpg, C:\Users\ayubb\Pictures\IMG\left_2026_07_29_19_40_18_696.jpg, C:\Users\ayubb\Pictures\IMG\right_2026_07_29_19_40_18_696.jpg, 0.0965136, 1, 0, 30.1879
C:\Users\ayubb\Pictures\IMG\center_2026_07_29_19_40_18_797.jpg, C:\Users\ayubb\Pictures\IMG\left_2026_07_29_19_40_18_797.jpg, C:\Users\ayubb\Pictures\IMG\right_2026_07_29_19_40_18_797.jpg, 0, 1, 0, 30.19023
C:\Users\ayubb\Pictures\IMG\center_2026_07_29_19_40_18_899.jpg, C:\Users\ayubb\Pictures\IMG\left_2026_07_29_19_40_18_899.jpg, C:\Users\ayubb\Pictures\IMG\right_2026_07_29_19_40_18_899.jpg, 0, 1, 0, 30.19028
C:\Users\ayubb\Pictures\IMG\center_2026_07_29_19_40_19_001.jpg, C:\Users\ayubb\Pictures\IMG\left_2026_07_29_19_40_19_001.jpg, C:\Users\ayubb\Pictures\IMG\right_2026_07_29_19_40_19_001.jpg, 0, 1, 0, 30.19031
C:\Users\ayubb\Pictures\IMG\center_2026_07_29_19_40_19_102.jpg, C:\Users\ayubb\Pictures\IMG\left_2026_07_29_19_40_19_102.jpg, C:\Users\ayubb\Pictures\IMG\right_2026_07_29_19_40_19_102.jpg, 0.2110833, 1, 0, 30.17887
C:\Users\ayubb\Pictures\IMG\center_2026_07_29_19_40_19_207.jpg, C:\Users\ayubb\Pictures\IMG\left_2026_07_29_19_40_19_207.jpg, C:\Users\ayubb\Pictures\IMG\right_2026_07_29_19_40_19_207.jpg, 0, 1, 0, 30.18954
C:\Users\ayubb\Pictures\IMG\center_2026_07_29_19_40_19_307.jpg, C:\Users\ayubb\Pictures\IMG\left_2026_07_29_19_40_19_307.jpg, C:\Users\ayubb\Pictures\IMG\right_2026_07_29_19_40_19_307.jpg, 0, 1, 0, 30.19021
C:\Users\ayubb\Pictures\IMG\center_2026_07_29_19_40_19_407.jpg, C:\Users\ayubb\Pictures\IMG\left_2026_07_29_19_40_19_407.jpg, C:\Users\ayubb\Pictures\IMG\right_2026_07_29_19_40_19_407.jpg, 0, 1, 0, 30.19024
C:\Users\ayubb\Pictures\IMG\center_2026_07_29_19_40_19_507.jpg, C:\Users\ayubb\Pictures\IMG\left_2026_07_29_19_40_19_507.jpg, C:\Users\ayubb\Pictures\IMG\right_2026_07_29_19_40_19_507.jpg, 0, 1, 0, 30.19029
C:\Users\ayubb\Pictures\IMG\center_2026_07_29_19_40_19_609.jpg, C:\Users\ayubb\Pictures\IMG\left_2026_07_29_19_40_19_609.jpg, C:\Users\ayubb\Pictures\IMG\right_2026_07_29_19_40_19_609.jpg, 0, 1, 0, 30.19031
C:\Users\ayubb\Pictures\IMG\center_2026_07_29_19_40_19_712.jpg, C:\Users\ayubb\Pictures\IMG\left_2026_07_29_19_40_19_712.jpg, C:\Users\ayubb\Pictures\IMG\right_2026_07_29_19_40_19_712.jpg, 0, 1, 0, 30.19031
C:\Users\ayubb\Pictures\IMG\center_2026_07_29_19_40_19_815.jpg, C:\Users\ayubb\Pictures\IMG\left_2026_07_29_19_40_19_815.jpg, C:\Users\ayubb\Pictures\IMG\right_2026_07_29_19_40_19_815.jpg, 0, 1, 0, 30.19031
C:\Users\ayubb\Pictures\IMG\center_2026_07_29_19_40_19_915.jpg, C:\Users\ayubb\Pictures\IMG\left_2026_07_29_19_40_19_915.jpg, C:\Users\ayubb\Pictures\IMG\right_2026_07_29_19_40_19_915.jpg, 0, 1, 0, 30.19028
C:\Users\ayubb\Pictures\IMG\center_2026_07_29_19_40_20_017.jpg, C:\Users\ayubb\Pictures\IMG\left_2026_07_29_19_40_20_017.jpg, C:\Users\ayubb\Pictures\IMG\right_2026_07_29_19_40_20_017.jpg, 0, 1, 0, 30.19029
C:\Users\ayubb\Pictures\IMG\center_2026_07_29_19_40_20_121.jpg, C:\Users\ayubb\Pictures\IMG\left_2026_07_29_19_40_20_121.jpg, C:\Users\ayubb\Pictures\IMG\right_2026_07_29_19_40_20_121.jpg, 0, 1, 0, 30.19031
C:\Users\ayubb\Pictures\IMG\center_2026_07_29_19_40_20_223.jpg, C:\Users\ayubb\Pictures\IMG\left_2026_07_29_19_40_20_223.jpg, C:\Users\ayubb\Pictures\IMG\right_2026_07_29_19_40_20_223.jpg, 0.07199458, 1, 0, 30.19011
C:\Users\ayubb\Pictures\IMG\center_2026_07_29_19_40_20_326.jpg, C:\Users\ayubb\Pictures\IMG\left_2026_07_29_19_40_20_326.jpg, C:\Users\ayubb\Pictures\IMG\right_2026_07_29_19_40_20_326.jpg, 0, 1, 0, 30.19021
C:\Users\ayubb\Pictures\IMG\center_2026_07_29_19_40_20_426.jpg, C:\Users\ayubb\Pictures\IMG\left_2026_07_29_19_40_20_426.jpg, C:\Users\ayubb\Pictures\IMG\right_2026_07_29_19_40_20_426.jpg, 0, 1, 0, 30.19029
C:\Users\ayubb\Pictures\IMG\center_2026_07_29_19_40_20_528.jpg, C:\Users\ayubb\Pictures\IMG\left_2026_07_29_19_40_20_528.jpg, C:\Users\ayubb\Pictures\IMG\right_2026_07_29_19_40_20_528.jpg, 0, 1, 0, 30.19026
C:\Users\ayubb\Pictures\IMG\center_2026_07_29_19_40_20_629.jpg, C:\Users\ayubb\Pictures\IMG\left_2026_07_29_19_40_20_629.jpg, C:\Users\ayubb\Pictures\IMG\right_2026_07_29_19_40_20_629.jpg, 0.1619013, 1, 0, 30.1829
C:\Users\ayubb\Pictures\IMG\center_2026_07_29_19_40_20_730.jpg, C:\Users\ayubb\Pictures\IMG\left_2026_07_29_19_40_20_730.jpg, C:\Users\ayubb\Pictures\IMG\right_2026_07_29_19_40_20_730.jpg, 0, 1, 0, 30.19001
C:\Users\ayubb\Pictures\IMG\center_2026_07_29_19_40_20_832.jpg, C:\Users\ayubb\Pictures\IMG\left_2026_07_29_19_40_20_832.jpg, C:\Users\ayubb\Pictures\IMG\right_2026_07_29_19_40_20_832.jpg, 0, 1, 0, 30.19025
C:\Users\ayubb\Pictures\IMG\center_2026_07_29_19_40_20_933.jpg, C:\Users\ayubb\Pictures\IMG\left_2026_07_29_19_40_20_933.jpg, C:\Users\ayubb\Pictures\IMG\right_2026_07_29_19_40_20_933.jpg, 0, 1, 0, 30.19027
C:\Users\ayubb\Pictures\IMG\center_2026_07_29_19_40_21_035.jpg, C:\Users\ayubb\Pictures\IMG\left_2026_07_29_19_40_21_035.jpg, C:\Users\ayubb\Pictures\IMG\right_2026_07_29_19_40_21_035.jpg, 0, 1, 0, 30.1903
C:\Users\ayubb\Pictures\IMG\center_2026_07_29_19_40_21_137.jpg, C:\Users\ayubb\Pictures\IMG\left_2026_07_29_19_40_21_137.jpg, C:\Users\ayubb\Pictures\IMG\right_2026_07_29_19_40_21_137.jpg, 0, 1, 0, 30.19033
C:\Users\ayubb\Pictures\IMG\center_2026_07_29_19_40_21_239.jpg, C:\Users\ayubb\Pictures\IMG\left_2026_07_29_19_40_21_239.jpg, C:\Users\ayubb\Pictures\IMG\right_2026_07_29_19_40_21_239.jpg, 0, 1, 0, 30.19028
C:\Users\ayubb\Pictures\IMG\center_2026_07_29_19_40_21_343.jpg, C:\Users\ayubb\Pictures\IMG\left_2026_07_29_19_40_21_343.jpg, C:\Users\ayubb\Pictures\IMG\right_2026_07_29_19_40_21_343.jpg, 0, 1, 0, 30.19027
C:\Users\ayubb\Pictures\IMG\center_2026_07_29_19_40_21_443.jpg, C:\Users\ayubb\Pictures\IMG\left_2026_07_29_19_40_21_443.jpg, C:\Users\ayubb\Pictures\IMG\right_2026_07_29_19_40_21_443.jpg, 0, 1, 0, 30.19029
C:\Users\ayubb\Pictures\IMG\center_2026_07_29_19_40_21_545.jpg, C:\Users\ayubb\Pictures\IMG\left_2026_07_29_19_40_21_545.jpg, C:\Users\ayubb\Pictures\IMG\right_2026_07_29_19_40_21_545.jpg, 0, 1, 0, 30.19029
C:\Users\ayubb\Pictures\IMG\center_2026_07_29_19_40_21_647.jpg, C:\Users\ayubb\Pictures\IMG\left_2026_07_29_19_40_21_647.jpg, C:\Users\ayubb\Pictures\IMG\right_2026_07_29_19_40_21_647.jpg, 0, 1, 0, 30.1903
C:\Users\ayubb\Pictures\IMG\center_2026_07_29_19_40_21_748.jpg, C:\Users\ayubb\Pictures\IMG\left_2026_07_29_19_40_21_748.jpg, C:\Users\ayubb\Pictures\IMG\right_2026_07_29_19_40_21_748.jpg, 0.216534, 1, 0, 30.17781
C:\Users\ayubb\Pictures\IMG\center_2026_07_29_19_40_21_850.jpg, C:\Users\ayubb\Pictures\IMG\left_2026_07_29_19_40_21_850.jpg, C:\Users\ayubb\Pictures\IMG\right_2026_07_29_19_40_21_850.jpg, 0, 1, 0, 30.18973
C:\Users\ayubb\Pictures\IMG\center_2026_07_29_19_40_21_950.jpg, C:\Users\ayubb\Pictures\IMG\left_2026_07_29_19_40_21_950.jpg, C:\Users\ayubb\Pictures\IMG\right_2026_07_29_19_40_21_950.jpg, 0, 1, 0, 30.19024
C:\Users\ayubb\Pictures\IMG\center_2026_07_29_19_40_22_054.jpg, C:\Users\ayubb\Pictures\IMG\left_2026_07_29_19_40_22_054.jpg, C:\Users\ayubb\Pictures\IMG\right_2026_07_29_19_40_22_054.jpg, 0.095454, 1, 0, 30.1885
C:\Users\ayubb\Pictures\IMG\center_2026_07_29_19_40_22_156.jpg, C:\Users\ayubb\Pictures\IMG\left_2026_07_29_19_40_22_156.jpg, C:\Users\ayubb\Pictures\IMG\right_2026_07_29_19_40_22_156.jpg, 0, 1, 0, 30.19023
C:\Users\ayubb\Pictures\IMG\center_2026_07_29_19_40_22_259.jpg, C:\Users\ayubb\Pictures\IMG\left_2026_07_29_19_40_22_259.jpg, C:\Users\ayubb\Pictures\IMG\right_2026_07_29_19_40_22_259.jpg, 0, 1, 0, 30.19027
C:\Users\ayubb\Pictures\IMG\center_2026_07_29_19_40_22_361.jpg, C:\Users\ayubb\Pictures\IMG\left_2026_07_29_19_40_22_361.jpg, C:\Users\ayubb\Pictures\IMG\right_2026_07_29_19_40_22_361.jpg, 0.021636, 1, 0, 30.19019
C:\Users\ayubb\Pictures\IMG\center_2026_07_29_19_40_22_463.jpg, C:\Users\ayubb\Pictures\IMG\left_2026_07_29_19_40_22_463.jpg, C:\Users\ayubb\Pictures\IMG\right_2026_07_29_19_40_22_463.jpg, 0.07488842, 1, 0, 30.19022
C:\Users\ayubb\Pictures\IMG\center_2026_07_29_19_40_22_565.jpg, C:\Users\ayubb\Pictures\IMG\left_2026_07_29_19_40_22_565.jpg, C:\Users\ayubb\Pictures\IMG\right_2026_07_29_19_40_22_565.jpg, 0, 1, 0, 30.19013
C:\Users\ayubb\Pictures\IMG\center_2026_07_29_19_40_22_664.jpg, C:\Users\ayubb\Pictures\IMG\left_2026_07_29_19_40_22_664.jpg, C:\Users\ayubb\Pictures\IMG\right_2026_07_29_19_40_22_664.jpg, 0.1418472, 1, 0, 30.18569
C:\Users\ayubb\Pictures\IMG\center_2026_07_29_19_40_22_768.jpg, C:\Users\ayubb\Pictures\IMG\left_2026_07_29_19_40_22_768.jpg, C:\Users\ayubb\Pictures\IMG\right_2026_07_29_19_40_22_768.jpg, 0.08502208, 1, 0, 30.19043
C:\Users\ayubb\Pictures\IMG\center_2026_07_29_19_40_22_870.jpg, C:\Users\ayubb\Pictures\IMG\left_2026_07_29_19_40_22_870.jpg, C:\Users\ayubb\Pictures\IMG\right_2026_07_29_19_40_22_870.jpg, 0, 1, 0, 30.18993
C:\Users\ayubb\Pictures\IMG\center_2026_07_29_19_40_22_972.jpg, C:\Users\ayubb\Pictures\IMG\left_2026_07_29_19_40_22_972.jpg, C:\Users\ayubb\Pictures\IMG\right_2026_07_29_19_40_22_972.jpg, 0.1201893, 1, 0, 30.18773
C:\Users\ayubb\Pictures\IMG\center_2026_07_29_19_40_23_071.jpg, C:\Users\ayubb\Pictures\IMG\left_2026_07_29_19_40_23_071.jpg, C:\Users\ayubb\Pictures\IMG\right_2026_07_29_19_40_23_071.jpg, 0.1240773, 1, 0, 30.18994
C:\Users\ayubb\Pictures\IMG\center_2026_07_29_19_40_23_173.jpg, C:\Users\ayubb\Pictures\IMG\left_2026_07_29_19_40_23_173.jpg, C:\Users\ayubb\Pictures\IMG\right_2026_07_29_19_40_23_173.jpg, 0, 1, 0, 30.18986
C:\Users\ayubb\Pictures\IMG\center_2026_07_29_19_40_23_275.jpg, C:\Users\ayubb\Pictures\IMG\left_2026_07_29_19_40_23_275.jpg, C:\Users\ayubb\Pictures\IMG\right_2026_07_29_19_40_23_275.jpg, 0.057471, 1, 0, 30.1899
C:\Users\ayubb\Pictures\IMG\center_2026_07_29_19_40_23_376.jpg, C:\Users\ayubb\Pictures\IMG\left_2026_07_29_19_40_23_376.jpg, C:\Users\ayubb\Pictures\IMG\right_2026_07_29_19_40_23_376.jpg, 0.01989057, 1, 0, 30.19046
C:\Users\ayubb\Pictures\IMG\center_2026_07_29_19_40_23_479.jpg, C:\Users\ayubb\Pictures\IMG\left_2026_07_29_19_40_23_479.jpg, C:\Users\ayubb\Pictures\IMG\right_2026_07_29_19_40_23_479.jpg, 0, 1, 0, 30.1902
C:\Users\ayubb\Pictures\IMG\center_2026_07_29_19_40_23_582.jpg, C:\Users\ayubb\Pictures\IMG\left_2026_07_29_19_40_23_582.jpg, C:\Users\ayubb\Pictures\IMG\right_2026_07_29_19_40_23_582.jpg, 0.1903977, 1, 0, 30.18193
C:\Users\ayubb\Pictures\IMG\center_2026_07_29_19_40_23_683.jpg, C:\Users\ayubb\Pictures\IMG\left_2026_07_29_19_40_23_683.jpg, C:\Users\ayubb\Pictures\IMG\right_2026_07_29_19_40_23_683.jpg, 0.09177604, 1, 0, 30.19074
C:\Users\ayubb\Pictures\IMG\center_2026_07_29_19_40_23_787.jpg, C:\Users\ayubb\Pictures\IMG\left_2026_07_29_19_40_23_787.jpg, C:\Users\ayubb\Pictures\IMG\right_2026_07_29_19_40_23_787.jpg, 0, 1, 0, 30.18984
C:\Users\ayubb\Pictures\IMG\center_2026_07_29_19_40_23_887.jpg, C:\Users\ayubb\Pictures\IMG\left_2026_07_29_19_40_23_887.jpg, C:\Users\ayubb\Pictures\IMG\right_2026_07_29_19_40_23_887.jpg, 0.2319072, 1, 0, 30.1789
C:\Users\ayubb\Pictures\IMG\center_2026_07_29_19_40_23_989.jpg, C:\Users\ayubb\Pictures\IMG\left_2026_07_29_19_40_23_989.jpg, C:\Users\ayubb\Pictures\IMG\right_2026_07_29_19_40_23_989.jpg, 0, 1, 0, 30.1895
C:\Users\ayubb\Pictures\IMG\center_2026_07_29_19_40_24_090.jpg, C:\Users\ayubb\Pictures\IMG\left_2026_07_29_19_40_24_090.jpg, C:\Users\ayubb\Pictures\IMG\right_2026_07_29_19_40_24_090.jpg, 0.0780609, 1, 0, 30.18979
C:\Users\ayubb\Pictures\IMG\center_2026_07_29_19_40_24_191.jpg, C:\Users\ayubb\Pictures\IMG\left_2026_07_29_19_40_24_191.jpg, C:\Users\ayubb\Pictures\IMG\right_2026_07_29_19_40_24_191.jpg, 0.1979544, 1, 0, 30.18472
C:\Users\ayubb\Pictures\IMG\center_2026_07_29_19_40_24_292.jpg, C:\Users\ayubb\Pictures\IMG\left_2026_07_29_19_40_24_292.jpg, C:\Users\ayubb\Pictures\IMG\right_2026_07_29_19_40_24_292.jpg, 0, 1, 0, 30.1895
C:\Users\ayubb\Pictures\IMG\center_2026_07_29_19_40_24_395.jpg, C:\Users\ayubb\Pictures\IMG\left_2026_07_29_19_40_24_395.jpg, C:\Users\ayubb\Pictures\IMG\right_2026_07_29_19_40_24_395.jpg, 0, 1, 0, 30.1902
C:\Users\ayubb\Pictures\IMG\center_2026_07_29_19_40_24_495.jpg, C:\Users\ayubb\Pictures\IMG\left_2026_07_29_19_40_24_495.jpg, C:\Users\ayubb\Pictures\IMG\right_2026_07_29_19_40_24_495.jpg, 0.09269703, 1, 0, 30.18984
C:\Users\ayubb\Pictures\IMG\center_2026_07_29_19_40_24_596.jpg, C:\Users\ayubb\Pictures\IMG\left_2026_07_29_19_40_24_596.jpg, C:\Users\ayubb\Pictures\IMG\right_2026_07_29_19_40_24_596.jpg, 0, 1, 0, 30.19021
C:\Users\ayubb\Pictures\IMG\center_2026_07_29_19_40_24_699.jpg, C:\Users\ayubb\Pictures\IMG\left_2026_07_29_19_40_24_699.jpg, C:\Users\ayubb\Pictures\IMG\right_2026_07_29_19_40_24_699.jpg, 0, 1, 0, 30.19029
C:\Users\ayubb\Pictures\IMG\center_2026_07_29_19_40_24_799.jpg, C:\Users\ayubb\Pictures\IMG\left_2026_07_29_19_40_24_799.jpg, C:\Users\ayubb\Pictures\IMG\right_2026_07_29_19_40_24_799.jpg, 0, 1, 0, 30.19027
C:\Users\ayubb\Pictures\IMG\center_2026_07_29_19_40_24_901.jpg, C:\Users\ayubb\Pictures\IMG\left_2026_07_29_19_40_24_901.jpg, C:\Users\ayubb\Pictures\IMG\right_2026_07_29_19_40_24_901.jpg, 0.2260308, 1, 0, 30.17676
C:\Users\ayubb\Pictures\IMG\center_2026_07_29_19_40_25_003.jpg, C:\Users\ayubb\Pictures\IMG\left_2026_07_29_19_40_25_003.jpg, C:\Users\ayubb\Pictures\IMG\right_2026_07_29_19_40_25_003.jpg, 0, 1, 0, 30.1896
C:\Users\ayubb\Pictures\IMG\center_2026_07_29_19_40_25_107.jpg, C:\Users\ayubb\Pictures\IMG\left_2026_07_29_19_40_25_107.jpg, C:\Users\ayubb\Pictures\IMG\right_2026_07_29_19_40_25_107.jpg, 0, 1, 0, 30.19018
C:\Users\ayubb\Pictures\IMG\center_2026_07_29_19_40_25_210.jpg, C:\Users\ayubb\Pictures\IMG\left_2026_07_29_19_40_25_210.jpg, C:\Users\ayubb\Pictures\IMG\right_2026_07_29_19_40_25_210.jpg, 0.2955909, 1, 0, 30.17032
C:\Users\ayubb\Pictures\IMG\center_2026_07_29_19_40_25_313.jpg, C:\Users\ayubb\Pictures\IMG\left_2026_07_29_19_40_25_313.jpg, C:\Users\ayubb\Pictures\IMG\right_2026_07_29_19_40_25_313.jpg, 0.01781315, 1, 0, 30.19009
C:\Users\ayubb\Pictures\IMG\center_2026_07_29_19_40_25_415.jpg, C:\Users\ayubb\Pictures\IMG\left_2026_07_29_19_40_25_415.jpg, C:\Users\ayubb\Pictures\IMG\right_2026_07_29_19_40_25_415.jpg, 0.0338769, 1, 0, 30.19024
C:\Users\ayubb\Pictures\IMG\center_2026_07_29_19_40_25_519.jpg, C:\Users\ayubb\Pictures\IMG\left_2026_07_29_19_40_25_519.jpg, C:\Users\ayubb\Pictures\IMG\right_2026_07_29_19_40_25_519.jpg, 0.3301431, 1, 0, 30.16912
C:\Users\ayubb\Pictures\IMG\center_2026_07_29_19_40_25_620.jpg, C:\Users\ayubb\Pictures\IMG\left_2026_07_29_19_40_25_620.jpg, C:\Users\ayubb\Pictures\IMG\right_2026_07_29_19_40_25_620.jpg, 0.03456632, 1, 0, 30.19014
C:\Users\ayubb\Pictures\IMG\center_2026_07_29_19_40_25_722.jpg, C:\Users\ayubb\Pictures\IMG\left_2026_07_29_19_40_25_722.jpg, C:\Users\ayubb\Pictures\IMG\right_2026_07_29_19_40_25_722.jpg, 0, 1, 0, 30.19006
C:\Users\ayubb\Pictures\IMG\center_2026_07_29_19_40_25_826.jpg, C:\Users\ayubb\Pictures\IMG\left_2026_07_29_19_40_25_826.jpg, C:\Users\ayubb\Pictures\IMG\right_2026_07_29_19_40_25_826.jpg, 0, 1, 0, 30.19024
C:\Users\ayubb\Pictures\IMG\center_2026_07_29_19_40_25_928.jpg, C:\Users\ayubb\Pictures\IMG\left_2026_07_29_19_40_25_928.jpg, C:\Users\ayubb\Pictures\IMG\right_2026_07_29_19_40_25_928.jpg, 0, 1, 0, 30.19052
C:\Users\ayubb\Pictures\IMG\center_2026_07_29_19_40_26_028.jpg, C:\Users\ayubb\Pictures\IMG\left_2026_07_29_19_40_26_028.jpg, C:\Users\ayubb\Pictures\IMG\right_2026_07_29_19_40_26_028.jpg, 0, 1, 0, 30.19022
C:\Users\ayubb\Pictures\IMG\center_2026_07_29_19_40_26_129.jpg, C:\Users\ayubb\Pictures\IMG\left_2026_07_29_19_40_26_129.jpg, C:\Users\ayubb\Pictures\IMG\right_2026_07_29_19_40_26_129.jpg, 0, 1, 0, 30.19003
C:\Users\ayubb\Pictures\IMG\center_2026_07_29_19_40_26_231.jpg, C:\Users\ayubb\Pictures\IMG\left_2026_07_29_19_40_26_231.jpg, C:\Users\ayubb\Pictures\IMG\right_2026_07_29_19_40_26_231.jpg, 0.0232923, 1, 0, 30.19029
C:\Users\ayubb\Pictures\IMG\center_2026_07_29_19_40_26_334.jpg, C:\Users\ayubb\Pictures\IMG\left_2026_07_29_19_40_26_334.jpg, C:\Users\ayubb\Pictures\IMG\right_2026_07_29_19_40_26_334.jpg, 0.1038033, 1, 0, 30.18899
C:\Users\ayubb\Pictures\IMG\center_2026_07_29_19_40_26_437.jpg, C:\Users\ayubb\Pictures\IMG\left_2026_07_29_19_40_26_437.jpg, C:\Users\ayubb\Pictures\IMG\right_2026_07_29_19_40_26_437.jpg, 0, 1, 0, 30.19045
C:\Users\ayubb\Pictures\IMG\center_2026_07_29_19_40_26_540.jpg, C:\Users\ayubb\Pictures\IMG\left_2026_07_29_19_40_26_540.jpg, C:\Users\ayubb\Pictures\IMG\right_2026_07_29_19_40_26_540.jpg, 0.1115655, 1, 0, 30.1876
C:\Users\ayubb\Pictures\IMG\center_2026_07_29_19_40_26_643.jpg, C:\Users\ayubb\Pictures\IMG\left_2026_07_29_19_40_26_643.jpg, C:\Users\ayubb\Pictures\IMG\right_2026_07_29_19_40_26_643.jpg, 0.08799867, 1, 0, 30.19039
C:\Users\ayubb\Pictures\IMG\center_2026_07_29_19_40_26_743.jpg, C:\Users\ayubb\Pictures\IMG\left_2026_07_29_19_40_26_743.jpg, C:\Users\ayubb\Pictures\IMG\right_2026_07_29_19_40_26_743.jpg, 0, 1, 0, 30.18996
C:\Users\ayubb\Pictures\IMG\center_2026_07_29_19_40_26_846.jpg, C:\Users\ayubb\Pictures\IMG\left_2026_07_29_19_40_26_846.jpg, C:\Users\ayubb\Pictures\IMG\right_2026_07_29_19_40_26_846.jpg, 0.2042388, 1, 0, 30.18091
C:\Users\ayubb\Pictures\IMG\center_2026_07_29_19_40_26_947.jpg, C:\Users\ayubb\Pictures\IMG\left_2026_07_29_19_40_26_947.jpg, C:\Users\ayubb\Pictures\IMG\right_2026_07_29_19_40_26_947.jpg, 0.0627618, 1, 0, 30.19102
C:\Users\ayubb\Pictures\IMG\center_2026_07_29_19_40_27_051.jpg, C:\Users\ayubb\Pictures\IMG\left_2026_07_29_19_40_27_051.jpg, C:\Users\ayubb\Pictures\IMG\right_2026_07_29_19_40_27_051.jpg, 0, 1, 0, 30.19004
C:\Users\ayubb\Pictures\IMG\center_2026_07_29_19_40_27_152.jpg, C:\Users\ayubb\Pictures\IMG\left_2026_07_29_19_40_27_152.jpg, C:\Users\ayubb\Pictures\IMG\right_2026_07_29_19_40_27_152.jpg, 0.2685963, 1, 0, 30.17492
C:\Users\ayubb\Pictures\IMG\center_2026_07_29_19_40_27_252.jpg, C:\Users\ayubb\Pictures\IMG\left_2026_07_29_19_40_27_252.jpg, C:\Users\ayubb\Pictures\IMG\right_2026_07_29_19_40_27_252.jpg, 0.05492096, 1, 0, 30.19099
C:\Users\ayubb\Pictures\IMG\center_2026_07_29_19_40_27_357.jpg, C:\Users\ayubb\Pictures\IMG\left_2026_07_29_19_40_27_357.jpg, C:\Users\ayubb\Pictures\IMG\right_2026_07_29_19_40_27_357.jpg, 0.0167433, 1, 0, 30.19023
C:\Users\ayubb\Pictures\IMG\center_2026_07_29_19_40_27_461.jpg, C:\Users\ayubb\Pictures\IMG\left_2026_07_29_19_40_27_461.jpg, C:\Users\ayubb\Pictures\IMG\right_2026_07_29_19_40_27_461.jpg, 0.3161553, 1, 0, 30.16875
C:\Users\ayubb\Pictures\IMG\center_2026_07_29_19_40_27_562.jpg, C:\Users\ayubb\Pictures\IMG\left_2026_07_29_19_40_27_562.jpg, C:\Users\ayubb\Pictures\IMG\right_2026_07_29_19_40_27_562.jpg, 0.4098954, 1, 0, 30.17098
C:\Users\ayubb\Pictures\IMG\center_2026_07_29_19_40_27_662.jpg, C:\Users\ayubb\Pictures\IMG\left_2026_07_29_19_40_27_662.jpg, C:\Users\ayubb\Pictures\IMG\right_2026_07_29_19_40_27_662.jpg, 0.1076863, 1, 0, 30.19252
C:\Users\ayubb\Pictures\IMG\center_2026_07_29_19_40_27_763.jpg, C:\Users\ayubb\Pictures\IMG\left_2026_07_29_19_40_27_763.jpg, C:\Users\ayubb\Pictures\IMG\right_2026_07_29_19_40_27_763.jpg, 0, 1, 0, 30.18884
C:\Users\ayubb\Pictures\IMG\center_2026_07_29_19_40_27_867.jpg, C:\Users\ayubb\Pictures\IMG\left_2026_07_29_19_40_27_867.jpg, C:\Users\ayubb\Pictures\IMG\right_2026_07_29_19_40_27_867.jpg, 0, 1, 0, 30.19021
C:\Users\ayubb\Pictures\IMG\center_2026_07_29_19_40_27_967.jpg, C:\Users\ayubb\Pictures\IMG\left_2026_07_29_19_40_27_967.jpg, C:\Users\ayubb\Pictures\IMG\right_2026_07_29_19_40_27_967.jpg, 0.0342558, 1, 0, 30.19018
C:\Users\ayubb\Pictures\IMG\center_2026_07_29_19_40_28_067.jpg, C:\Users\ayubb\Pictures\IMG\left_2026_07_29_19_40_28_067.jpg, C:\Users\ayubb\Pictures\IMG\right_2026_07_29_19_40_28_067.jpg, 0.0791985, 1, 0, 30.19049
C:\Users\ayubb\Pictures\IMG\center_2026_07_29_19_40_28_170.jpg, C:\Users\ayubb\Pictures\IMG\left_2026_07_29_19_40_28_170.jpg, C:\Users\ayubb\Pictures\IMG\right_2026_07_29_19_40_28_170.jpg, 0, 1, 0, 30.19022
C:\Users\ayubb\Pictures\IMG\center_2026_07_29_19_40_28_270.jpg, C:\Users\ayubb\Pictures\IMG\left_2026_07_29_19_40_28_270.jpg, C:\Users\ayubb\Pictures\IMG\right_2026_07_29_19_40_28_270.jpg, 0.1399521, 1, 0, 30.1861
C:\Users\ayubb\Pictures\IMG\center_2026_07_29_19_40_28_371.jpg, C:\Users\ayubb\Pictures\IMG\left_2026_07_29_19_40_28_371.jpg, C:\Users\ayubb\Pictures\IMG\right_2026_07_29_19_40_28_371.jpg, 0.4139961, 1, 0, 30.15557
C:\Users\ayubb\Pictures\IMG\center_2026_07_29_19_40_28_471.jpg, C:\Users\ayubb\Pictures\IMG\left_2026_07_29_19_40_28_471.jpg, C:\Users\ayubb\Pictures\IMG\right_2026_07_29_19_40_28_471.jpg, 0.1161141, 1, 0, 30.19202
C:\Users\ayubb\Pictures\IMG\center_2026_07_29_19_40_28_574.jpg, C:\Users\ayubb\Pictures\IMG\left_2026_07_29_19_40_28_574.jpg, C:\Users\ayubb\Pictures\IMG\right_2026_07_29_19_40_28_574.jpg, 0, 1, 0, 30.18929
C:\Users\ayubb\Pictures\IMG\center_2026_07_29_19_40_28_676.jpg, C:\Users\ayubb\Pictures\IMG\left_2026_07_29_19_40_28_676.jpg, C:\Users\ayubb\Pictures\IMG\right_2026_07_29_19_40_28_676.jpg, 0.08920767, 1, 0, 30.1908
C:\Users\ayubb\Pictures\IMG\center_2026_07_29_19_40_28_778.jpg, C:\Users\ayubb\Pictures\IMG\left_2026_07_29_19_40_28_778.jpg, C:\Users\ayubb\Pictures\IMG\right_2026_07_29_19_40_28_778.jpg, 0, 1, 0, 30.19008
C:\Users\ayubb\Pictures\IMG\center_2026_07_29_19_40_28_883.jpg, C:\Users\ayubb\Pictures\IMG\left_2026_07_29_19_40_28_883.jpg, C:\Users\ayubb\Pictures\IMG\right_2026_07_29_19_40_28_883.jpg, 0, 1, 0, 30.19032
C:\Users\ayubb\Pictures\IMG\center_2026_07_29_19_40_28_983.jpg, C:\Users\ayubb\Pictures\IMG\left_2026_07_29_19_40_28_983.jpg, C:\Users\ayubb\Pictures\IMG\right_2026_07_29_19_40_28_983.jpg, 0.0137871, 1, 0, 30.19026
C:\Users\ayubb\Pictures\IMG\center_2026_07_29_19_40_29_085.jpg, C:\Users\ayubb\Pictures\IMG\left_2026_07_29_19_40_29_085.jpg, C:\Users\ayubb\Pictures\IMG\right_2026_07_29_19_40_29_085.jpg, 0.2145447, 1, 0, 30.17893
C:\Users\ayubb\Pictures\IMG\center_2026_07_29_19_40_29_187.jpg, C:\Users\ayubb\Pictures\IMG\left_2026_07_29_19_40_29_187.jpg, C:\Users\ayubb\Pictures\IMG\right_2026_07_29_19_40_29_187.jpg, 0, 1, 0, 30.18969
C:\Users\ayubb\Pictures\IMG\center_2026_07_29_19_40_29_288.jpg, C:\Users\ayubb\Pictures\IMG\left_2026_07_29_19_40_29_288.jpg, C:\Users\ayubb\Pictures\IMG\right_2026_07_29_19_40_29_288.jpg, 0, 1, 0, 30.19024
C:\Users\ayubb\Pictures\IMG\center_2026_07_29_19_40_29_391.jpg, C:\Users\ayubb\Pictures\IMG\left_2026_07_29_19_40_29_391.jpg, C:\Users\ayubb\Pictures\IMG\right_2026_07_29_19_40_29_391.jpg, 0.2080119, 1, 0, 30.1802
C:\Users\ayubb\Pictures\IMG\center_2026_07_29_19_40_29_493.jpg, C:\Users\ayubb\Pictures\IMG\left_2026_07_29_19_40_29_493.jpg, C:\Users\ayubb\Pictures\IMG\right_2026_07_29_19_40_29_493.jpg, 0, 1, 0, 30.1898
C:\Users\ayubb\Pictures\IMG\center_2026_07_29_19_40_29_594.jpg, C:\Users\ayubb\Pictures\IMG\left_2026_07_29_19_40_29_594.jpg, C:\Users\ayubb\Pictures\IMG\right_2026_07_29_19_40_29_594.jpg, 0, 1, 0, 30.19025
C:\Users\ayubb\Pictures\IMG\center_2026_07_29_19_40_29_696.jpg, C:\Users\ayubb\Pictures\IMG\left_2026_07_29_19_40_29_696.jpg, C:\Users\ayubb\Pictures\IMG\right_2026_07_29_19_40_29_696.jpg, 0.1666026, 1, 0, 30.18321
C:\Users\ayubb\Pictures\IMG\center_2026_07_29_19_40_29_799.jpg, C:\Users\ayubb\Pictures\IMG\left_2026_07_29_19_40_29_799.jpg, C:\Users\ayubb\Pictures\IMG\right_2026_07_29_19_40_29_799.jpg, 0, 1, 0, 30.19011
C:\Users\ayubb\Pictures\IMG\center_2026_07_29_19_40_29_901.jpg, C:\Users\ayubb\Pictures\IMG\left_2026_07_29_19_40_29_901.jpg, C:\Users\ayubb\Pictures\IMG\right_2026_07_29_19_40_29_901.jpg, 0, 1, 0, 30.19027
C:\Users\ayubb\Pictures\IMG\center_2026_07_29_19_40_30_005.jpg, C:\Users\ayubb\Pictures\IMG\left_2026_07_29_19_40_30_005.jpg, C:\Users\ayubb\Pictures\IMG\right_2026_07_29_19_40_30_005.jpg, 0.1066389, 1, 0, 30.1885
C:\Users\ayubb\Pictures\IMG\center_2026_07_29_19_40_30_106.jpg, C:\Users\ayubb\Pictures\IMG\left_2026_07_29_19_40_30_106.jpg, C:\Users\ayubb\Pictures\IMG\right_2026_07_29_19_40_30_106.jpg, 0, 1, 0, 30.1901
C:\Users\ayubb\Pictures\IMG\center_2026_07_29_19_40_30_208.jpg, C:\Users\ayubb\Pictures\IMG\left_2026_07_29_19_40_30_208.jpg, C:\Users\ayubb\Pictures\IMG\right_2026_07_29_19_40_30_208.jpg, 0.0335286, 1, 0, 30.19018
C:\Users\ayubb\Pictures\IMG\center_2026_07_29_19_40_30_311.jpg, C:\Users\ayubb\Pictures\IMG\left_2026_07_29_19_40_30_311.jpg, C:\Users\ayubb\Pictures\IMG\right_2026_07_29_19_40_30_311.jpg, 0.06893308, 1, 0, 30.19063
C:\Users\ayubb\Pictures\IMG\center_2026_07_29_19_40_30_415.jpg, C:\Users\ayubb\Pictures\IMG\left_2026_07_29_19_40_30_415.jpg, C:\Users\ayubb\Pictures\IMG\right_2026_07_29_19_40_30_415.jpg, 0, 1, 0, 30.19002
C:\Users\ayubb\Pictures\IMG\center_2026_07_29_19_40_30_516.jpg, C:\Users\ayubb\Pictures\IMG\left_2026_07_29_19_40_30_516.jpg, C:\Users\ayubb\Pictures\IMG\right_2026_07_29_19_40_30_516.jpg, 0.168378, 1, 0, 30.18371
C:\Users\ayubb\Pictures\IMG\center_2026_07_29_19_40_30_620.jpg, C:\Users\ayubb\Pictures\IMG\left_2026_07_29_19_40_30_620.jpg, C:\Users\ayubb\Pictures\IMG\right_2026_07_29_19_40_30_620.jpg, 0, 1, 0, 30.19015
C:\Users\ayubb\Pictures\IMG\center_2026_07_29_19_40_30_722.jpg, C:\Users\ayubb\Pictures\IMG\left_2026_07_29_19_40_30_722.jpg, C:\Users\ayubb\Pictures\IMG\right_2026_07_29_19_40_30_722.jpg, 0.0529365, 1, 0, 30.18951
C:\Users\ayubb\Pictures\IMG\center_2026_07_29_19_40_30_822.jpg, C:\Users\ayubb\Pictures\IMG\left_2026_07_29_19_40_30_822.jpg, C:\Users\ayubb\Pictures\IMG\right_2026_07_29_19_40_30_822.jpg, 0.353649, 1, 0, 30.16079
C:\Users\ayubb\Pictures\IMG\center_2026_07_29_19_40_30_925.jpg, C:\Users\ayubb\Pictures\IMG\left_2026_07_29_19_40_30_925.jpg, C:\Users\ayubb\Pictures\IMG\right_2026_07_29_19_40_30_925.jpg, 0.6476245, 1, 0, 30.12258
C:\Users\ayubb\Pictures\IMG\center_2026_07_29_19_40_31_027.jpg, C:\Users\ayubb\Pictures\IMG\left_2026_07_29_19_40_31_027.jpg, C:\Users\ayubb\Pictures\IMG\right_2026_07_29_19_40_31_027.jpg, 0.3658398, 1, 0, 30.19142
C:\Users\ayubb\Pictures\IMG\center_2026_07_29_19_40_31_128.jpg, C:\Users\ayubb\Pictures\IMG\left_2026_07_29_19_40_31_128.jpg, C:\Users\ayubb\Pictures\IMG\right_2026_07_29_19_40_31_128.jpg, 0.07188874, 1, 0, 30.19034
C:\Users\ayubb\Pictures\IMG\center_2026_07_29_19_40_31_231.jpg, C:\Users\ayubb\Pictures\IMG\left_2026_07_29_19_40_31_231.jpg, C:\Users\ayubb\Pictures\IMG\right_2026_07_29_19_40_31_231.jpg, 0, 1, 0, 30.18911
C:\Users\ayubb\Pictures\IMG\center_2026_07_29_19_40_31_333.jpg, C:\Users\ayubb\Pictures\IMG\left_2026_07_29_19_40_31_333.jpg, C:\Users\ayubb\Pictures\IMG\right_2026_07_29_19_40_31_333.jpg, 0, 1, 0, 30.19027
C:\Users\ayubb\Pictures\IMG\center_2026_07_29_19_40_31_436.jpg, C:\Users\ayubb\Pictures\IMG\left_2026_07_29_19_40_31_436.jpg, C:\Users\ayubb\Pictures\IMG\right_2026_07_29_19_40_31_436.jpg, 0, 1, 0, 30.18988
C:\Users\ayubb\Pictures\IMG\center_2026_07_29_19_40_31_538.jpg, C:\Users\ayubb\Pictures\IMG\left_2026_07_29_19_40_31_538.jpg, C:\Users\ayubb\Pictures\IMG\right_2026_07_29_19_40_31_538.jpg, -0.1288443, 1, 0, 30.18537
C:\Users\ayubb\Pictures\IMG\center_2026_07_29_19_40_31_641.jpg, C:\Users\ayubb\Pictures\IMG\left_2026_07_29_19_40_31_641.jpg, C:\Users\ayubb\Pictures\IMG\right_2026_07_29_19_40_31_641.jpg, -0.340365, 1, 0, 30.16466
C:\Users\ayubb\Pictures\IMG\center_2026_07_29_19_40_31_743.jpg, C:\Users\ayubb\Pictures\IMG\left_2026_07_29_19_40_31_743.jpg, C:\Users\ayubb\Pictures\IMG\right_2026_07_29_19_40_31_743.jpg, -0.04295222, 1, 0, 30.18947
C:\Users\ayubb\Pictures\IMG\center_2026_07_29_19_40_31_844.jpg, C:\Users\ayubb\Pictures\IMG\left_2026_07_29_19_40_31_844.jpg, C:\Users\ayubb\Pictures\IMG\right_2026_07_29_19_40_31_844.jpg, 0, 1, 0, 30.18968
C:\Users\ayubb\Pictures\IMG\center_2026_07_29_19_40_31_947.jpg, C:\Users\ayubb\Pictures\IMG\left_2026_07_29_19_40_31_947.jpg, C:\Users\ayubb\Pictures\IMG\right_2026_07_29_19_40_31_947.jpg, 0.1343469, 1, 0, 30.183
C:\Users\ayubb\Pictures\IMG\center_2026_07_29_19_40_32_048.jpg, C:\Users\ayubb\Pictures\IMG\left_2026_07_29_19_40_32_048.jpg, C:\Users\ayubb\Pictures\IMG\right_2026_07_29_19_40_32_048.jpg, 0, 1, 0, 30.19022
C:\Users\ayubb\Pictures\IMG\center_2026_07_29_19_40_32_148.jpg, C:\Users\ayubb\Pictures\IMG\left_2026_07_29_19_40_32_148.jpg, C:\Users\ayubb\Pictures\IMG\right_2026_07_29_19_40_32_148.jpg, 0, 1, 0, 30.1903
C:\Users\ayubb\Pictures\IMG\center_2026_07_29_19_40_32_250.jpg, C:\Users\ayubb\Pictures\IMG\left_2026_07_29_19_40_32_250.jpg, C:\Users\ayubb\Pictures\IMG\right_2026_07_29_19_40_32_250.jpg, 0, 1, 0, 30.19031
C:\Users\ayubb\Pictures\IMG\center_2026_07_29_19_40_32_354.jpg, C:\Users\ayubb\Pictures\IMG\left_2026_07_29_19_40_32_354.jpg, C:\Users\ayubb\Pictures\IMG\right_2026_07_29_19_40_32_354.jpg, 0.2630649, 1, 0, 30.17266
C:\Users\ayubb\Pictures\IMG\center_2026_07_29_19_40_32_459.jpg, C:\Users\ayubb\Pictures\IMG\left_2026_07_29_19_40_32_459.jpg, C:\Users\ayubb\Pictures\IMG\right_2026_07_29_19_40_32_459.jpg, 0, 1, 0, 30.18931
C:\Users\ayubb\Pictures\IMG\center_2026_07_29_19_40_32_561.jpg, C:\Users\ayubb\Pictures\IMG\left_2026_07_29_19_40_32_561.jpg, C:\Users\ayubb\Pictures\IMG\right_2026_07_29_19_40_32_561.jpg, 0, 1, 0, 30.1901
C:\Users\ayubb\Pictures\IMG\center_2026_07_29_19_40_32_663.jpg, C:\Users\ayubb\Pictures\IMG\left_2026_07_29_19_40_32_663.jpg, C:\Users\ayubb\Pictures\IMG\right_2026_07_29_19_40_32_663.jpg, 0, 1, 0, 30.19026
C:\Users\ayubb\Pictures\IMG\center_2026_07_29_19_40_32_766.jpg, C:\Users\ayubb\Pictures\IMG\left_2026_07_29_19_40_32_766.jpg, C:\Users\ayubb\Pictures\IMG\right_2026_07_29_19_40_32_766.jpg, 0, 1, 0, 30.19033
C:\Users\ayubb\Pictures\IMG\center_2026_07_29_19_40_32_867.jpg, C:\Users\ayubb\Pictures\IMG\left_2026_07_29_19_40_32_867.jpg, C:\Users\ayubb\Pictures\IMG\right_2026_07_29_19_40_32_867.jpg, 0.1857975, 1, 0, 30.18141
C:\Users\ayubb\Pictures\IMG\center_2026_07_29_19_40_32_970.jpg, C:\Users\ayubb\Pictures\IMG\left_2026_07_29_19_40_32_970.jpg, C:\Users\ayubb\Pictures\IMG\right_2026_07_29_19_40_32_970.jpg, 0.04003231, 1, 0, 30.19084
C:\Users\ayubb\Pictures\IMG\center_2026_07_29_19_40_33_073.jpg, C:\Users\ayubb\Pictures\IMG\left_2026_07_29_19_40_33_073.jpg, C:\Users\ayubb\Pictures\IMG\right_2026_07_29_19_40_33_073.jpg, 0, 1, 0, 30.19003
C:\Users\ayubb\Pictures\IMG\center_2026_07_29_19_40_33_175.jpg, C:\Users\ayubb\Pictures\IMG\left_2026_07_29_19_40_33_175.jpg, C:\Users\ayubb\Pictures\IMG\right_2026_07_29_19_40_33_175.jpg, 0, 1, 0, 30.19028
C:\Users\ayubb\Pictures\IMG\center_2026_07_29_19_40_33_277.jpg, C:\Users\ayubb\Pictures\IMG\left_2026_07_29_19_40_33_277.jpg, C:\Users\ayubb\Pictures\IMG\right_2026_07_29_19_40_33_277.jpg, 0, 1, 0, 30.19025
C:\Users\ayubb\Pictures\IMG\center_2026_07_29_19_40_33_381.jpg, C:\Users\ayubb\Pictures\IMG\left_2026_07_29_19_40_33_381.jpg, C:\Users\ayubb\Pictures\IMG\right_2026_07_29_19_40_33_381.jpg, 0, 1, 0, 30.19034
C:\Users\ayubb\Pictures\IMG\center_2026_07_29_19_40_33_481.jpg, C:\Users\ayubb\Pictures\IMG\left_2026_07_29_19_40_33_481.jpg, C:\Users\ayubb\Pictures\IMG\right_2026_07_29_19_40_33_481.jpg, 0, 1, 0, 30.19027
C:\Users\ayubb\Pictures\IMG\center_2026_07_29_19_40_33_583.jpg, C:\Users\ayubb\Pictures\IMG\left_2026_07_29_19_40_33_583.jpg, C:\Users\ayubb\Pictures\IMG\right_2026_07_29_19_40_33_583.jpg, 0, 1, 0, 30.19034
C:\Users\ayubb\Pictures\IMG\center_2026_07_29_19_40_33_684.jpg, C:\Users\ayubb\Pictures\IMG\left_2026_07_29_19_40_33_684.jpg, C:\Users\ayubb\Pictures\IMG\right_2026_07_29_19_40_33_684.jpg, 0, 1, 0, 30.19031
C:\Users\ayubb\Pictures\IMG\center_2026_07_29_19_40_33_786.jpg, C:\Users\ayubb\Pictures\IMG\left_2026_07_29_19_40_33_786.jpg, C:\Users\ayubb\Pictures\IMG\right_2026_07_29_19_40_33_786.jpg, 0, 1, 0, 30.19036
C:\Users\ayubb\Pictures\IMG\center_2026_07_29_19_40_33_888.jpg, C:\Users\ayubb\Pictures\IMG\left_2026_07_29_19_40_33_888.jpg, C:\Users\ayubb\Pictures\IMG\right_2026_07_29_19_40_33_888.jpg, 0, 1, 0, 30.19033
C:\Users\ayubb\Pictures\IMG\center_2026_07_29_19_40_33_989.jpg, C:\Users\ayubb\Pictures\IMG\left_2026_07_29_19_40_33_989.jpg, C:\Users\ayubb\Pictures\IMG\right_2026_07_29_19_40_33_989.jpg, 0, 1, 0, 30.19031
C:\Users\ayubb\Pictures\IMG\center_2026_07_29_19_40_34_092.jpg, C:\Users\ayubb\Pictures\IMG\left_2026_07_29_19_40_34_092.jpg, C:\Users\ayubb\Pictures\IMG\right_2026_07_29_19_40_34_092.jpg, 0, 1, 0, 30.19029
C:\Users\ayubb\Pictures\IMG\center_2026_07_29_19_40_34_193.jpg, C:\Users\ayubb\Pictures\IMG\left_2026_07_29_19_40_34_193.jpg, C:\Users\ayubb\Pictures\IMG\right_2026_07_29_19_40_34_193.jpg, 0, 1, 0, 30.19034
C:\Users\ayubb\Pictures\IMG\center_2026_07_29_19_40_34_293.jpg, C:\Users\ayubb\Pictures\IMG\left_2026_07_29_19_40_34_293.jpg, C:\Users\ayubb\Pictures\IMG\right_2026_07_29_19_40_34_293.jpg, 0, 1, 0, 30.19028
C:\Users\ayubb\Pictures\IMG\center_2026_07_29_19_40_34_395.jpg, C:\Users\ayubb\Pictures\IMG\left_2026_07_29_19_40_34_395.jpg, C:\Users\ayubb\Pictures\IMG\right_2026_07_29_19_40_34_395.jpg, 0, 1, 0, 30.19031
C:\Users\ayubb\Pictures\IMG\center_2026_07_29_19_40_34_494.jpg, C:\Users\ayubb\Pictures\IMG\left_2026_07_29_19_40_34_494.jpg, C:\Users\ayubb\Pictures\IMG\right_2026_07_29_19_40_34_494.jpg, 0, 1, 0, 30.19031
C:\Users\ayubb\Pictures\IMG\center_2026_07_29_19_40_34_595.jpg, C:\Users\ayubb\Pictures\IMG\left_2026_07_29_19_40_34_595.jpg, C:\Users\ayubb\Pictures\IMG\right_2026_07_29_19_40_34_595.jpg, 0, 1, 0, 30.19032
C:\Users\ayubb\Pictures\IMG\center_2026_07_29_19_40_34_696.jpg, C:\Users\ayubb\Pictures\IMG\left_2026_07_29_19_40_34_696.jpg, C:\Users\ayubb\Pictures\IMG\right_2026_07_29_19_40_34_696.jpg, 0.2513388, 1, 0, 30.17481
C:\Users\ayubb\Pictures\IMG\center_2026_07_29_19_40_34_796.jpg, C:\Users\ayubb\Pictures\IMG\left_2026_07_29_19_40_34_796.jpg, C:\Users\ayubb\Pictures\IMG\right_2026_07_29_19_40_34_796.jpg, 0.2689521, 1, 0, 30.18406
C:\Users\ayubb\Pictures\IMG\center_2026_07_29_19_40_34_899.jpg, C:\Users\ayubb\Pictures\IMG\left_2026_07_29_19_40_34_899.jpg, C:\Users\ayubb\Pictures\IMG\right_2026_07_29_19_40_34_899.jpg, 0, 1, 0, 30.18801
C:\Users\ayubb\Pictures\IMG\center_2026_07_29_19_40_35_000.jpg, C:\Users\ayubb\Pictures\IMG\left_2026_07_29_19_40_35_000.jpg, C:\Users\ayubb\Pictures\IMG\right_2026_07_29_19_40_35_000.jpg, 0, 1, 0, 30.18959
C:\Users\ayubb\Pictures\IMG\center_2026_07_29_19_40_35_100.jpg, C:\Users\ayubb\Pictures\IMG\left_2026_07_29_19_40_35_100.jpg, C:\Users\ayubb\Pictures\IMG\right_2026_07_29_19_40_35_100.jpg, 0, 1, 0, 30.19018
C:\Users\ayubb\Pictures\IMG\center_2026_07_29_19_40_35_203.jpg, C:\Users\ayubb\Pictures\IMG\left_2026_07_29_19_40_35_203.jpg, C:\Users\ayubb\Pictures\IMG\right_2026_07_29_19_40_35_203.jpg, 0, 1, 0, 30.19024
C:\Users\ayubb\Pictures\IMG\center_2026_07_29_19_40_35_307.jpg, C:\Users\ayubb\Pictures\IMG\left_2026_07_29_19_40_35_307.jpg, C:\Users\ayubb\Pictures\IMG\right_2026_07_29_19_40_35_307.jpg, 0, 1, 0, 30.19024
C:\Users\ayubb\Pictures\IMG\center_2026_07_29_19_40_35_407.jpg, C:\Users\ayubb\Pictures\IMG\left_2026_07_29_19_40_35_407.jpg, C:\Users\ayubb\Pictures\IMG\right_2026_07_29_19_40_35_407.jpg, 0.1619697, 1, 0, 30.18347
C:\Users\ayubb\Pictures\IMG\center_2026_07_29_19_40_35_510.jpg, C:\Users\ayubb\Pictures\IMG\left_2026_07_29_19_40_35_510.jpg, C:\Users\ayubb\Pictures\IMG\right_2026_07_29_19_40_35_510.jpg, 0.04529252, 1, 0, 30.19064
C:\Users\ayubb\Pictures\IMG\center_2026_07_29_19_40_35_613.jpg, C:\Users\ayubb\Pictures\IMG\left_2026_07_29_19_40_35_613.jpg, C:\Users\ayubb\Pictures\IMG\right_2026_07_29_19_40_35_613.jpg, 0, 1, 0, 30.1902
C:\Users\ayubb\Pictures\IMG\center_2026_07_29_19_40_35_713.jpg, C:\Users\ayubb\Pictures\IMG\left_2026_07_29_19_40_35_713.jpg, C:\Users\ayubb\Pictures\IMG\right_2026_07_29_19_40_35_713.jpg, 0, 1, 0, 30.19036
C:\Users\ayubb\Pictures\IMG\center_2026_07_29_19_40_35_816.jpg, C:\Users\ayubb\Pictures\IMG\left_2026_07_29_19_40_35_816.jpg, C:\Users\ayubb\Pictures\IMG\right_2026_07_29_19_40_35_816.jpg, 0, 1, 0, 30.19092
C:\Users\ayubb\Pictures\IMG\center_2026_07_29_19_40_35_918.jpg, C:\Users\ayubb\Pictures\IMG\left_2026_07_29_19_40_35_918.jpg, C:\Users\ayubb\Pictures\IMG\right_2026_07_29_19_40_35_918.jpg, 0, 1, 0, 30.19026
C:\Users\ayubb\Pictures\IMG\center_2026_07_29_19_40_36_020.jpg, C:\Users\ayubb\Pictures\IMG\left_2026_07_29_19_40_36_020.jpg, C:\Users\ayubb\Pictures\IMG\right_2026_07_29_19_40_36_020.jpg, 0, 1, 0, 30.19048
C:\Users\ayubb\Pictures\IMG\center_2026_07_29_19_40_36_120.jpg, C:\Users\ayubb\Pictures\IMG\left_2026_07_29_19_40_36_120.jpg, C:\Users\ayubb\Pictures\IMG\right_2026_07_29_19_40_36_120.jpg, 0, 1, 0, 30.1901
C:\Users\ayubb\Pictures\IMG\center_2026_07_29_19_40_36_221.jpg, C:\Users\ayubb\Pictures\IMG\left_2026_07_29_19_40_36_221.jpg, C:\Users\ayubb\Pictures\IMG\right_2026_07_29_19_40_36_221.jpg, 0, 1, 0, 30.19022
C:\Users\ayubb\Pictures\IMG\center_2026_07_29_19_40_36_321.jpg, C:\Users\ayubb\Pictures\IMG\left_2026_07_29_19_40_36_321.jpg, C:\Users\ayubb\Pictures\IMG\right_2026_07_29_19_40_36_321.jpg, 0, 1, 0, 30.19024
C:\Users\ayubb\Pictures\IMG\center_2026_07_29_19_40_36_422.jpg, C:\Users\ayubb\Pictures\IMG\left_2026_07_29_19_40_36_422.jpg, C:\Users\ayubb\Pictures\IMG\right_2026_07_29_19_40_36_422.jpg, 0, 1, 0, 30.19023
C:\Users\ayubb\Pictures\IMG\center_2026_07_29_19_40_36_524.jpg, C:\Users\ayubb\Pictures\IMG\left_2026_07_29_19_40_36_524.jpg, C:\Users\ayubb\Pictures\IMG\right_2026_07_29_19_40_36_524.jpg, 0.028278, 1, 0, 30.19005
C:\Users\ayubb\Pictures\IMG\center_2026_07_29_19_40_36_627.jpg, C:\Users\ayubb\Pictures\IMG\left_2026_07_29_19_40_36_627.jpg, C:\Users\ayubb\Pictures\IMG\right_2026_07_29_19_40_36_627.jpg, 0.05143471, 1, 0, 30.19038
C:\Users\ayubb\Pictures\IMG\center_2026_07_29_19_40_36_727.jpg, C:\Users\ayubb\Pictures\IMG\left_2026_07_29_19_40_36_727.jpg, C:\Users\ayubb\Pictures\IMG\right_2026_07_29_19_40_36_727.jpg, 0, 1, 0, 30.19015
C:\Users\ayubb\Pictures\IMG\center_2026_07_29_19_40_36_829.jpg, C:\Users\ayubb\Pictures\IMG\left_2026_07_29_19_40_36_829.jpg, C:\Users\ayubb\Pictures\IMG\right_2026_07_29_19_40_36_829.jpg, 0, 1, 0, 30.19027
C:\Users\ayubb\Pictures\IMG\center_2026_07_29_19_40_36_931.jpg, C:\Users\ayubb\Pictures\IMG\left_2026_07_29_19_40_36_931.jpg, C:\Users\ayubb\Pictures\IMG\right_2026_07_29_19_40_36_931.jpg, 0, 1, 0, 30.19028
C:\Users\ayubb\Pictures\IMG\center_2026_07_29_19_40_37_033.jpg, C:\Users\ayubb\Pictures\IMG\left_2026_07_29_19_40_37_033.jpg, C:\Users\ayubb\Pictures\IMG\right_2026_07_29_19_40_37_033.jpg, 0.0201843, 1, 0, 30.19028
C:\Users\ayubb\Pictures\IMG\center_2026_07_29_19_40_37_134.jpg, C:\Users\ayubb\Pictures\IMG\left_2026_07_29_19_40_37_134.jpg, C:\Users\ayubb\Pictures\IMG\right_2026_07_29_19_40_37_134.jpg, 0.001053311, 1, 0, 30.19015
C:\Users\ayubb\Pictures\IMG\center_2026_07_29_19_40_37_236.jpg, C:\Users\ayubb\Pictures\IMG\left_2026_07_29_19_40_37_236.jpg, C:\Users\ayubb\Pictures\IMG\right_2026_07_29_19_40_37_236.jpg, 0, 1, 0, 30.19017
C:\Users\ayubb\Pictures\IMG\center_2026_07_29_19_40_37_337.jpg, C:\Users\ayubb\Pictures\IMG\left_2026_07_29_19_40_37_337.jpg, C:\Users\ayubb\Pictures\IMG\right_2026_07_29_19_40_37_337.jpg, 0, 1, 0, 30.19009
C:\Users\ayubb\Pictures\IMG\center_2026_07_29_19_40_37_441.jpg, C:\Users\ayubb\Pictures\IMG\left_2026_07_29_19_40_37_441.jpg, C:\Users\ayubb\Pictures\IMG\right_2026_07_29_19_40_37_441.jpg, 0, 1, 0, 30.19019
C:\Users\ayubb\Pictures\IMG\center_2026_07_29_19_40_37_543.jpg, C:\Users\ayubb\Pictures\IMG\left_2026_07_29_19_40_37_543.jpg, C:\Users\ayubb\Pictures\IMG\right_2026_07_29_19_40_37_543.jpg, 0, 1, 0, 30.19016
C:\Users\ayubb\Pictures\IMG\center_2026_07_29_19_40_37_643.jpg, C:\Users\ayubb\Pictures\IMG\left_2026_07_29_19_40_37_643.jpg, C:\Users\ayubb\Pictures\IMG\right_2026_07_29_19_40_37_643.jpg, 0, 1, 0, 30.19015
C:\Users\ayubb\Pictures\IMG\center_2026_07_29_19_40_37_745.jpg, C:\Users\ayubb\Pictures\IMG\left_2026_07_29_19_40_37_745.jpg, C:\Users\ayubb\Pictures\IMG\right_2026_07_29_19_40_37_745.jpg, 0, 1, 0, 30.19014
C:\Users\ayubb\Pictures\IMG\center_2026_07_29_19_40_37_846.jpg, C:\Users\ayubb\Pictures\IMG\left_2026_07_29_19_40_37_846.jpg, C:\Users\ayubb\Pictures\IMG\right_2026_07_29_19_40_37_846.jpg, 0.0207669, 1, 0, 30.19009
C:\Users\ayubb\Pictures\IMG\center_2026_07_29_19_40_37_950.jpg, C:\Users\ayubb\Pictures\IMG\left_2026_07_29_19_40_37_950.jpg, C:\Users\ayubb\Pictures\IMG\right_2026_07_29_19_40_37_950.jpg, 0.3238173, 1, 0, 30.16536
C:\Users\ayubb\Pictures\IMG\center_2026_07_29_19_40_38_053.jpg, C:\Users\ayubb\Pictures\IMG\left_2026_07_29_19_40_38_053.jpg, C:\Users\ayubb\Pictures\IMG\right_2026_07_29_19_40_38_053.jpg, 0.09031203, 1, 0, 30.19122
C:\Users\ayubb\Pictures\IMG\center_2026_07_29_19_40_38_155.jpg, C:\Users\ayubb\Pictures\IMG\left_2026_07_29_19_40_38_155.jpg, C:\Users\ayubb\Pictures\IMG\right_2026_07_29_19_40_38_155.jpg, 0, 1, 0, 30.18977
C:\Users\ayubb\Pictures\IMG\center_2026_07_29_19_40_38_256.jpg, C:\Users\ayubb\Pictures\IMG\left_2026_07_29_19_40_38_256.jpg, C:\Users\ayubb\Pictures\IMG\right_2026_07_29_19_40_38_256.jpg, 0, 1, 0, 30.19043
C:\Users\ayubb\Pictures\IMG\center_2026_07_29_19_40_38_359.jpg, C:\Users\ayubb\Pictures\IMG\left_2026_07_29_19_40_38_359.jpg, C:\Users\ayubb\Pictures\IMG\right_2026_07_29_19_40_38_359.jpg, 0, 1, 0, 30.19026
C:\Users\ayubb\Pictures\IMG\center_2026_07_29_19_40_38_461.jpg, C:\Users\ayubb\Pictures\IMG\left_2026_07_29_19_40_38_461.jpg, C:\Users\ayubb\Pictures\IMG\right_2026_07_29_19_40_38_461.jpg, 0, 1, 0, 30.19038
C:\Users\ayubb\Pictures\IMG\center_2026_07_29_19_40_38_563.jpg, C:\Users\ayubb\Pictures\IMG\left_2026_07_29_19_40_38_563.jpg, C:\Users\ayubb\Pictures\IMG\right_2026_07_29_19_40_38_563.jpg, 0, 1, 0, 30.19002
C:\Users\ayubb\Pictures\IMG\center_2026_07_29_19_40_38_665.jpg, C:\Users\ayubb\Pictures\IMG\left_2026_07_29_19_40_38_665.jpg, C:\Users\ayubb\Pictures\IMG\right_2026_07_29_19_40_38_665.jpg, 0, 1, 0, 30.1903
C:\Users\ayubb\Pictures\IMG\center_2026_07_29_19_40_38_767.jpg, C:\Users\ayubb\Pictures\IMG\left_2026_07_29_19_40_38_767.jpg, C:\Users\ayubb\Pictures\IMG\right_2026_07_29_19_40_38_767.jpg, 0, 1, 0, 30.19035
C:\Users\ayubb\Pictures\IMG\center_2026_07_29_19_40_38_869.jpg, C:\Users\ayubb\Pictures\IMG\left_2026_07_29_19_40_38_869.jpg, C:\Users\ayubb\Pictures\IMG\right_2026_07_29_19_40_38_869.jpg, 0, 0.7910101, 0, 30.14801
C:\Users\ayubb\Pictures\IMG\center_2026_07_29_19_40_52_815.jpg, C:\Users\ayubb\Pictures\IMG\left_2026_07_29_19_40_52_815.jpg, C:\Users\ayubb\Pictures\IMG\right_2026_07_29_19_40_52_815.jpg, 0, 0.584985, 0, 5.794197
C:\Users\ayubb\Pictures\IMG\center_2026_07_29_19_40_52_918.jpg, C:\Users\ayubb\Pictures\IMG\left_2026_07_29_19_40_52_918.jpg, C:\Users\ayubb\Pictures\IMG\right_2026_07_29_19_40_52_918.jpg, 0, 0.9482571, 0, 6.86736
C:\Users\ayubb\Pictures\IMG\center_2026_07_29_19_40_53_018.jpg, C:\Users\ayubb\Pictures\IMG\left_2026_07_29_19_40_53_018.jpg, C:\Users\ayubb\Pictures\IMG\right_2026_07_29_19_40_53_018.jpg, 0, 1, 0, 8.00192
C:\Users\ayubb\Pictures\IMG\center_2026_07_29_19_40_53_118.jpg, C:\Users\ayubb\Pictures\IMG\left_2026_07_29_19_40_53_118.jpg, C:\Users\ayubb\Pictures\IMG\right_2026_07_29_19_40_53_118.jpg, 0, 1, 0, 9.128872
C:\Users\ayubb\Pictures\IMG\center_2026_07_29_19_40_53_223.jpg, C:\Users\ayubb\Pictures\IMG\left_2026_07_29_19_40_53_223.jpg, C:\Users\ayubb\Pictures\IMG\right_2026_07_29_19_40_53_223.jpg, 0, 1, 0, 10.24479
C:\Users\ayubb\Pictures\IMG\center_2026_07_29_19_40_53_322.jpg, C:\Users\ayubb\Pictures\IMG\left_2026_07_29_19_40_53_322.jpg, C:\Users\ayubb\Pictures\IMG\right_2026_07_29_19_40_53_322.jpg, 0, 1, 0, 11.34969
C:\Users\ayubb\Pictures\IMG\center_2026_07_29_19_40_53_425.jpg, C:\Users\ayubb\Pictures\IMG\left_2026_07_29_19_40_53_425.jpg, C:\Users\ayubb\Pictures\IMG\right_2026_07_29_19_40_53_425.jpg, 0, 1, 0, 12.48116
C:\Users\ayubb\Pictures\IMG\center_2026_07_29_19_40_53_527.jpg, C:\Users\ayubb\Pictures\IMG\left_2026_07_29_19_40_53_527.jpg, C:\Users\ayubb\Pictures\IMG\right_2026_07_29_19_40_53_527.jpg, 0, 1, 0, 13.48737
C:\Users\ayubb\Pictures\IMG\center_2026_07_29_19_40_53_630.jpg, C:\Users\ayubb\Pictures\IMG\left_2026_07_29_19_40_53_630.jpg, C:\Users\ayubb\Pictures\IMG\right_2026_07_29_19_40_53_630.jpg, 0, 1, 0, 14.61297
C:\Users\ayubb\Pictures\IMG\center_2026_07_29_19_40_53_731.jpg, C:\Users\ayubb\Pictures\IMG\left_2026_07_29_19_40_53_731.jpg, C:\Users\ayubb\Pictures\IMG\right_2026_07_29_19_40_53_731.jpg, 0, 1, 0, 15.61339
C:\Users\ayubb\Pictures\IMG\center_2026_07_29_19_40_53_834.jpg, C:\Users\ayubb\Pictures\IMG\left_2026_07_29_19_40_53_834.jpg, C:\Users\ayubb\Pictures\IMG\right_2026_07_29_19_40_53_834.jpg, 0, 1, 0, 16.73204
C:\Users\ayubb\Pictures\IMG\center_2026_07_29_19_40_53_935.jpg, C:\Users\ayubb\Pictures\IMG\left_2026_07_29_19_40_53_935.jpg, C:\Users\ayubb\Pictures\IMG\right_2026_07_29_19_40_53_935.jpg, 0, 1, 0, 17.74401
C:\Users\ayubb\Pictures\IMG\center_2026_07_29_19_40_54_037.jpg, C:\Users\ayubb\Pictures\IMG\left_2026_07_29_19_40_54_037.jpg, C:\Users\ayubb\Pictures\IMG\right_2026_07_29_19_40_54_037.jpg, 0, 1, 0, 18.99115
C:\Users\ayubb\Pictures\IMG\center_2026_07_29_19_40_54_138.jpg, C:\Users\ayubb\Pictures\IMG\left_2026_07_29_19_40_54_138.jpg, C:\Users\ayubb\Pictures\IMG\right_2026_07_29_19_40_54_138.jpg, 0, 1, 0, 20.01397
C:\Users\ayubb\Pictures\IMG\center_2026_07_29_19_40_54_242.jpg, C:\Users\ayubb\Pictures\IMG\left_2026_07_29_19_40_54_242.jpg, C:\Users\ayubb\Pictures\IMG\right_2026_07_29_19_40_54_242.jpg, 0, 1, 0, 21.02317
C:\Users\ayubb\Pictures\IMG\center_2026_07_29_19_40_54_342.jpg, C:\Users\ayubb\Pictures\IMG\left_2026_07_29_19_40_54_342.jpg, C:\Users\ayubb\Pictures\IMG\right_2026_07_29_19_40_54_342.jpg, 0, 1, 0, 22.02095
C:\Users\ayubb\Pictures\IMG\center_2026_07_29_19_40_54_442.jpg, C:\Users\ayubb\Pictures\IMG\left_2026_07_29_19_40_54_442.jpg, C:\Users\ayubb\Pictures\IMG\right_2026_07_29_19_40_54_442.jpg, 0, 1, 0, 23.00867
C:\Users\ayubb\Pictures\IMG\center_2026_07_29_19_40_54_543.jpg, C:\Users\ayubb\Pictures\IMG\left_2026_07_29_19_40_54_543.jpg, C:\Users\ayubb\Pictures\IMG\right_2026_07_29_19_40_54_543.jpg, 0, 1, 0, 23.98539
C:\Users\ayubb\Pictures\IMG\center_2026_07_29_19_40_54_644.jpg, C:\Users\ayubb\Pictures\IMG\left_2026_07_29_19_40_54_644.jpg, C:\Users\ayubb\Pictures\IMG\right_2026_07_29_19_40_54_644.jpg, 0, 1, 0, 24.95255
C:\Users\ayubb\Pictures\IMG\center_2026_07_29_19_40_54_748.jpg, C:\Users\ayubb\Pictures\IMG\left_2026_07_29_19_40_54_748.jpg, C:\Users\ayubb\Pictures\IMG\right_2026_07_29_19_40_54_748.jpg, 0, 1, 0, 25.90988
C:\Users\ayubb\Pictures\IMG\center_2026_07_29_19_40_54_848.jpg, C:\Users\ayubb\Pictures\IMG\left_2026_07_29_19_40_54_848.jpg, C:\Users\ayubb\Pictures\IMG\right_2026_07_29_19_40_54_848.jpg, 0, 1, 0, 26.85759
C:\Users\ayubb\Pictures\IMG\center_2026_07_29_19_40_54_950.jpg, C:\Users\ayubb\Pictures\IMG\left_2026_07_29_19_40_54_950.jpg, C:\Users\ayubb\Pictures\IMG\right_2026_07_29_19_40_54_950.jpg, 0, 1, 0, 27.79575
C:\Users\ayubb\Pictures\IMG\center_2026_07_29_19_40_55_053.jpg, C:\Users\ayubb\Pictures\IMG\left_2026_07_29_19_40_55_053.jpg, C:\Users\ayubb\Pictures\IMG\right_2026_07_29_19_40_55_053.jpg, 0, 1, 0, 28.72447
C:\Users\ayubb\Pictures\IMG\center_2026_07_29_19_40_55_153.jpg, C:\Users\ayubb\Pictures\IMG\left_2026_07_29_19_40_55_153.jpg, C:\Users\ayubb\Pictures\IMG\right_2026_07_29_19_40_55_153.jpg, 0, 1, 0, 29.64389
C:\Users\ayubb\Pictures\IMG\center_2026_07_29_19_40_55_255.jpg, C:\Users\ayubb\Pictures\IMG\left_2026_07_29_19_40_55_255.jpg, C:\Users\ayubb\Pictures\IMG\right_2026_07_29_19_40_55_255.jpg, 0.2546796, 1, 0, 30.17301
C:\Users\ayubb\Pictures\IMG\center_2026_07_29_19_40_55_355.jpg, C:\Users\ayubb\Pictures\IMG\left_2026_07_29_19_40_55_355.jpg, C:\Users\ayubb\Pictures\IMG\right_2026_07_29_19_40_55_355.jpg, 0.0515229, 1, 0, 30.19057
C:\Users\ayubb\Pictures\IMG\center_2026_07_29_19_40_55_457.jpg, C:\Users\ayubb\Pictures\IMG\left_2026_07_29_19_40_55_457.jpg, C:\Users\ayubb\Pictures\IMG\right_2026_07_29_19_40_55_457.jpg, 0, 1, 0, 30.19002
C:\Users\ayubb\Pictures\IMG\center_2026_07_29_19_40_55_557.jpg, C:\Users\ayubb\Pictures\IMG\left_2026_07_29_19_40_55_557.jpg, C:\Users\ayubb\Pictures\IMG\right_2026_07_29_19_40_55_557.jpg, 0, 1, 0, 30.19017
C:\Users\ayubb\Pictures\IMG\center_2026_07_29_19_40_55_659.jpg, C:\Users\ayubb\Pictures\IMG\left_2026_07_29_19_40_55_659.jpg, C:\Users\ayubb\Pictures\IMG\right_2026_07_29_19_40_55_659.jpg, 0, 1, 0, 30.19031
C:\Users\ayubb\Pictures\IMG\center_2026_07_29_19_40_55_760.jpg, C:\Users\ayubb\Pictures\IMG\left_2026_07_29_19_40_55_760.jpg, C:\Users\ayubb\Pictures\IMG\right_2026_07_29_19_40_55_760.jpg, 0, 1, 0, 30.19032
C:\Users\ayubb\Pictures\IMG\center_2026_07_29_19_40_55_861.jpg, C:\Users\ayubb\Pictures\IMG\left_2026_07_29_19_40_55_861.jpg, C:\Users\ayubb\Pictures\IMG\right_2026_07_29_19_40_55_861.jpg, 0, 1, 0, 30.19035
C:\Users\ayubb\Pictures\IMG\center_2026_07_29_19_40_55_964.jpg, C:\Users\ayubb\Pictures\IMG\left_2026_07_29_19_40_55_964.jpg, C:\Users\ayubb\Pictures\IMG\right_2026_07_29_19_40_55_964.jpg, 0, 1, 0, 30.19029
C:\Users\ayubb\Pictures\IMG\center_2026_07_29_19_40_56_068.jpg, C:\Users\ayubb\Pictures\IMG\left_2026_07_29_19_40_56_068.jpg, C:\Users\ayubb\Pictures\IMG\right_2026_07_29_19_40_56_068.jpg, 0, 1, 0, 30.19028
C:\Users\ayubb\Pictures\IMG\center_2026_07_29_19_40_56_171.jpg, C:\Users\ayubb\Pictures\IMG\left_2026_07_29_19_40_56_171.jpg, C:\Users\ayubb\Pictures\IMG\right_2026_07_29_19_40_56_171.jpg, 0, 1, 0, 30.19029
C:\Users\ayubb\Pictures\IMG\center_2026_07_29_19_40_56_270.jpg, C:\Users\ayubb\Pictures\IMG\left_2026_07_29_19_40_56_270.jpg, C:\Users\ayubb\Pictures\IMG\right_2026_07_29_19_40_56_270.jpg, 0, 1, 0, 30.19028
C:\Users\ayubb\Pictures\IMG\center_2026_07_29_19_40_56_372.jpg, C:\Users\ayubb\Pictures\IMG\left_2026_07_29_19_40_56_372.jpg, C:\Users\ayubb\Pictures\IMG\right_2026_07_29_19_40_56_372.jpg, 0, 1, 0, 30.1903
C:\Users\ayubb\Pictures\IMG\center_2026_07_29_19_40_56_472.jpg, C:\Users\ayubb\Pictures\IMG\left_2026_07_29_19_40_56_472.jpg, C:\Users\ayubb\Pictures\IMG\right_2026_07_29_19_40_56_472.jpg, 0, 1, 0, 30.19029
C:\Users\ayubb\Pictures\IMG\center_2026_07_29_19_40_56_573.jpg, C:\Users\ayubb\Pictures\IMG\left_2026_07_29_19_40_56_573.jpg, C:\Users\ayubb\Pictures\IMG\right_2026_07_29_19_40_56_573.jpg, 0, 1, 0, 30.1903
C:\Users\ayubb\Pictures\IMG\center_2026_07_29_19_40_56_674.jpg, C:\Users\ayubb\Pictures\IMG\left_2026_07_29_19_40_56_674.jpg, C:\Users\ayubb\Pictures\IMG\right_2026_07_29_19_40_56_674.jpg, 0, 1, 0, 30.1902
C:\Users\ayubb\Pictures\IMG\center_2026_07_29_19_40_56_773.jpg, C:\Users\ayubb\Pictures\IMG\left_2026_07_29_19_40_56_773.jpg, C:\Users\ayubb\Pictures\IMG\right_2026_07_29_19_40_56_773.jpg, 0, 1, 0, 30.19032
C:\Users\ayubb\Pictures\IMG\center_2026_07_29_19_40_56_876.jpg, C:\Users\ayubb\Pictures\IMG\left_2026_07_29_19_40_56_876.jpg, C:\Users\ayubb\Pictures\IMG\right_2026_07_29_19_40_56_876.jpg, 0, 1, 0, 30.19008
C:\Users\ayubb\Pictures\IMG\center_2026_07_29_19_40_56_975.jpg, C:\Users\ayubb\Pictures\IMG\left_2026_07_29_19_40_56_975.jpg, C:\Users\ayubb\Pictures\IMG\right_2026_07_29_19_40_56_975.jpg, 0, 1, 0, 30.19031
C:\Users\ayubb\Pictures\IMG\center_2026_07_29_19_40_57_077.jpg, C:\Users\ayubb\Pictures\IMG\left_2026_07_29_19_40_57_077.jpg, C:\Users\ayubb\Pictures\IMG\right_2026_07_29_19_40_57_077.jpg, 0, 1, 0, 30.19032
C:\Users\ayubb\Pictures\IMG\center_2026_07_29_19_40_57_177.jpg, C:\Users\ayubb\Pictures\IMG\left_2026_07_29_19_40_57_177.jpg, C:\Users\ayubb\Pictures\IMG\right_2026_07_29_19_40_57_177.jpg, 0, 1, 0, 30.19029
C:\Users\ayubb\Pictures\IMG\center_2026_07_29_19_40_57_279.jpg, C:\Users\ayubb\Pictures\IMG\left_2026_07_29_19_40_57_279.jpg, C:\Users\ayubb\Pictures\IMG\right_2026_07_29_19_40_57_279.jpg, 0, 1, 0, 30.19032
C:\Users\ayubb\Pictures\IMG\center_2026_07_29_19_40_57_381.jpg, C:\Users\ayubb\Pictures\IMG\left_2026_07_29_19_40_57_381.jpg, C:\Users\ayubb\Pictures\IMG\right_2026_07_29_19_40_57_381.jpg, 0, 1, 0, 30.19028
C:\Users\ayubb\Pictures\IMG\center_2026_07_29_19_40_57_482.jpg, C:\Users\ayubb\Pictures\IMG\left_2026_07_29_19_40_57_482.jpg, C:\Users\ayubb\Pictures\IMG\right_2026_07_29_19_40_57_482.jpg, 0, 1, 0, 30.1903
C:\Users\ayubb\Pictures\IMG\center_2026_07_29_19_40_57_583.jpg, C:\Users\ayubb\Pictures\IMG\left_2026_07_29_19_40_57_583.jpg, C:\Users\ayubb\Pictures\IMG\right_2026_07_29_19_40_57_583.jpg, 0, 1, 0, 30.1903
C:\Users\ayubb\Pictures\IMG\center_2026_07_29_19_40_57_686.jpg, C:\Users\ayubb\Pictures\IMG\left_2026_07_29_19_40_57_686.jpg, C:\Users\ayubb\Pictures\IMG\right_2026_07_29_19_40_57_686.jpg, 0, 1, 0, 30.19029
C:\Users\ayubb\Pictures\IMG\center_2026_07_29_19_40_57_787.jpg, C:\Users\ayubb\Pictures\IMG\left_2026_07_29_19_40_57_787.jpg, C:\Users\ayubb\Pictures\IMG\right_2026_07_29_19_40_57_787.jpg, 0, 1, 0, 30.19033
C:\Users\ayubb\Pictures\IMG\center_2026_07_29_19_40_57_889.jpg, C:\Users\ayubb\Pictures\IMG\left_2026_07_29_19_40_57_889.jpg, C:\Users\ayubb\Pictures\IMG\right_2026_07_29_19_40_57_889.jpg, 0, 1, 0, 30.19032
C:\Users\ayubb\Pictures\IMG\center_2026_07_29_19_40_57_993.jpg, C:\Users\ayubb\Pictures\IMG\left_2026_07_29_19_40_57_993.jpg, C:\Users\ayubb\Pictures\IMG\right_2026_07_29_19_40_57_993.jpg, 0, 1, 0, 30.19036
C:\Users\ayubb\Pictures\IMG\center_2026_07_29_19_40_58_095.jpg, C:\Users\ayubb\Pictures\IMG\left_2026_07_29_19_40_58_095.jpg, C:\Users\ayubb\Pictures\IMG\right_2026_07_29_19_40_58_095.jpg, 0.1988976, 1, 0, 30.17964
C:\Users\ayubb\Pictures\IMG\center_2026_07_29_19_40_58_195.jpg, C:\Users\ayubb\Pictures\IMG\left_2026_07_29_19_40_58_195.jpg, C:\Users\ayubb\Pictures\IMG\right_2026_07_29_19_40_58_195.jpg, 0.19506, 1, 0, 30.18789
C:\Users\ayubb\Pictures\IMG\center_2026_07_29_19_40_58_297.jpg, C:\Users\ayubb\Pictures\IMG\left_2026_07_29_19_40_58_297.jpg, C:\Users\ayubb\Pictures\IMG\right_2026_07_29_19_40_58_297.jpg, 0, 1, 0, 30.18947
C:\Users\ayubb\Pictures\IMG\center_2026_07_29_19_40_58_400.jpg, C:\Users\ayubb\Pictures\IMG\left_2026_07_29_19_40_58_400.jpg, C:\Users\ayubb\Pictures\IMG\right_2026_07_29_19_40_58_400.jpg, 0, 1, 0, 30.19021
C:\Users\ayubb\Pictures\IMG\center_2026_07_29_19_40_58_501.jpg, C:\Users\ayubb\Pictures\IMG\left_2026_07_29_19_40_58_501.jpg, C:\Users\ayubb\Pictures\IMG\right_2026_07_29_19_40_58_501.jpg, 0, 1, 0, 30.1903
C:\Users\ayubb\Pictures\IMG\center_2026_07_29_19_40_58_603.jpg, C:\Users\ayubb\Pictures\IMG\left_2026_07_29_19_40_58_603.jpg, C:\Users\ayubb\Pictures\IMG\right_2026_07_29_19_40_58_603.jpg, 0, 1, 0, 30.19028
C:\Users\ayubb\Pictures\IMG\center_2026_07_29_19_40_58_705.jpg, C:\Users\ayubb\Pictures\IMG\left_2026_07_29_19_40_58_705.jpg, C:\Users\ayubb\Pictures\IMG\right_2026_07_29_19_40_58_705.jpg, 0, 1, 0, 30.19032
C:\Users\ayubb\Pictures\IMG\center_2026_07_29_19_40_58_806.jpg, C:\Users\ayubb\Pictures\IMG\left_2026_07_29_19_40_58_806.jpg, C:\Users\ayubb\Pictures\IMG\right_2026_07_29_19_40_58_806.jpg, 0, 1, 0, 30.19029
C:\Users\ayubb\Pictures\IMG\center_2026_07_29_19_40_58_906.jpg, C:\Users\ayubb\Pictures\IMG\left_2026_07_29_19_40_58_906.jpg, C:\Users\ayubb\Pictures\IMG\right_2026_07_29_19_40_58_906.jpg, 0, 1, 0, 30.19026
C:\Users\ayubb\Pictures\IMG\center_2026_07_29_19_40_59_007.jpg, C:\Users\ayubb\Pictures\IMG\left_2026_07_29_19_40_59_007.jpg, C:\Users\ayubb\Pictures\IMG\right_2026_07_29_19_40_59_007.jpg, 0, 1, 0, 30.19029
C:\Users\ayubb\Pictures\IMG\center_2026_07_29_19_40_59_108.jpg, C:\Users\ayubb\Pictures\IMG\left_2026_07_29_19_40_59_108.jpg, C:\Users\ayubb\Pictures\IMG\right_2026_07_29_19_40_59_108.jpg, 0, 1, 0, 30.1903
C:\Users\ayubb\Pictures\IMG\center_2026_07_29_19_40_59_210.jpg, C:\Users\ayubb\Pictures\IMG\left_2026_07_29_19_40_59_210.jpg, C:\Users\ayubb\Pictures\IMG\right_2026_07_29_19_40_59_210.jpg, 0, 1, 0, 30.1903
C:\Users\ayubb\Pictures\IMG\center_2026_07_29_19_40_59_310.jpg, C:\Users\ayubb\Pictures\IMG\left_2026_07_29_19_40_59_310.jpg, C:\Users\ayubb\Pictures\IMG\right_2026_07_29_19_40_59_310.jpg, 0, 1, 0, 30.1903
C:\Users\ayubb\Pictures\IMG\center_2026_07_29_19_40_59_411.jpg, C:\Users\ayubb\Pictures\IMG\left_2026_07_29_19_40_59_411.jpg, C:\Users\ayubb\Pictures\IMG\right_2026_07_29_19_40_59_411.jpg, 0, 1, 0, 30.19034
C:\Users\ayubb\Pictures\IMG\center_2026_07_29_19_40_59_512.jpg, C:\Users\ayubb\Pictures\IMG\left_2026_07_29_19_40_59_512.jpg, C:\Users\ayubb\Pictures\IMG\right_2026_07_29_19_40_59_512.jpg, 0, 1, 0, 30.19027
C:\Users\ayubb\Pictures\IMG\center_2026_07_29_19_40_59_613.jpg, C:\Users\ayubb\Pictures\IMG\left_2026_07_29_19_40_59_613.jpg, C:\Users\ayubb\Pictures\IMG\right_2026_07_29_19_40_59_613.jpg, 0, 1, 0, 30.19036
C:\Users\ayubb\Pictures\IMG\center_2026_07_29_19_40_59_715.jpg, C:\Users\ayubb\Pictures\IMG\left_2026_07_29_19_40_59_715.jpg, C:\Users\ayubb\Pictures\IMG\right_2026_07_29_19_40_59_715.jpg, 0, 1, 0, 30.19031
C:\Users\ayubb\Pictures\IMG\center_2026_07_29_19_40_59_817.jpg, C:\Users\ayubb\Pictures\IMG\left_2026_07_29_19_40_59_817.jpg, C:\Users\ayubb\Pictures\IMG\right_2026_07_29_19_40_59_817.jpg, 0, 1, 0, 30.19029
C:\Users\ayubb\Pictures\IMG\center_2026_07_29_19_40_59_920.jpg, C:\Users\ayubb\Pictures\IMG\left_2026_07_29_19_40_59_920.jpg, C:\Users\ayubb\Pictures\IMG\right_2026_07_29_19_40_59_920.jpg, 0, 1, 0, 30.19033
C:\Users\ayubb\Pictures\IMG\center_2026_07_29_19_41_00_022.jpg, C:\Users\ayubb\Pictures\IMG\left_2026_07_29_19_41_00_022.jpg, C:\Users\ayubb\Pictures\IMG\right_2026_07_29_19_41_00_022.jpg, 0, 1, 0, 30.19032
C:\Users\ayubb\Pictures\IMG\center_2026_07_29_19_41_00_125.jpg, C:\Users\ayubb\Pictures\IMG\left_2026_07_29_19_41_00_125.jpg, C:\Users\ayubb\Pictures\IMG\right_2026_07_29_19_41_00_125.jpg, 0, 1, 0, 30.19031
C:\Users\ayubb\Pictures\IMG\center_2026_07_29_19_41_00_227.jpg, C:\Users\ayubb\Pictures\IMG\left_2026_07_29_19_41_00_227.jpg, C:\Users\ayubb\Pictures\IMG\right_2026_07_29_19_41_00_227.jpg, 0, 1, 0, 30.19034
C:\Users\ayubb\Pictures\IMG\center_2026_07_29_19_41_00_329.jpg, C:\Users\ayubb\Pictures\IMG\left_2026_07_29_19_41_00_329.jpg, C:\Users\ayubb\Pictures\IMG\right_2026_07_29_19_41_00_329.jpg, 0, 1, 0, 30.19032
C:\Users\ayubb\Pictures\IMG\center_2026_07_29_19_41_00_431.jpg, C:\Users\ayubb\Pictures\IMG\left_2026_07_29_19_41_00_431.jpg, C:\Users\ayubb\Pictures\IMG\right_2026_07_29_19_41_00_431.jpg, 0, 1, 0, 30.19029
C:\Users\ayubb\Pictures\IMG\center_2026_07_29_19_41_00_532.jpg, C:\Users\ayubb\Pictures\IMG\left_2026_07_29_19_41_00_532.jpg, C:\Users\ayubb\Pictures\IMG\right_2026_07_29_19_41_00_532.jpg, 0, 1, 0, 30.1903
C:\Users\ayubb\Pictures\IMG\center_2026_07_29_19_41_00_633.jpg, C:\Users\ayubb\Pictures\IMG\left_2026_07_29_19_41_00_633.jpg, C:\Users\ayubb\Pictures\IMG\right_2026_07_29_19_41_00_633.jpg, 0, 1, 0, 30.19031
C:\Users\ayubb\Pictures\IMG\center_2026_07_29_19_41_00_735.jpg, C:\Users\ayubb\Pictures\IMG\left_2026_07_29_19_41_00_735.jpg, C:\Users\ayubb\Pictures\IMG\right_2026_07_29_19_41_00_735.jpg, 0, 1, 0, 30.19031
C:\Users\ayubb\Pictures\IMG\center_2026_07_29_19_41_00_836.jpg, C:\Users\ayubb\Pictures\IMG\left_2026_07_29_19_41_00_836.jpg, C:\Users\ayubb\Pictures\IMG\right_2026_07_29_19_41_00_836.jpg, 0, 1, 0, 30.19028
C:\Users\ayubb\Pictures\IMG\center_2026_07_29_19_41_00_939.jpg, C:\Users\ayubb\Pictures\IMG\left_2026_07_29_19_41_00_939.jpg, C:\Users\ayubb\Pictures\IMG\right_2026_07_29_19_41_00_939.jpg, 0, 1, 0, 30.19031
C:\Users\ayubb\Pictures\IMG\center_2026_07_29_19_41_01_039.jpg, C:\Users\ayubb\Pictures\IMG\left_2026_07_29_19_41_01_039.jpg, C:\Users\ayubb\Pictures\IMG\right_2026_07_29_19_41_01_039.jpg, 0, 1, 0, 30.1903
C:\Users\ayubb\Pictures\IMG\center_2026_07_29_19_41_01_143.jpg, C:\Users\ayubb\Pictures\IMG\left_2026_07_29_19_41_01_143.jpg, C:\Users\ayubb\Pictures\IMG\right_2026_07_29_19_41_01_143.jpg, 0, 1, 0, 30.19032
C:\Users\ayubb\Pictures\IMG\center_2026_07_29_19_41_01_245.jpg, C:\Users\ayubb\Pictures\IMG\left_2026_07_29_19_41_01_245.jpg, C:\Users\ayubb\Pictures\IMG\right_2026_07_29_19_41_01_245.jpg, 0.236871, 1, 0, 30.17522
C:\Users\ayubb\Pictures\IMG\center_2026_07_29_19_41_01_345.jpg, C:\Users\ayubb\Pictures\IMG\left_2026_07_29_19_41_01_345.jpg, C:\Users\ayubb\Pictures\IMG\right_2026_07_29_19_41_01_345.jpg, 0, 1, 0, 30.18946
C:\Users\ayubb\Pictures\IMG\center_2026_07_29_19_41_01_448.jpg, C:\Users\ayubb\Pictures\IMG\left_2026_07_29_19_41_01_448.jpg, C:\Users\ayubb\Pictures\IMG\right_2026_07_29_19_41_01_448.jpg, 0, 1, 0, 30.19019
C:\Users\ayubb\Pictures\IMG\center_2026_07_29_19_41_01_549.jpg, C:\Users\ayubb\Pictures\IMG\left_2026_07_29_19_41_01_549.jpg, C:\Users\ayubb\Pictures\IMG\right_2026_07_29_19_41_01_549.jpg, 0.16989, 1, 0, 30.18359
C:\Users\ayubb\Pictures\IMG\center_2026_07_29_19_41_01_651.jpg, C:\Users\ayubb\Pictures\IMG\left_2026_07_29_19_41_01_651.jpg, C:\Users\ayubb\Pictures\IMG\right_2026_07_29_19_41_01_651.jpg, 0, 1, 0, 30.19004
C:\Users\ayubb\Pictures\IMG\center_2026_07_29_19_41_01_753.jpg, C:\Users\ayubb\Pictures\IMG\left_2026_07_29_19_41_01_753.jpg, C:\Users\ayubb\Pictures\IMG\right_2026_07_29_19_41_01_753.jpg, 0, 1, 0, 30.19025
C:\Users\ayubb\Pictures\IMG\center_2026_07_29_19_41_01_856.jpg, C:\Users\ayubb\Pictures\IMG\left_2026_07_29_19_41_01_856.jpg, C:\Users\ayubb\Pictures\IMG\right_2026_07_29_19_41_01_856.jpg, 0, 1, 0, 30.1903
C:\Users\ayubb\Pictures\IMG\center_2026_07_29_19_41_01_959.jpg, C:\Users\ayubb\Pictures\IMG\left_2026_07_29_19_41_01_959.jpg, C:\Users\ayubb\Pictures\IMG\right_2026_07_29_19_41_01_959.jpg, 0, 1, 0, 30.19029
C:\Users\ayubb\Pictures\IMG\center_2026_07_29_19_41_02_060.jpg, C:\Users\ayubb\Pictures\IMG\left_2026_07_29_19_41_02_060.jpg, C:\Users\ayubb\Pictures\IMG\right_2026_07_29_19_41_02_060.jpg, 0, 1, 0, 30.19029
C:\Users\ayubb\Pictures\IMG\center_2026_07_29_19_41_02_160.jpg, C:\Users\ayubb\Pictures\IMG\left_2026_07_29_19_41_02_160.jpg, C:\Users\ayubb\Pictures\IMG\right_2026_07_29_19_41_02_160.jpg, 0, 1, 0, 30.1902
C:\Users\ayubb\Pictures\IMG\center_2026_07_29_19_41_02_265.jpg, C:\Users\ayubb\Pictures\IMG\left_2026_07_29_19_41_02_265.jpg, C:\Users\ayubb\Pictures\IMG\right_2026_07_29_19_41_02_265.jpg, 0, 1, 0, 30.19028
C:\Users\ayubb\Pictures\IMG\center_2026_07_29_19_41_02_365.jpg, C:\Users\ayubb\Pictures\IMG\left_2026_07_29_19_41_02_365.jpg, C:\Users\ayubb\Pictures\IMG\right_2026_07_29_19_41_02_365.jpg, 0, 1, 0, 30.19038
C:\Users\ayubb\Pictures\IMG\center_2026_07_29_19_41_02_465.jpg, C:\Users\ayubb\Pictures\IMG\left_2026_07_29_19_41_02_465.jpg, C:\Users\ayubb\Pictures\IMG\right_2026_07_29_19_41_02_465.jpg, 0, 1, 0, 30.1903
C:\Users\ayubb\Pictures\IMG\center_2026_07_29_19_41_02_567.jpg, C:\Users\ayubb\Pictures\IMG\left_2026_07_29_19_41_02_567.jpg, C:\Users\ayubb\Pictures\IMG\right_2026_07_29_19_41_02_567.jpg, 0, 1, 0, 30.19031
C:\Users\ayubb\Pictures\IMG\center_2026_07_29_19_41_02_668.jpg, C:\Users\ayubb\Pictures\IMG\left_2026_07_29_19_41_02_668.jpg, C:\Users\ayubb\Pictures\IMG\right_2026_07_29_19_41_02_668.jpg, 0, 1, 0, 30.1903
C:\Users\ayubb\Pictures\IMG\center_2026_07_29_19_41_02_768.jpg, C:\Users\ayubb\Pictures\IMG\left_2026_07_29_19_41_02_768.jpg, C:\Users\ayubb\Pictures\IMG\right_2026_07_29_19_41_02_768.jpg, 0, 1, 0, 30.19029
C:\Users\ayubb\Pictures\IMG\center_2026_07_29_19_41_02_871.jpg, C:\Users\ayubb\Pictures\IMG\left_2026_07_29_19_41_02_871.jpg, C:\Users\ayubb\Pictures\IMG\right_2026_07_29_19_41_02_871.jpg, 0, 1, 0, 30.19031
C:\Users\ayubb\Pictures\IMG\center_2026_07_29_19_41_02_977.jpg, C:\Users\ayubb\Pictures\IMG\left_2026_07_29_19_41_02_977.jpg, C:\Users\ayubb\Pictures\IMG\right_2026_07_29_19_41_02_977.jpg, 0, 1, 0, 30.19027
C:\Users\ayubb\Pictures\IMG\center_2026_07_29_19_41_03_078.jpg, C:\Users\ayubb\Pictures\IMG\left_2026_07_29_19_41_03_078.jpg, C:\Users\ayubb\Pictures\IMG\right_2026_07_29_19_41_03_078.jpg, 0, 1, 0, 30.19031
C:\Users\ayubb\Pictures\IMG\center_2026_07_29_19_41_03_182.jpg, C:\Users\ayubb\Pictures\IMG\left_2026_07_29_19_41_03_182.jpg, C:\Users\ayubb\Pictures\IMG\right_2026_07_29_19_41_03_182.jpg, 0, 1, 0, 30.19031
C:\Users\ayubb\Pictures\IMG\center_2026_07_29_19_41_03_285.jpg, C:\Users\ayubb\Pictures\IMG\left_2026_07_29_19_41_03_285.jpg, C:\Users\ayubb\Pictures\IMG\right_2026_07_29_19_41_03_285.jpg, 0, 1, 0, 30.19029
C:\Users\ayubb\Pictures\IMG\center_2026_07_29_19_41_03_387.jpg, C:\Users\ayubb\Pictures\IMG\left_2026_07_29_19_41_03_387.jpg, C:\Users\ayubb\Pictures\IMG\right_2026_07_29_19_41_03_387.jpg, 0, 1, 0, 30.19031
C:\Users\ayubb\Pictures\IMG\center_2026_07_29_19_41_03_491.jpg, C:\Users\ayubb\Pictures\IMG\left_2026_07_29_19_41_03_491.jpg, C:\Users\ayubb\Pictures\IMG\right_2026_07_29_19_41_03_491.jpg, 0, 1, 0, 30.19031
C:\Users\ayubb\Pictures\IMG\center_2026_07_29_19_41_03_593.jpg, C:\Users\ayubb\Pictures\IMG\left_2026_07_29_19_41_03_593.jpg, C:\Users\ayubb\Pictures\IMG\right_2026_07_29_19_41_03_593.jpg, 0.2081772, 1, 0, 30.17872
C:\Users\ayubb\Pictures\IMG\center_2026_07_29_19_41_03_694.jpg, C:\Users\ayubb\Pictures\IMG\left_2026_07_29_19_41_03_694.jpg, C:\Users\ayubb\Pictures\IMG\right_2026_07_29_19_41_03_694.jpg, 0, 1, 0, 30.18974
C:\Users\ayubb\Pictures\IMG\center_2026_07_29_19_41_03_795.jpg, C:\Users\ayubb\Pictures\IMG\left_2026_07_29_19_41_03_795.jpg, C:\Users\ayubb\Pictures\IMG\right_2026_07_29_19_41_03_795.jpg, 0, 1, 0, 30.19015
C:\Users\ayubb\Pictures\IMG\center_2026_07_29_19_41_03_898.jpg, C:\Users\ayubb\Pictures\IMG\left_2026_07_29_19_41_03_898.jpg, C:\Users\ayubb\Pictures\IMG\right_2026_07_29_19_41_03_898.jpg, 0, 1, 0, 30.19028
C:\Users\ayubb\Pictures\IMG\center_2026_07_29_19_41_04_000.jpg, C:\Users\ayubb\Pictures\IMG\left_2026_07_29_19_41_04_000.jpg, C:\Users\ayubb\Pictures\IMG\right_2026_07_29_19_41_04_000.jpg, 0, 1, 0, 30.19031
C:\Users\ayubb\Pictures\IMG\center_2026_07_29_19_41_04_100.jpg, C:\Users\ayubb\Pictures\IMG\left_2026_07_29_19_41_04_100.jpg, C:\Users\ayubb\Pictures\IMG\right_2026_07_29_19_41_04_100.jpg, 0.0505791, 1, 0, 30.18973
C:\Users\ayubb\Pictures\IMG\center_2026_07_29_19_41_04_202.jpg, C:\Users\ayubb\Pictures\IMG\left_2026_07_29_19_41_04_202.jpg, C:\Users\ayubb\Pictures\IMG\right_2026_07_29_19_41_04_202.jpg, 0.2277864, 1, 0, 30.17747
C:\Users\ayubb\Pictures\IMG\center_2026_07_29_19_41_04_303.jpg, C:\Users\ayubb\Pictures\IMG\left_2026_07_29_19_41_04_303.jpg, C:\Users\ayubb\Pictures\IMG\right_2026_07_29_19_41_04_303.jpg, 0, 1, 0, 30.18906
C:\Users\ayubb\Pictures\IMG\center_2026_07_29_19_41_04_405.jpg, C:\Users\ayubb\Pictures\IMG\left_2026_07_29_19_41_04_405.jpg, C:\Users\ayubb\Pictures\IMG\right_2026_07_29_19_41_04_405.jpg, 0, 1, 0, 30.19015
C:\Users\ayubb\Pictures\IMG\center_2026_07_29_19_41_04_505.jpg, C:\Users\ayubb\Pictures\IMG\left_2026_07_29_19_41_04_505.jpg, C:\Users\ayubb\Pictures\IMG\right_2026_07_29_19_41_04_505.jpg, 0, 1, 0, 30.19027
C:\Users\ayubb\Pictures\IMG\center_2026_07_29_19_41_04_605.jpg, C:\Users\ayubb\Pictures\IMG\left_2026_07_29_19_41_04_605.jpg, C:\Users\ayubb\Pictures\IMG\right_2026_07_29_19_41_04_605.jpg, 0, 1, 0, 30.19029
C:\Users\ayubb\Pictures\IMG\center_2026_07_29_19_41_04_708.jpg, C:\Users\ayubb\Pictures\IMG\left_2026_07_29_19_41_04_708.jpg, C:\Users\ayubb\Pictures\IMG\right_2026_07_29_19_41_04_708.jpg, 0, 1, 0, 30.19028
C:\Users\ayubb\Pictures\IMG\center_2026_07_29_19_41_04_807.jpg, C:\Users\ayubb\Pictures\IMG\left_2026_07_29_19_41_04_807.jpg, C:\Users\ayubb\Pictures\IMG\right_2026_07_29_19_41_04_807.jpg, 0, 1, 0, 30.19029
C:\Users\ayubb\Pictures\IMG\center_2026_07_29_19_41_04_909.jpg, C:\Users\ayubb\Pictures\IMG\left_2026_07_29_19_41_04_909.jpg, C:\Users\ayubb\Pictures\IMG\right_2026_07_29_19_41_04_909.jpg, 0, 1, 0, 30.19028
C:\Users\ayubb\Pictures\IMG\center_2026_07_29_19_41_05_013.jpg, C:\Users\ayubb\Pictures\IMG\left_2026_07_29_19_41_05_013.jpg, C:\Users\ayubb\Pictures\IMG\right_2026_07_29_19_41_05_013.jpg, 0, 1, 0, 30.19057
C:\Users\ayubb\Pictures\IMG\center_2026_07_29_19_41_05_114.jpg, C:\Users\ayubb\Pictures\IMG\left_2026_07_29_19_41_05_114.jpg, C:\Users\ayubb\Pictures\IMG\right_2026_07_29_19_41_05_114.jpg, 0, 1, 0, 30.19029
C:\Users\ayubb\Pictures\IMG\center_2026_07_29_19_41_05_215.jpg, C:\Users\ayubb\Pictures\IMG\left_2026_07_29_19_41_05_215.jpg, C:\Users\ayubb\Pictures\IMG\right_2026_07_29_19_41_05_215.jpg, 0, 1, 0, 30.19029
C:\Users\ayubb\Pictures\IMG\center_2026_07_29_19_41_05_317.jpg, C:\Users\ayubb\Pictures\IMG\left_2026_07_29_19_41_05_317.jpg, C:\Users\ayubb\Pictures\IMG\right_2026_07_29_19_41_05_317.jpg, 0, 1, 0, 30.19029
C:\Users\ayubb\Pictures\IMG\center_2026_07_29_19_41_05_417.jpg, C:\Users\ayubb\Pictures\IMG\left_2026_07_29_19_41_05_417.jpg, C:\Users\ayubb\Pictures\IMG\right_2026_07_29_19_41_05_417.jpg, 0, 1, 0, 30.19031
C:\Users\ayubb\Pictures\IMG\center_2026_07_29_19_41_05_517.jpg, C:\Users\ayubb\Pictures\IMG\left_2026_07_29_19_41_05_517.jpg, C:\Users\ayubb\Pictures\IMG\right_2026_07_29_19_41_05_517.jpg, 0, 1, 0, 30.19028
C:\Users\ayubb\Pictures\IMG\center_2026_07_29_19_41_05_618.jpg, C:\Users\ayubb\Pictures\IMG\left_2026_07_29_19_41_05_618.jpg, C:\Users\ayubb\Pictures\IMG\right_2026_07_29_19_41_05_618.jpg, 0, 1, 0, 30.19029
C:\Users\ayubb\Pictures\IMG\center_2026_07_29_19_41_05_721.jpg, C:\Users\ayubb\Pictures\IMG\left_2026_07_29_19_41_05_721.jpg, C:\Users\ayubb\Pictures\IMG\right_2026_07_29_19_41_05_721.jpg, 0, 1, 0, 30.1903
C:\Users\ayubb\Pictures\IMG\center_2026_07_29_19_41_05_821.jpg, C:\Users\ayubb\Pictures\IMG\left_2026_07_29_19_41_05_821.jpg, C:\Users\ayubb\Pictures\IMG\right_2026_07_29_19_41_05_821.jpg, 0.1241448, 1, 0, 30.18527
C:\Users\ayubb\Pictures\IMG\center_2026_07_29_19_41_05_922.jpg, C:\Users\ayubb\Pictures\IMG\left_2026_07_29_19_41_05_922.jpg, C:\Users\ayubb\Pictures\IMG\right_2026_07_29_19_41_05_922.jpg, 0, 1, 0, 30.19018
C:\Users\ayubb\Pictures\IMG\center_2026_07_29_19_41_06_024.jpg, C:\Users\ayubb\Pictures\IMG\left_2026_07_29_19_41_06_024.jpg, C:\Users\ayubb\Pictures\IMG\right_2026_07_29_19_41_06_024.jpg, 0.09119701, 1, 0, 30.18874
C:\Users\ayubb\Pictures\IMG\center_2026_07_29_19_41_06_124.jpg, C:\Users\ayubb\Pictures\IMG\left_2026_07_29_19_41_06_124.jpg, C:\Users\ayubb\Pictures\IMG\right_2026_07_29_19_41_06_124.jpg, 0.01947451, 1, 0, 30.1904
C:\Users\ayubb\Pictures\IMG\center_2026_07_29_19_41_06_224.jpg, C:\Users\ayubb\Pictures\IMG\left_2026_07_29_19_41_06_224.jpg, C:\Users\ayubb\Pictures\IMG\right_2026_07_29_19_41_06_224.jpg, 0, 1, 0, 30.19017
C:\Users\ayubb\Pictures\IMG\center_2026_07_29_19_41_06_324.jpg, C:\Users\ayubb\Pictures\IMG\left_2026_07_29_19_41_06_324.jpg, C:\Users\ayubb\Pictures\IMG\right_2026_07_29_19_41_06_324.jpg, 0, 1, 0, 30.19028
C:\Users\ayubb\Pictures\IMG\center_2026_07_29_19_41_06_426.jpg, C:\Users\ayubb\Pictures\IMG\left_2026_07_29_19_41_06_426.jpg, C:\Users\ayubb\Pictures\IMG\right_2026_07_29_19_41_06_426.jpg, 0, 1, 0, 30.19031
C:\Users\ayubb\Pictures\IMG\center_2026_07_29_19_41_06_528.jpg, C:\Users\ayubb\Pictures\IMG\left_2026_07_29_19_41_06_528.jpg, C:\Users\ayubb\Pictures\IMG\right_2026_07_29_19_41_06_528.jpg, 0, 1, 0, 30.19029
C:\Users\ayubb\Pictures\IMG\center_2026_07_29_19_41_06_630.jpg, C:\Users\ayubb\Pictures\IMG\left_2026_07_29_19_41_06_630.jpg, C:\Users\ayubb\Pictures\IMG\right_2026_07_29_19_41_06_630.jpg, 0, 1, 0, 30.19032
C:\Users\ayubb\Pictures\IMG\center_2026_07_29_19_41_06_731.jpg, C:\Users\ayubb\Pictures\IMG\left_2026_07_29_19_41_06_731.jpg, C:\Users\ayubb\Pictures\IMG\right_2026_07_29_19_41_06_731.jpg, 0, 1, 0, 30.19031
C:\Users\ayubb\Pictures\IMG\center_2026_07_29_19_41_06_833.jpg, C:\Users\ayubb\Pictures\IMG\left_2026_07_29_19_41_06_833.jpg, C:\Users\ayubb\Pictures\IMG\right_2026_07_29_19_41_06_833.jpg, 0, 1, 0, 30.19029
C:\Users\ayubb\Pictures\IMG\center_2026_07_29_19_41_06_935.jpg, C:\Users\ayubb\Pictures\IMG\left_2026_07_29_19_41_06_935.jpg, C:\Users\ayubb\Pictures\IMG\right_2026_07_29_19_41_06_935.jpg, 0, 1, 0, 30.1903
C:\Users\ayubb\Pictures\IMG\center_2026_07_29_19_41_07_038.jpg, C:\Users\ayubb\Pictures\IMG\left_2026_07_29_19_41_07_038.jpg, C:\Users\ayubb\Pictures\IMG\right_2026_07_29_19_41_07_038.jpg, 0, 1, 0, 30.19028
C:\Users\ayubb\Pictures\IMG\center_2026_07_29_19_41_07_140.jpg, C:\Users\ayubb\Pictures\IMG\left_2026_07_29_19_41_07_140.jpg, C:\Users\ayubb\Pictures\IMG\right_2026_07_29_19_41_07_140.jpg, 0, 1, 0, 30.1903
C:\Users\ayubb\Pictures\IMG\center_2026_07_29_19_41_07_243.jpg, C:\Users\ayubb\Pictures\IMG\left_2026_07_29_19_41_07_243.jpg, C:\Users\ayubb\Pictures\IMG\right_2026_07_29_19_41_07_243.jpg, 0, 1, 0, 30.19031
C:\Users\ayubb\Pictures\IMG\center_2026_07_29_19_41_07_345.jpg, C:\Users\ayubb\Pictures\IMG\left_2026_07_29_19_41_07_345.jpg, C:\Users\ayubb\Pictures\IMG\right_2026_07_29_19_41_07_345.jpg, 0, 1, 0, 30.1903
C:\Users\ayubb\Pictures\IMG\center_2026_07_29_19_41_07_449.jpg, C:\Users\ayubb\Pictures\IMG\left_2026_07_29_19_41_07_449.jpg, C:\Users\ayubb\Pictures\IMG\right_2026_07_29_19_41_07_449.jpg, 0, 1, 0, 30.19028
C:\Users\ayubb\Pictures\IMG\center_2026_07_29_19_41_07_549.jpg, C:\Users\ayubb\Pictures\IMG\left_2026_07_29_19_41_07_549.jpg, C:\Users\ayubb\Pictures\IMG\right_2026_07_29_19_41_07_549.jpg, 0, 1, 0, 30.1903
C:\Users\ayubb\Pictures\IMG\center_2026_07_29_19_41_07_653.jpg, C:\Users\ayubb\Pictures\IMG\left_2026_07_29_19_41_07_653.jpg, C:\Users\ayubb\Pictures\IMG\right_2026_07_29_19_41_07_653.jpg, 0, 1, 0, 30.19031
C:\Users\ayubb\Pictures\IMG\center_2026_07_29_19_41_07_754.jpg, C:\Users\ayubb\Pictures\IMG\left_2026_07_29_19_41_07_754.jpg, C:\Users\ayubb\Pictures\IMG\right_2026_07_29_19_41_07_754.jpg, 0, 1, 0, 30.19031
C:\Users\ayubb\Pictures\IMG\center_2026_07_29_19_41_07_855.jpg, C:\Users\ayubb\Pictures\IMG\left_2026_07_29_19_41_07_855.jpg, C:\Users\ayubb\Pictures\IMG\right_2026_07_29_19_41_07_855.jpg, 0, 1, 0, 30.1903
C:\Users\ayubb\Pictures\IMG\center_2026_07_29_19_41_07_957.jpg, C:\Users\ayubb\Pictures\IMG\left_2026_07_29_19_41_07_957.jpg, C:\Users\ayubb\Pictures\IMG\right_2026_07_29_19_41_07_957.jpg, 0, 1, 0, 30.19031
C:\Users\ayubb\Pictures\IMG\center_2026_07_29_19_41_08_064.jpg, C:\Users\ayubb\Pictures\IMG\left_2026_07_29_19_41_08_064.jpg, C:\Users\ayubb\Pictures\IMG\right_2026_07_29_19_41_08_064.jpg, 0.1243083, 1, 0, 30.18591
C:\Users\ayubb\Pictures\IMG\center_2026_07_29_19_41_08_164.jpg, C:\Users\ayubb\Pictures\IMG\left_2026_07_29_19_41_08_164.jpg, C:\Users\ayubb\Pictures\IMG\right_2026_07_29_19_41_08_164.jpg, 0, 1, 0, 30.19024
C:\Users\ayubb\Pictures\IMG\center_2026_07_29_19_41_08_267.jpg, C:\Users\ayubb\Pictures\IMG\left_2026_07_29_19_41_08_267.jpg, C:\Users\ayubb\Pictures\IMG\right_2026_07_29_19_41_08_267.jpg, 0, 1, 0, 30.19029
C:\Users\ayubb\Pictures\IMG\center_2026_07_29_19_41_08_367.jpg, C:\Users\ayubb\Pictures\IMG\left_2026_07_29_19_41_08_367.jpg, C:\Users\ayubb\Pictures\IMG\right_2026_07_29_19_41_08_367.jpg, 0, 1, 0, 30.19028
C:\Users\ayubb\Pictures\IMG\center_2026_07_29_19_41_08_470.jpg, C:\Users\ayubb\Pictures\IMG\left_2026_07_29_19_41_08_470.jpg, C:\Users\ayubb\Pictures\IMG\right_2026_07_29_19_41_08_470.jpg, 0, 1, 0, 30.1903
C:\Users\ayubb\Pictures\IMG\center_2026_07_29_19_41_08_571.jpg, C:\Users\ayubb\Pictures\IMG\left_2026_07_29_19_41_08_571.jpg, C:\Users\ayubb\Pictures\IMG\right_2026_07_29_19_41_08_571.jpg, 0, 1, 0, 30.19029
C:\Users\ayubb\Pictures\IMG\center_2026_07_29_19_41_08_674.jpg, C:\Users\ayubb\Pictures\IMG\left_2026_07_29_19_41_08_674.jpg, C:\Users\ayubb\Pictures\IMG\right_2026_07_29_19_41_08_674.jpg, 0, 1, 0, 30.19031
C:\Users\ayubb\Pictures\IMG\center_2026_07_29_19_41_08_774.jpg, C:\Users\ayubb\Pictures\IMG\left_2026_07_29_19_41_08_774.jpg, C:\Users\ayubb\Pictures\IMG\right_2026_07_29_19_41_08_774.jpg, 0, 1, 0, 30.19029
C:\Users\ayubb\Pictures\IMG\center_2026_07_29_19_41_08_878.jpg, C:\Users\ayubb\Pictures\IMG\left_2026_07_29_19_41_08_878.jpg, C:\Users\ayubb\Pictures\IMG\right_2026_07_29_19_41_08_878.jpg, 0, 1, 0, 30.19029
C:\Users\ayubb\Pictures\IMG\center_2026_07_29_19_41_08_978.jpg, C:\Users\ayubb\Pictures\IMG\left_2026_07_29_19_41_08_978.jpg, C:\Users\ayubb\Pictures\IMG\right_2026_07_29_19_41_08_978.jpg, 0, 1, 0, 30.19029
C:\Users\ayubb\Pictures\IMG\center_2026_07_29_19_41_09_082.jpg, C:\Users\ayubb\Pictures\IMG\left_2026_07_29_19_41_09_082.jpg, C:\Users\ayubb\Pictures\IMG\right_2026_07_29_19_41_09_082.jpg, 0.2531016, 1, 0, 30.17339
C:\Users\ayubb\Pictures\IMG\center_2026_07_29_19_41_09_184.jpg, C:\Users\ayubb\Pictures\IMG\left_2026_07_29_19_41_09_184.jpg, C:\Users\ayubb\Pictures\IMG\right_2026_07_29_19_41_09_184.jpg, 0, 1, 0, 30.18963
C:\Users\ayubb\Pictures\IMG\center_2026_07_29_19_41_09_286.jpg, C:\Users\ayubb\Pictures\IMG\left_2026_07_29_19_41_09_286.jpg, C:\Users\ayubb\Pictures\IMG\right_2026_07_29_19_41_09_286.jpg, 0, 1, 0, 30.19015
C:\Users\ayubb\Pictures\IMG\center_2026_07_29_19_41_09_389.jpg, C:\Users\ayubb\Pictures\IMG\left_2026_07_29_19_41_09_389.jpg, C:\Users\ayubb\Pictures\IMG\right_2026_07_29_19_41_09_389.jpg, 0, 1, 0, 30.19028
C:\Users\ayubb\Pictures\IMG\center_2026_07_29_19_41_09_491.jpg, C:\Users\ayubb\Pictures\IMG\left_2026_07_29_19_41_09_491.jpg, C:\Users\ayubb\Pictures\IMG\right_2026_07_29_19_41_09_491.jpg, 0, 1, 0, 30.1903
C:\Users\ayubb\Pictures\IMG\center_2026_07_29_19_41_09_596.jpg, C:\Users\ayubb\Pictures\IMG\left_2026_07_29_19_41_09_596.jpg, C:\Users\ayubb\Pictures\IMG\right_2026_07_29_19_41_09_596.jpg, 0.1758033, 1, 0, 30.1819
C:\Users\ayubb\Pictures\IMG\center_2026_07_29_19_41_09_698.jpg, C:\Users\ayubb\Pictures\IMG\left_2026_07_29_19_41_09_698.jpg, C:\Users\ayubb\Pictures\IMG\right_2026_07_29_19_41_09_698.jpg, 0, 1, 0, 30.19001
C:\Users\ayubb\Pictures\IMG\center_2026_07_29_19_41_09_799.jpg, C:\Users\ayubb\Pictures\IMG\left_2026_07_29_19_41_09_799.jpg, C:\Users\ayubb\Pictures\IMG\right_2026_07_29_19_41_09_799.jpg, 0, 1, 0, 30.19026
C:\Users\ayubb\Pictures\IMG\center_2026_07_29_19_41_09_901.jpg, C:\Users\ayubb\Pictures\IMG\left_2026_07_29_19_41_09_901.jpg, C:\Users\ayubb\Pictures\IMG\right_2026_07_29_19_41_09_901.jpg, 0, 1, 0, 30.1903
C:\Users\ayubb\Pictures\IMG\center_2026_07_29_19_41_10_003.jpg, C:\Users\ayubb\Pictures\IMG\left_2026_07_29_19_41_10_003.jpg, C:\Users\ayubb\Pictures\IMG\right_2026_07_29_19_41_10_003.jpg, 0, 1, 0, 30.19029
C:\Users\ayubb\Pictures\IMG\center_2026_07_29_19_41_10_106.jpg, C:\Users\ayubb\Pictures\IMG\left_2026_07_29_19_41_10_106.jpg, C:\Users\ayubb\Pictures\IMG\right_2026_07_29_19_41_10_106.jpg, 0, 1, 0, 30.19029
C:\Users\ayubb\Pictures\IMG\center_2026_07_29_19_41_10_210.jpg, C:\Users\ayubb\Pictures\IMG\left_2026_07_29_19_41_10_210.jpg, C:\Users\ayubb\Pictures\IMG\right_2026_07_29_19_41_10_210.jpg, 0, 1, 0, 30.19031
C:\Users\ayubb\Pictures\IMG\center_2026_07_29_19_41_10_313.jpg, C:\Users\ayubb\Pictures\IMG\left_2026_07_29_19_41_10_313.jpg, C:\Users\ayubb\Pictures\IMG\right_2026_07_29_19_41_10_313.jpg, 0.1941825, 1, 0, 30.18
C:\Users\ayubb\Pictures\IMG\center_2026_07_29_19_41_10_417.jpg, C:\Users\ayubb\Pictures\IMG\left_2026_07_29_19_41_10_417.jpg, C:\Users\ayubb\Pictures\IMG\right_2026_07_29_19_41_10_417.jpg, 0, 1, 0, 30.19011
C:\Users\ayubb\Pictures\IMG\center_2026_07_29_19_41_10_519.jpg, C:\Users\ayubb\Pictures\IMG\left_2026_07_29_19_41_10_519.jpg, C:\Users\ayubb\Pictures\IMG\right_2026_07_29_19_41_10_519.jpg, 0, 1, 0, 30.19025
C:\Users\ayubb\Pictures\IMG\center_2026_07_29_19_41_10_621.jpg, C:\Users\ayubb\Pictures\IMG\left_2026_07_29_19_41_10_621.jpg, C:\Users\ayubb\Pictures\IMG\right_2026_07_29_19_41_10_621.jpg, 0.0539508, 1, 0, 30.18975
C:\Users\ayubb\Pictures\IMG\center_2026_07_29_19_41_10_721.jpg, C:\Users\ayubb\Pictures\IMG\left_2026_07_29_19_41_10_721.jpg, C:\Users\ayubb\Pictures\IMG\right_2026_07_29_19_41_10_721.jpg, 0.2192124, 1, 0, 30.17958
C:\Users\ayubb\Pictures\IMG\center_2026_07_29_19_41_10_821.jpg, C:\Users\ayubb\Pictures\IMG\left_2026_07_29_19_41_10_821.jpg, C:\Users\ayubb\Pictures\IMG\right_2026_07_29_19_41_10_821.jpg, 0, 1, 0, 30.1893
C:\Users\ayubb\Pictures\IMG\center_2026_07_29_19_41_10_921.jpg, C:\Users\ayubb\Pictures\IMG\left_2026_07_29_19_41_10_921.jpg, C:\Users\ayubb\Pictures\IMG\right_2026_07_29_19_41_10_921.jpg, 0, 1, 0, 30.19017
C:\Users\ayubb\Pictures\IMG\center_2026_07_29_19_41_11_025.jpg, C:\Users\ayubb\Pictures\IMG\left_2026_07_29_19_41_11_025.jpg, C:\Users\ayubb\Pictures\IMG\right_2026_07_29_19_41_11_025.jpg, 0, 1, 0, 30.19029
C:\Users\ayubb\Pictures\IMG\center_2026_07_29_19_41_11_127.jpg, C:\Users\ayubb\Pictures\IMG\left_2026_07_29_19_41_11_127.jpg, C:\Users\ayubb\Pictures\IMG\right_2026_07_29_19_41_11_127.jpg, 0, 1, 0, 30.19029
C:\Users\ayubb\Pictures\IMG\center_2026_07_29_19_41_11_230.jpg, C:\Users\ayubb\Pictures\IMG\left_2026_07_29_19_41_11_230.jpg, C:\Users\ayubb\Pictures\IMG\right_2026_07_29_19_41_11_230.jpg, 0, 1, 0, 30.19031
C:\Users\ayubb\Pictures\IMG\center_2026_07_29_19_41_11_333.jpg, C:\Users\ayubb\Pictures\IMG\left_2026_07_29_19_41_11_333.jpg, C:\Users\ayubb\Pictures\IMG\right_2026_07_29_19_41_11_333.jpg, 0, 1, 0, 30.19031
C:\Users\ayubb\Pictures\IMG\center_2026_07_29_19_41_11_436.jpg, C:\Users\ayubb\Pictures\IMG\left_2026_07_29_19_41_11_436.jpg, C:\Users\ayubb\Pictures\IMG\right_2026_07_29_19_41_11_436.jpg, 0, 1, 0, 30.19029
C:\Users\ayubb\Pictures\IMG\center_2026_07_29_19_41_11_538.jpg, C:\Users\ayubb\Pictures\IMG\left_2026_07_29_19_41_11_538.jpg, C:\Users\ayubb\Pictures\IMG\right_2026_07_29_19_41_11_538.jpg, 0, 1, 0, 30.19029
C:\Users\ayubb\Pictures\IMG\center_2026_07_29_19_41_11_640.jpg, C:\Users\ayubb\Pictures\IMG\left_2026_07_29_19_41_11_640.jpg, C:\Users\ayubb\Pictures\IMG\right_2026_07_29_19_41_11_640.jpg, 0, 1, 0, 30.19028
C:\Users\ayubb\Pictures\IMG\center_2026_07_29_19_41_11_743.jpg, C:\Users\ayubb\Pictures\IMG\left_2026_07_29_19_41_11_743.jpg, C:\Users\ayubb\Pictures\IMG\right_2026_07_29_19_41_11_743.jpg, 0, 1, 0, 30.19029
C:\Users\ayubb\Pictures\IMG\center_2026_07_29_19_41_11_844.jpg, C:\Users\ayubb\Pictures\IMG\left_2026_07_29_19_41_11_844.jpg, C:\Users\ayubb\Pictures\IMG\right_2026_07_29_19_41_11_844.jpg, 0, 1, 0, 30.19029
C:\Users\ayubb\Pictures\IMG\center_2026_07_29_19_41_11_944.jpg, C:\Users\ayubb\Pictures\IMG\left_2026_07_29_19_41_11_944.jpg, C:\Users\ayubb\Pictures\IMG\right_2026_07_29_19_41_11_944.jpg, 0, 1, 0, 30.19031
C:\Users\ayubb\Pictures\IMG\center_2026_07_29_19_41_12_046.jpg, C:\Users\ayubb\Pictures\IMG\left_2026_07_29_19_41_12_046.jpg, C:\Users\ayubb\Pictures\IMG\right_2026_07_29_19_41_12_046.jpg, 0, 1, 0, 30.1903
C:\Users\ayubb\Pictures\IMG\center_2026_07_29_19_41_12_147.jpg, C:\Users\ayubb\Pictures\IMG\left_2026_07_29_19_41_12_147.jpg, C:\Users\ayubb\Pictures\IMG\right_2026_07_29_19_41_12_147.jpg, 0, 1, 0, 30.19029
C:\Users\ayubb\Pictures\IMG\center_2026_07_29_19_41_12_249.jpg, C:\Users\ayubb\Pictures\IMG\left_2026_07_29_19_41_12_249.jpg, C:\Users\ayubb\Pictures\IMG\right_2026_07_29_19_41_12_249.jpg, 0.1583451, 1, 0, 30.18332
C:\Users\ayubb\Pictures\IMG\center_2026_07_29_19_41_12_350.jpg, C:\Users\ayubb\Pictures\IMG\left_2026_07_29_19_41_12_350.jpg, C:\Users\ayubb\Pictures\IMG\right_2026_07_29_19_41_12_350.jpg, 0, 1, 0, 30.18989
C:\Users\ayubb\Pictures\IMG\center_2026_07_29_19_41_12_450.jpg, C:\Users\ayubb\Pictures\IMG\left_2026_07_29_19_41_12_450.jpg, C:\Users\ayubb\Pictures\IMG\right_2026_07_29_19_41_12_450.jpg, 0, 1, 0, 30.19024
C:\Users\ayubb\Pictures\IMG\center_2026_07_29_19_41_12_552.jpg, C:\Users\ayubb\Pictures\IMG\left_2026_07_29_19_41_12_552.jpg, C:\Users\ayubb\Pictures\IMG\right_2026_07_29_19_41_12_552.jpg, 0, 1, 0, 30.19028
C:\Users\ayubb\Pictures\IMG\center_2026_07_29_19_41_12_653.jpg, C:\Users\ayubb\Pictures\IMG\left_2026_07_29_19_41_12_653.jpg, C:\Users\ayubb\Pictures\IMG\right_2026_07_29_19_41_12_653.jpg, 0, 1, 0, 30.19031
C:\Users\ayubb\Pictures\IMG\center_2026_07_29_19_41_12_757.jpg, C:\Users\ayubb\Pictures\IMG\left_2026_07_29_19_41_12_757.jpg, C:\Users\ayubb\Pictures\IMG\right_2026_07_29_19_41_12_757.jpg, 0, 1, 0, 30.19029
C:\Users\ayubb\Pictures\IMG\center_2026_07_29_19_41_12_858.jpg, C:\Users\ayubb\Pictures\IMG\left_2026_07_29_19_41_12_858.jpg, C:\Users\ayubb\Pictures\IMG\right_2026_07_29_19_41_12_858.jpg, 0, 1, 0, 30.19034
C:\Users\ayubb\Pictures\IMG\center_2026_07_29_19_41_12_960.jpg, C:\Users\ayubb\Pictures\IMG\left_2026_07_29_19_41_12_960.jpg, C:\Users\ayubb\Pictures\IMG\right_2026_07_29_19_41_12_960.jpg, 0.0484638, 1, 0, 30.18975
C:\Users\ayubb\Pictures\IMG\center_2026_07_29_19_41_13_061.jpg, C:\Users\ayubb\Pictures\IMG\left_2026_07_29_19_41_13_061.jpg, C:\Users\ayubb\Pictures\IMG\right_2026_07_29_19_41_13_061.jpg, 0.08838148, 1, 0, 30.19013
C:\Users\ayubb\Pictures\IMG\center_2026_07_29_19_41_13_161.jpg, C:\Users\ayubb\Pictures\IMG\left_2026_07_29_19_41_13_161.jpg, C:\Users\ayubb\Pictures\IMG\right_2026_07_29_19_41_13_161.jpg, 0, 1, 0, 30.19008
C:\Users\ayubb\Pictures\IMG\center_2026_07_29_19_41_13_263.jpg, C:\Users\ayubb\Pictures\IMG\left_2026_07_29_19_41_13_263.jpg, C:\Users\ayubb\Pictures\IMG\right_2026_07_29_19_41_13_263.jpg, 0.1815102, 1, 0, 30.18284
C:\Users\ayubb\Pictures\IMG\center_2026_07_29_19_41_13_366.jpg, C:\Users\ayubb\Pictures\IMG\left_2026_07_29_19_41_13_366.jpg, C:\Users\ayubb\Pictures\IMG\right_2026_07_29_19_41_13_366.jpg, 0, 1, 0, 30.1898
C:\Users\ayubb\Pictures\IMG\center_2026_07_29_19_41_13_466.jpg, C:\Users\ayubb\Pictures\IMG\left_2026_07_29_19_41_13_466.jpg, C:\Users\ayubb\Pictures\IMG\right_2026_07_29_19_41_13_466.jpg, 0, 1, 0, 30.19024
C:\Users\ayubb\Pictures\IMG\center_2026_07_29_19_41_13_566.jpg, C:\Users\ayubb\Pictures\IMG\left_2026_07_29_19_41_13_566.jpg, C:\Users\ayubb\Pictures\IMG\right_2026_07_29_19_41_13_566.jpg, 0.1269297, 1, 0, 30.18664
C:\Users\ayubb\Pictures\IMG\center_2026_07_29_19_41_13_670.jpg, C:\Users\ayubb\Pictures\IMG\left_2026_07_29_19_41_13_670.jpg, C:\Users\ayubb\Pictures\IMG\right_2026_07_29_19_41_13_670.jpg, 0, 1, 0, 30.19022
C:\Users\ayubb\Pictures\IMG\center_2026_07_29_19_41_13_772.jpg, C:\Users\ayubb\Pictures\IMG\left_2026_07_29_19_41_13_772.jpg, C:\Users\ayubb\Pictures\IMG\right_2026_07_29_19_41_13_772.jpg, 0, 1, 0, 30.19028
C:\Users\ayubb\Pictures\IMG\center_2026_07_29_19_41_13_873.jpg, C:\Users\ayubb\Pictures\IMG\left_2026_07_29_19_41_13_873.jpg, C:\Users\ayubb\Pictures\IMG\right_2026_07_29_19_41_13_873.jpg, 0.2649066, 1, 0, 30.17309
C:\Users\ayubb\Pictures\IMG\center_2026_07_29_19_41_13_975.jpg, C:\Users\ayubb\Pictures\IMG\left_2026_07_29_19_41_13_975.jpg, C:\Users\ayubb\Pictures\IMG\right_2026_07_29_19_41_13_975.jpg, 0.0628509, 1, 0, 30.19069
C:\Users\ayubb\Pictures\IMG\center_2026_07_29_19_41_14_077.jpg, C:\Users\ayubb\Pictures\IMG\left_2026_07_29_19_41_14_077.jpg, C:\Users\ayubb\Pictures\IMG\right_2026_07_29_19_41_14_077.jpg, 0, 1, 0, 30.19001
C:\Users\ayubb\Pictures\IMG\center_2026_07_29_19_41_14_180.jpg, C:\Users\ayubb\Pictures\IMG\left_2026_07_29_19_41_14_180.jpg, C:\Users\ayubb\Pictures\IMG\right_2026_07_29_19_41_14_180.jpg, 0.07260783, 1, 0, 30.19069
C:\Users\ayubb\Pictures\IMG\center_2026_07_29_19_41_14_281.jpg, C:\Users\ayubb\Pictures\IMG\left_2026_07_29_19_41_14_281.jpg, C:\Users\ayubb\Pictures\IMG\right_2026_07_29_19_41_14_281.jpg, 0, 1, 0, 30.19013
C:\Users\ayubb\Pictures\IMG\center_2026_07_29_19_41_14_383.jpg, C:\Users\ayubb\Pictures\IMG\left_2026_07_29_19_41_14_383.jpg, C:\Users\ayubb\Pictures\IMG\right_2026_07_29_19_41_14_383.jpg, 0, 1, 0, 30.19028
C:\Users\ayubb\Pictures\IMG\center_2026_07_29_19_41_14_485.jpg, C:\Users\ayubb\Pictures\IMG\left_2026_07_29_19_41_14_485.jpg, C:\Users\ayubb\Pictures\IMG\right_2026_07_29_19_41_14_485.jpg, 0, 1, 0, 30.19029
C:\Users\ayubb\Pictures\IMG\center_2026_07_29_19_41_14_586.jpg, C:\Users\ayubb\Pictures\IMG\left_2026_07_29_19_41_14_586.jpg, C:\Users\ayubb\Pictures\IMG\right_2026_07_29_19_41_14_586.jpg, 0, 1, 0, 30.19028
C:\Users\ayubb\Pictures\IMG\center_2026_07_29_19_41_14_687.jpg, C:\Users\ayubb\Pictures\IMG\left_2026_07_29_19_41_14_687.jpg, C:\Users\ayubb\Pictures\IMG\right_2026_07_29_19_41_14_687.jpg, 0.1017726, 1, 0, 30.18765
C:\Users\ayubb\Pictures\IMG\center_2026_07_29_19_41_14_789.jpg, C:\Users\ayubb\Pictures\IMG\left_2026_07_29_19_41_14_789.jpg, C:\Users\ayubb\Pictures\IMG\right_2026_07_29_19_41_14_789.jpg, 0.1874127, 1, 0, 30.1857
C:\Users\ayubb\Pictures\IMG\center_2026_07_29_19_41_14_892.jpg, C:\Users\ayubb\Pictures\IMG\left_2026_07_29_19_41_14_892.jpg, C:\Users\ayubb\Pictures\IMG\right_2026_07_29_19_41_14_892.jpg, 0, 1, 0, 30.18964
C:\Users\ayubb\Pictures\IMG\center_2026_07_29_19_41_14_993.jpg, C:\Users\ayubb\Pictures\IMG\left_2026_07_29_19_41_14_993.jpg, C:\Users\ayubb\Pictures\IMG\right_2026_07_29_19_41_14_993.jpg, 0.1772163, 1, 0, 30.18447
C:\Users\ayubb\Pictures\IMG\center_2026_07_29_19_41_15_095.jpg, C:\Users\ayubb\Pictures\IMG\left_2026_07_29_19_41_15_095.jpg, C:\Users\ayubb\Pictures\IMG\right_2026_07_29_19_41_15_095.jpg, 0.09805441, 1, 0, 30.19118
C:\Users\ayubb\Pictures\IMG\center_2026_07_29_19_41_15_196.jpg, C:\Users\ayubb\Pictures\IMG\left_2026_07_29_19_41_15_196.jpg, C:\Users\ayubb\Pictures\IMG\right_2026_07_29_19_41_15_196.jpg, 0, 1, 0, 30.18988
C:\Users\ayubb\Pictures\IMG\center_2026_07_29_19_41_15_299.jpg, C:\Users\ayubb\Pictures\IMG\left_2026_07_29_19_41_15_299.jpg, C:\Users\ayubb\Pictures\IMG\right_2026_07_29_19_41_15_299.jpg, 0, 1, 0, 30.19037
C:\Users\ayubb\Pictures\IMG\center_2026_07_29_19_41_15_401.jpg, C:\Users\ayubb\Pictures\IMG\left_2026_07_29_19_41_15_401.jpg, C:\Users\ayubb\Pictures\IMG\right_2026_07_29_19_41_15_401.jpg, 0, 1, 0, 30.19028
C:\Users\ayubb\Pictures\IMG\center_2026_07_29_19_41_15_501.jpg, C:\Users\ayubb\Pictures\IMG\left_2026_07_29_19_41_15_501.jpg, C:\Users\ayubb\Pictures\IMG\right_2026_07_29_19_41_15_501.jpg, 0, 1, 0, 30.1903
C:\Users\ayubb\Pictures\IMG\center_2026_07_29_19_41_15_602.jpg, C:\Users\ayubb\Pictures\IMG\left_2026_07_29_19_41_15_602.jpg, C:\Users\ayubb\Pictures\IMG\right_2026_07_29_19_41_15_602.jpg, 0, 1, 0, 30.1903
C:\Users\ayubb\Pictures\IMG\center_2026_07_29_19_41_15_702.jpg, C:\Users\ayubb\Pictures\IMG\left_2026_07_29_19_41_15_702.jpg, C:\Users\ayubb\Pictures\IMG\right_2026_07_29_19_41_15_702.jpg, 0, 1, 0, 30.19026
C:\Users\ayubb\Pictures\IMG\center_2026_07_29_19_41_15_803.jpg, C:\Users\ayubb\Pictures\IMG\left_2026_07_29_19_41_15_803.jpg, C:\Users\ayubb\Pictures\IMG\right_2026_07_29_19_41_15_803.jpg, 0.0319116, 1, 0, 30.19052
C:\Users\ayubb\Pictures\IMG\center_2026_07_29_19_41_15_904.jpg, C:\Users\ayubb\Pictures\IMG\left_2026_07_29_19_41_15_904.jpg, C:\Users\ayubb\Pictures\IMG\right_2026_07_29_19_41_15_904.jpg, 0, 1, 0, 30.18989
C:\Users\ayubb\Pictures\IMG\center_2026_07_29_19_41_16_005.jpg, C:\Users\ayubb\Pictures\IMG\left_2026_07_29_19_41_16_005.jpg, C:\Users\ayubb\Pictures\IMG\right_2026_07_29_19_41_16_005.jpg, 0, 1, 0, 30.19
C:\Users\ayubb\Pictures\IMG\center_2026_07_29_19_41_16_106.jpg, C:\Users\ayubb\Pictures\IMG\left_2026_07_29_19_41_16_106.jpg, C:\Users\ayubb\Pictures\IMG\right_2026_07_29_19_41_16_106.jpg, 0, 1, 0, 30.19012
C:\Users\ayubb\Pictures\IMG\center_2026_07_29_19_41_16_210.jpg, C:\Users\ayubb\Pictures\IMG\left_2026_07_29_19_41_16_210.jpg, C:\Users\ayubb\Pictures\IMG\right_2026_07_29_19_41_16_210.jpg, 0.2733936, 1, 0, 30.17126
C:\Users\ayubb\Pictures\IMG\center_2026_07_29_19_41_16_311.jpg, C:\Users\ayubb\Pictures\IMG\left_2026_07_29_19_41_16_311.jpg, C:\Users\ayubb\Pictures\IMG\right_2026_07_29_19_41_16_311.jpg, 0, 1, 0, 30.18957
C:\Users\ayubb\Pictures\IMG\center_2026_07_29_19_41_16_411.jpg, C:\Users\ayubb\Pictures\IMG\left_2026_07_29_19_41_16_411.jpg, C:\Users\ayubb\Pictures\IMG\right_2026_07_29_19_41_16_411.jpg, 0, 1, 0, 30.19057
C:\Users\ayubb\Pictures\IMG\center_2026_07_29_19_41_16_513.jpg, C:\Users\ayubb\Pictures\IMG\left_2026_07_29_19_41_16_513.jpg, C:\Users\ayubb\Pictures\IMG\right_2026_07_29_19_41_16_513.jpg, 0, 1, 0, 30.19036
C:\Users\ayubb\Pictures\IMG\center_2026_07_29_19_41_16_615.jpg, C:\Users\ayubb\Pictures\IMG\left_2026_07_29_19_41_16_615.jpg, C:\Users\ayubb\Pictures\IMG\right_2026_07_29_19_41_16_615.jpg, 0, 1, 0, 30.19034
C:\Users\ayubb\Pictures\IMG\center_2026_07_29_19_41_16_718.jpg, C:\Users\ayubb\Pictures\IMG\left_2026_07_29_19_41_16_718.jpg, C:\Users\ayubb\Pictures\IMG\right_2026_07_29_19_41_16_718.jpg, 0.08157329, 1, 0, 30.18866
C:\Users\ayubb\Pictures\IMG\center_2026_07_29_19_41_16_819.jpg, C:\Users\ayubb\Pictures\IMG\left_2026_07_29_19_41_16_819.jpg, C:\Users\ayubb\Pictures\IMG\right_2026_07_29_19_41_16_819.jpg, 0.2122062, 1, 0, 30.18175
C:\Users\ayubb\Pictures\IMG\center_2026_07_29_19_41_16_920.jpg, C:\Users\ayubb\Pictures\IMG\left_2026_07_29_19_41_16_920.jpg, C:\Users\ayubb\Pictures\IMG\right_2026_07_29_19_41_16_920.jpg, 0, 1, 0, 30.18922
C:\Users\ayubb\Pictures\IMG\center_2026_07_29_19_41_17_020.jpg, C:\Users\ayubb\Pictures\IMG\left_2026_07_29_19_41_17_020.jpg, C:\Users\ayubb\Pictures\IMG\right_2026_07_29_19_41_17_020.jpg, 0, 1, 0, 30.18998
C:\Users\ayubb\Pictures\IMG\center_2026_07_29_19_41_17_122.jpg, C:\Users\ayubb\Pictures\IMG\left_2026_07_29_19_41_17_122.jpg, C:\Users\ayubb\Pictures\IMG\right_2026_07_29_19_41_17_122.jpg, 0, 1, 0, 30.18909
C:\Users\ayubb\Pictures\IMG\center_2026_07_29_19_41_17_223.jpg, C:\Users\ayubb\Pictures\IMG\left_2026_07_29_19_41_17_223.jpg, C:\Users\ayubb\Pictures\IMG\right_2026_07_29_19_41_17_223.jpg, 0.2268543, 1, 0, 30.17722
C:\Users\ayubb\Pictures\IMG\center_2026_07_29_19_41_17_325.jpg, C:\Users\ayubb\Pictures\IMG\left_2026_07_29_19_41_17_325.jpg, C:\Users\ayubb\Pictures\IMG\right_2026_07_29_19_41_17_325.jpg, 0, 1, 0, 30.18958
C:\Users\ayubb\Pictures\IMG\center_2026_07_29_19_41_17_425.jpg, C:\Users\ayubb\Pictures\IMG\left_2026_07_29_19_41_17_425.jpg, C:\Users\ayubb\Pictures\IMG\right_2026_07_29_19_41_17_425.jpg, 0, 1, 0, 30.19079
C:\Users\ayubb\Pictures\IMG\center_2026_07_29_19_41_17_527.jpg, C:\Users\ayubb\Pictures\IMG\left_2026_07_29_19_41_17_527.jpg, C:\Users\ayubb\Pictures\IMG\right_2026_07_29_19_41_17_527.jpg, 0, 1, 0, 30.1908
C:\Users\ayubb\Pictures\IMG\center_2026_07_29_19_41_17_628.jpg, C:\Users\ayubb\Pictures\IMG\left_2026_07_29_19_41_17_628.jpg, C:\Users\ayubb\Pictures\IMG\right_2026_07_29_19_41_17_628.jpg, 0, 1, 0, 30.19029
C:\Users\ayubb\Pictures\IMG\center_2026_07_29_19_41_17_728.jpg, C:\Users\ayubb\Pictures\IMG\left_2026_07_29_19_41_17_728.jpg, C:\Users\ayubb\Pictures\IMG\right_2026_07_29_19_41_17_728.jpg, 0.118755, 1, 0, 30.18681
C:\Users\ayubb\Pictures\IMG\center_2026_07_29_19_41_17_829.jpg, C:\Users\ayubb\Pictures\IMG\left_2026_07_29_19_41_17_829.jpg, C:\Users\ayubb\Pictures\IMG\right_2026_07_29_19_41_17_829.jpg, 0.1857894, 1, 0, 30.18647
C:\Users\ayubb\Pictures\IMG\center_2026_07_29_19_41_17_930.jpg, C:\Users\ayubb\Pictures\IMG\left_2026_07_29_19_41_17_930.jpg, C:\Users\ayubb\Pictures\IMG\right_2026_07_29_19_41_17_930.jpg, 0, 1, 0, 30.18965
C:\Users\ayubb\Pictures\IMG\center_2026_07_29_19_41_18_032.jpg, C:\Users\ayubb\Pictures\IMG\left_2026_07_29_19_41_18_032.jpg, C:\Users\ayubb\Pictures\IMG\right_2026_07_29_19_41_18_032.jpg, 0.2625006, 1, 0, 30.17679
C:\Users\ayubb\Pictures\IMG\center_2026_07_29_19_41_18_133.jpg, C:\Users\ayubb\Pictures\IMG\left_2026_07_29_19_41_18_133.jpg, C:\Users\ayubb\Pictures\IMG\right_2026_07_29_19_41_18_133.jpg, 0, 1, 0, 30.18879
C:\Users\ayubb\Pictures\IMG\center_2026_07_29_19_41_18_235.jpg, C:\Users\ayubb\Pictures\IMG\left_2026_07_29_19_41_18_235.jpg, C:\Users\ayubb\Pictures\IMG\right_2026_07_29_19_41_18_235.jpg, 0.0212322, 1, 0, 30.19039
C:\Users\ayubb\Pictures\IMG\center_2026_07_29_19_41_18_339.jpg, C:\Users\ayubb\Pictures\IMG\left_2026_07_29_19_41_18_339.jpg, C:\Users\ayubb\Pictures\IMG\right_2026_07_29_19_41_18_339.jpg, 0, 1, 0, 30.18933
C:\Users\ayubb\Pictures\IMG\center_2026_07_29_19_41_18_440.jpg, C:\Users\ayubb\Pictures\IMG\left_2026_07_29_19_41_18_440.jpg, C:\Users\ayubb\Pictures\IMG\right_2026_07_29_19_41_18_440.jpg, 0, 1, 0, 30.1901
C:\Users\ayubb\Pictures\IMG\center_2026_07_29_19_41_18_541.jpg, C:\Users\ayubb\Pictures\IMG\left_2026_07_29_19_41_18_541.jpg, C:\Users\ayubb\Pictures\IMG\right_2026_07_29_19_41_18_541.jpg, 0, 1, 0, 30.19024
C:\Users\ayubb\Pictures\IMG\center_2026_07_29_19_41_18_642.jpg, C:\Users\ayubb\Pictures\IMG\left_2026_07_29_19_41_18_642.jpg, C:\Users\ayubb\Pictures\IMG\right_2026_07_29_19_41_18_642.jpg, 0, 1, 0, 30.1903
C:\Users\ayubb\Pictures\IMG\center_2026_07_29_19_41_18_745.jpg, C:\Users\ayubb\Pictures\IMG\left_2026_07_29_19_41_18_745.jpg, C:\Users\ayubb\Pictures\IMG\right_2026_07_29_19_41_18_745.jpg, 0.0781041, 1, 0, 30.18884
C:\Users\ayubb\Pictures\IMG\center_2026_07_29_19_41_18_847.jpg, C:\Users\ayubb\Pictures\IMG\left_2026_07_29_19_41_18_847.jpg, C:\Users\ayubb\Pictures\IMG\right_2026_07_29_19_41_18_847.jpg, 0, 1, 0, 30.19028
C:\Users\ayubb\Pictures\IMG\center_2026_07_29_19_41_18_951.jpg, C:\Users\ayubb\Pictures\IMG\left_2026_07_29_19_41_18_951.jpg, C:\Users\ayubb\Pictures\IMG\right_2026_07_29_19_41_18_951.jpg, 0.12936, 1, 0, 30.18615
C:\Users\ayubb\Pictures\IMG\center_2026_07_29_19_41_19_051.jpg, C:\Users\ayubb\Pictures\IMG\left_2026_07_29_19_41_19_051.jpg, C:\Users\ayubb\Pictures\IMG\right_2026_07_29_19_41_19_051.jpg, 0.2316433, 1, 0, 30.18218
C:\Users\ayubb\Pictures\IMG\center_2026_07_29_19_41_19_155.jpg, C:\Users\ayubb\Pictures\IMG\left_2026_07_29_19_41_19_155.jpg, C:\Users\ayubb\Pictures\IMG\right_2026_07_29_19_41_19_155.jpg, 0, 1, 0, 30.1885
C:\Users\ayubb\Pictures\IMG\center_2026_07_29_19_41_19_259.jpg, C:\Users\ayubb\Pictures\IMG\left_2026_07_29_19_41_19_259.jpg, C:\Users\ayubb\Pictures\IMG\right_2026_07_29_19_41_19_259.jpg, 0.01148729, 1, 0, 30.19049
C:\Users\ayubb\Pictures\IMG\center_2026_07_29_19_41_19_361.jpg, C:\Users\ayubb\Pictures\IMG\left_2026_07_29_19_41_19_361.jpg, C:\Users\ayubb\Pictures\IMG\right_2026_07_29_19_41_19_361.jpg, 0, 1, 0, 30.19013
C:\Users\ayubb\Pictures\IMG\center_2026_07_29_19_41_19_463.jpg, C:\Users\ayubb\Pictures\IMG\left_2026_07_29_19_41_19_463.jpg, C:\Users\ayubb\Pictures\IMG\right_2026_07_29_19_41_19_463.jpg, 0.2208288, 1, 0, 30.17891
C:\Users\ayubb\Pictures\IMG\center_2026_07_29_19_41_19_566.jpg, C:\Users\ayubb\Pictures\IMG\left_2026_07_29_19_41_19_566.jpg, C:\Users\ayubb\Pictures\IMG\right_2026_07_29_19_41_19_566.jpg, 0, 1, 0, 30.18966
C:\Users\ayubb\Pictures\IMG\center_2026_07_29_19_41_19_667.jpg, C:\Users\ayubb\Pictures\IMG\left_2026_07_29_19_41_19_667.jpg, C:\Users\ayubb\Pictures\IMG\right_2026_07_29_19_41_19_667.jpg, 0.1297497, 1, 0, 30.18775
C:\Users\ayubb\Pictures\IMG\center_2026_07_29_19_41_19_769.jpg, C:\Users\ayubb\Pictures\IMG\left_2026_07_29_19_41_19_769.jpg, C:\Users\ayubb\Pictures\IMG\right_2026_07_29_19_41_19_769.jpg, 0.2340706, 1, 0, 30.18316
C:\Users\ayubb\Pictures\IMG\center_2026_07_29_19_41_19_871.jpg, C:\Users\ayubb\Pictures\IMG\left_2026_07_29_19_41_19_871.jpg, C:\Users\ayubb\Pictures\IMG\right_2026_07_29_19_41_19_871.jpg, 0, 1, 0, 30.1884
C:\Users\ayubb\Pictures\IMG\center_2026_07_29_19_41_19_973.jpg, C:\Users\ayubb\Pictures\IMG\left_2026_07_29_19_41_19_973.jpg, C:\Users\ayubb\Pictures\IMG\right_2026_07_29_19_41_19_973.jpg, 0, 1, 0, 30.19005
C:\Users\ayubb\Pictures\IMG\center_2026_07_29_19_41_20_076.jpg, C:\Users\ayubb\Pictures\IMG\left_2026_07_29_19_41_20_076.jpg, C:\Users\ayubb\Pictures\IMG\right_2026_07_29_19_41_20_076.jpg, 0, 1, 0, 30.19026
C:\Users\ayubb\Pictures\IMG\center_2026_07_29_19_41_20_178.jpg, C:\Users\ayubb\Pictures\IMG\left_2026_07_29_19_41_20_178.jpg, C:\Users\ayubb\Pictures\IMG\right_2026_07_29_19_41_20_178.jpg, 0.0684615, 1, 0, 30.18936
C:\Users\ayubb\Pictures\IMG\center_2026_07_29_19_41_20_279.jpg, C:\Users\ayubb\Pictures\IMG\left_2026_07_29_19_41_20_279.jpg, C:\Users\ayubb\Pictures\IMG\right_2026_07_29_19_41_20_279.jpg, 0.1228119, 1, 0, 30.18948
C:\Users\ayubb\Pictures\IMG\center_2026_07_29_19_41_20_382.jpg, C:\Users\ayubb\Pictures\IMG\left_2026_07_29_19_41_20_382.jpg, C:\Users\ayubb\Pictures\IMG\right_2026_07_29_19_41_20_382.jpg, 0, 1, 0, 30.18995
C:\Users\ayubb\Pictures\IMG\center_2026_07_29_19_41_20_485.jpg, C:\Users\ayubb\Pictures\IMG\left_2026_07_29_19_41_20_485.jpg, C:\Users\ayubb\Pictures\IMG\right_2026_07_29_19_41_20_485.jpg, 0.1636782, 1, 0, 30.1848
C:\Users\ayubb\Pictures\IMG\center_2026_07_29_19_41_20_589.jpg, C:\Users\ayubb\Pictures\IMG\left_2026_07_29_19_41_20_589.jpg, C:\Users\ayubb\Pictures\IMG\right_2026_07_29_19_41_20_589.jpg, 0.04302958, 1, 0, 30.19078
C:\Users\ayubb\Pictures\IMG\center_2026_07_29_19_41_20_693.jpg, C:\Users\ayubb\Pictures\IMG\left_2026_07_29_19_41_20_693.jpg, C:\Users\ayubb\Pictures\IMG\right_2026_07_29_19_41_20_693.jpg, 0.0639816, 1, 0, 30.18996
C:\Users\ayubb\Pictures\IMG\center_2026_07_29_19_41_20_797.jpg, C:\Users\ayubb\Pictures\IMG\left_2026_07_29_19_41_20_797.jpg, C:\Users\ayubb\Pictures\IMG\right_2026_07_29_19_41_20_797.jpg, 0.1581417, 1, 0, 30.18919
C:\Users\ayubb\Pictures\IMG\center_2026_07_29_19_41_20_898.jpg, C:\Users\ayubb\Pictures\IMG\left_2026_07_29_19_41_20_898.jpg, C:\Users\ayubb\Pictures\IMG\right_2026_07_29_19_41_20_898.jpg, 0, 1, 0, 30.18957
C:\Users\ayubb\Pictures\IMG\center_2026_07_29_19_41_20_999.jpg, C:\Users\ayubb\Pictures\IMG\left_2026_07_29_19_41_20_999.jpg, C:\Users\ayubb\Pictures\IMG\right_2026_07_29_19_41_20_999.jpg, 0.306291, 1, 0, 30.17157
C:\Users\ayubb\Pictures\IMG\center_2026_07_29_19_41_21_101.jpg, C:\Users\ayubb\Pictures\IMG\left_2026_07_29_19_41_21_101.jpg, C:\Users\ayubb\Pictures\IMG\right_2026_07_29_19_41_21_101.jpg, 0.01586822, 1, 0, 30.19042
C:\Users\ayubb\Pictures\IMG\center_2026_07_29_19_41_21_203.jpg, C:\Users\ayubb\Pictures\IMG\left_2026_07_29_19_41_21_203.jpg, C:\Users\ayubb\Pictures\IMG\right_2026_07_29_19_41_21_203.jpg, 0.1751439, 1, 0, 30.18619
C:\Users\ayubb\Pictures\IMG\center_2026_07_29_19_41_21_307.jpg, C:\Users\ayubb\Pictures\IMG\left_2026_07_29_19_41_21_307.jpg, C:\Users\ayubb\Pictures\IMG\right_2026_07_29_19_41_21_307.jpg, 0.03488581, 1, 0, 30.19081
C:\Users\ayubb\Pictures\IMG\center_2026_07_29_19_41_21_409.jpg, C:\Users\ayubb\Pictures\IMG\left_2026_07_29_19_41_21_409.jpg, C:\Users\ayubb\Pictures\IMG\right_2026_07_29_19_41_21_409.jpg, 0, 1, 0, 30.19008
C:\Users\ayubb\Pictures\IMG\center_2026_07_29_19_41_21_510.jpg, C:\Users\ayubb\Pictures\IMG\left_2026_07_29_19_41_21_510.jpg, C:\Users\ayubb\Pictures\IMG\right_2026_07_29_19_41_21_510.jpg, 0, 1, 0, 30.19027
C:\Users\ayubb\Pictures\IMG\center_2026_07_29_19_41_21_611.jpg, C:\Users\ayubb\Pictures\IMG\left_2026_07_29_19_41_21_611.jpg, C:\Users\ayubb\Pictures\IMG\right_2026_07_29_19_41_21_611.jpg, 0.02170559, 1, 0, 30.19029
C:\Users\ayubb\Pictures\IMG\center_2026_07_29_19_41_21_711.jpg, C:\Users\ayubb\Pictures\IMG\left_2026_07_29_19_41_21_711.jpg, C:\Users\ayubb\Pictures\IMG\right_2026_07_29_19_41_21_711.jpg, 0, 1, 0, 30.19102
C:\Users\ayubb\Pictures\IMG\center_2026_07_29_19_41_21_813.jpg, C:\Users\ayubb\Pictures\IMG\left_2026_07_29_19_41_21_813.jpg, C:\Users\ayubb\Pictures\IMG\right_2026_07_29_19_41_21_813.jpg, 0.0515211, 1, 0, 30.18975
C:\Users\ayubb\Pictures\IMG\center_2026_07_29_19_41_21_915.jpg, C:\Users\ayubb\Pictures\IMG\left_2026_07_29_19_41_21_915.jpg, C:\Users\ayubb\Pictures\IMG\right_2026_07_29_19_41_21_915.jpg, 0.07278932, 1, 0, 30.19067
C:\Users\ayubb\Pictures\IMG\center_2026_07_29_19_41_22_016.jpg, C:\Users\ayubb\Pictures\IMG\left_2026_07_29_19_41_22_016.jpg, C:\Users\ayubb\Pictures\IMG\right_2026_07_29_19_41_22_016.jpg, 0.0346362, 1, 0, 30.19021
C:\Users\ayubb\Pictures\IMG\center_2026_07_29_19_41_22_118.jpg, C:\Users\ayubb\Pictures\IMG\left_2026_07_29_19_41_22_118.jpg, C:\Users\ayubb\Pictures\IMG\right_2026_07_29_19_41_22_118.jpg, 0.255429, 1, 0, 30.17606
C:\Users\ayubb\Pictures\IMG\center_2026_07_29_19_41_22_221.jpg, C:\Users\ayubb\Pictures\IMG\left_2026_07_29_19_41_22_221.jpg, C:\Users\ayubb\Pictures\IMG\right_2026_07_29_19_41_22_221.jpg, 0, 1, 0, 30.18891
C:\Users\ayubb\Pictures\IMG\center_2026_07_29_19_41_22_325.jpg, C:\Users\ayubb\Pictures\IMG\left_2026_07_29_19_41_22_325.jpg, C:\Users\ayubb\Pictures\IMG\right_2026_07_29_19_41_22_325.jpg, 0.1377369, 1, 0, 30.18785
C:\Users\ayubb\Pictures\IMG\center_2026_07_29_19_41_22_428.jpg, C:\Users\ayubb\Pictures\IMG\left_2026_07_29_19_41_22_428.jpg, C:\Users\ayubb\Pictures\IMG\right_2026_07_29_19_41_22_428.jpg, 0.2000811, 1, 0, 30.18785
C:\Users\ayubb\Pictures\IMG\center_2026_07_29_19_41_22_528.jpg, C:\Users\ayubb\Pictures\IMG\left_2026_07_29_19_41_22_528.jpg, C:\Users\ayubb\Pictures\IMG\right_2026_07_29_19_41_22_528.jpg, 0, 1, 0, 30.18918
C:\Users\ayubb\Pictures\IMG\center_2026_07_29_19_41_22_630.jpg, C:\Users\ayubb\Pictures\IMG\left_2026_07_29_19_41_22_630.jpg, C:\Users\ayubb\Pictures\IMG\right_2026_07_29_19_41_22_630.jpg, 0.267528, 1, 0, 30.17713
C:\Users\ayubb\Pictures\IMG\center_2026_07_29_19_41_22_732.jpg, C:\Users\ayubb\Pictures\IMG\left_2026_07_29_19_41_22_732.jpg, C:\Users\ayubb\Pictures\IMG\right_2026_07_29_19_41_22_732.jpg, 0.04127245, 1, 0, 30.19077
C:\Users\ayubb\Pictures\IMG\center_2026_07_29_19_41_22_832.jpg, C:\Users\ayubb\Pictures\IMG\left_2026_07_29_19_41_22_832.jpg, C:\Users\ayubb\Pictures\IMG\right_2026_07_29_19_41_22_832.jpg, 0.0574632, 1, 0, 30.19011
C:\Users\ayubb\Pictures\IMG\center_2026_07_29_19_41_22_933.jpg, C:\Users\ayubb\Pictures\IMG\left_2026_07_29_19_41_22_933.jpg, C:\Users\ayubb\Pictures\IMG\right_2026_07_29_19_41_22_933.jpg, 0.2521779, 1, 0, 30.17838
C:\Users\ayubb\Pictures\IMG\center_2026_07_29_19_41_23_035.jpg, C:\Users\ayubb\Pictures\IMG\left_2026_07_29_19_41_23_035.jpg, C:\Users\ayubb\Pictures\IMG\right_2026_07_29_19_41_23_035.jpg, 0, 1, 0, 30.18863
C:\Users\ayubb\Pictures\IMG\center_2026_07_29_19_41_23_137.jpg, C:\Users\ayubb\Pictures\IMG\left_2026_07_29_19_41_23_137.jpg, C:\Users\ayubb\Pictures\IMG\right_2026_07_29_19_41_23_137.jpg, 0.1341087, 1, 0, 30.18872
C:\Users\ayubb\Pictures\IMG\center_2026_07_29_19_41_23_239.jpg, C:\Users\ayubb\Pictures\IMG\left_2026_07_29_19_41_23_239.jpg, C:\Users\ayubb\Pictures\IMG\right_2026_07_29_19_41_23_239.jpg, 0, 1, 0, 30.18978
C:\Users\ayubb\Pictures\IMG\center_2026_07_29_19_41_23_339.jpg, C:\Users\ayubb\Pictures\IMG\left_2026_07_29_19_41_23_339.jpg, C:\Users\ayubb\Pictures\IMG\right_2026_07_29_19_41_23_339.jpg, 0.0391326, 1, 0, 30.18788
C:\Users\ayubb\Pictures\IMG\center_2026_07_29_19_41_23_441.jpg, C:\Users\ayubb\Pictures\IMG\left_2026_07_29_19_41_23_441.jpg, C:\Users\ayubb\Pictures\IMG\right_2026_07_29_19_41_23_441.jpg, 0.3455067, 1, 0, 30.16392
C:\Users\ayubb\Pictures\IMG\center_2026_07_29_19_41_23_543.jpg, C:\Users\ayubb\Pictures\IMG\left_2026_07_29_19_41_23_543.jpg, C:\Users\ayubb\Pictures\IMG\right_2026_07_29_19_41_23_543.jpg, 0.1958718, 1, 0, 30.19032
C:\Users\ayubb\Pictures\IMG\center_2026_07_29_19_41_23_646.jpg, C:\Users\ayubb\Pictures\IMG\left_2026_07_29_19_41_23_646.jpg, C:\Users\ayubb\Pictures\IMG\right_2026_07_29_19_41_23_646.jpg, 0, 1, 0, 30.18852
C:\Users\ayubb\Pictures\IMG\center_2026_07_29_19_41_23_748.jpg, C:\Users\ayubb\Pictures\IMG\left_2026_07_29_19_41_23_748.jpg, C:\Users\ayubb\Pictures\IMG\right_2026_07_29_19_41_23_748.jpg, 0.2147097, 1, 0, 30.18123
C:\Users\ayubb\Pictures\IMG\center_2026_07_29_19_41_23_850.jpg, C:\Users\ayubb\Pictures\IMG\left_2026_07_29_19_41_23_850.jpg, C:\Users\ayubb\Pictures\IMG\right_2026_07_29_19_41_23_850.jpg, 0, 1, 0, 30.18995
C:\Users\ayubb\Pictures\IMG\center_2026_07_29_19_41_23_951.jpg, C:\Users\ayubb\Pictures\IMG\left_2026_07_29_19_41_23_951.jpg, C:\Users\ayubb\Pictures\IMG\right_2026_07_29_19_41_23_951.jpg, 0.0695385, 1, 0, 30.18842
C:\Users\ayubb\Pictures\IMG\center_2026_07_29_19_41_24_052.jpg, C:\Users\ayubb\Pictures\IMG\left_2026_07_29_19_41_24_052.jpg, C:\Users\ayubb\Pictures\IMG\right_2026_07_29_19_41_24_052.jpg, 0.1955424, 1, 0, 30.18511
C:\Users\ayubb\Pictures\IMG\center_2026_07_29_19_41_24_154.jpg, C:\Users\ayubb\Pictures\IMG\left_2026_07_29_19_41_24_154.jpg, C:\Users\ayubb\Pictures\IMG\right_2026_07_29_19_41_24_154.jpg, 0, 1, 0, 30.18966
C:\Users\ayubb\Pictures\IMG\center_2026_07_29_19_41_24_257.jpg, C:\Users\ayubb\Pictures\IMG\left_2026_07_29_19_41_24_257.jpg, C:\Users\ayubb\Pictures\IMG\right_2026_07_29_19_41_24_257.jpg, 0.3073248, 1, 0, 30.17013
C:\Users\ayubb\Pictures\IMG\center_2026_07_29_19_41_24_358.jpg, C:\Users\ayubb\Pictures\IMG\left_2026_07_29_19_41_24_358.jpg, C:\Users\ayubb\Pictures\IMG\right_2026_07_29_19_41_24_358.jpg, 0.613956, 1, 0, 30.12839
C:\Users\ayubb\Pictures\IMG\center_2026_07_29_19_41_24_461.jpg, C:\Users\ayubb\Pictures\IMG\left_2026_07_29_19_41_24_461.jpg, C:\Users\ayubb\Pictures\IMG\right_2026_07_29_19_41_24_461.jpg, 0.8294241, 1, 0, 30.10904
C:\Users\ayubb\Pictures\IMG\center_2026_07_29_19_41_24_565.jpg, C:\Users\ayubb\Pictures\IMG\left_2026_07_29_19_41_24_565.jpg, C:\Users\ayubb\Pictures\IMG\right_2026_07_29_19_41_24_565.jpg, 0.5284848, 1, 0, 30.19162
C:\Users\ayubb\Pictures\IMG\center_2026_07_29_19_41_24_666.jpg, C:\Users\ayubb\Pictures\IMG\left_2026_07_29_19_41_24_666.jpg, C:\Users\ayubb\Pictures\IMG\right_2026_07_29_19_41_24_666.jpg, 0.227661, 1, 0, 30.19872
C:\Users\ayubb\Pictures\IMG\center_2026_07_29_19_41_24_765.jpg, C:\Users\ayubb\Pictures\IMG\left_2026_07_29_19_41_24_765.jpg, C:\Users\ayubb\Pictures\IMG\right_2026_07_29_19_41_24_765.jpg, 0, 1, 0, 30.18283
C:\Users\ayubb\Pictures\IMG\center_2026_07_29_19_41_24_867.jpg, C:\Users\ayubb\Pictures\IMG\left_2026_07_29_19_41_24_867.jpg, C:\Users\ayubb\Pictures\IMG\right_2026_07_29_19_41_24_867.jpg, 0, 1, 0, 30.18978
C:\Users\ayubb\Pictures\IMG\center_2026_07_29_19_41_24_967.jpg, C:\Users\ayubb\Pictures\IMG\left_2026_07_29_19_41_24_967.jpg, C:\Users\ayubb\Pictures\IMG\right_2026_07_29_19_41_24_967.jpg, 0, 1, 0, 30.18965
C:\Users\ayubb\Pictures\IMG\center_2026_07_29_19_41_25_068.jpg, C:\Users\ayubb\Pictures\IMG\left_2026_07_29_19_41_25_068.jpg, C:\Users\ayubb\Pictures\IMG\right_2026_07_29_19_41_25_068.jpg, 0, 1, 0, 30.1907
C:\Users\ayubb\Pictures\IMG\center_2026_07_29_19_41_25_171.jpg, C:\Users\ayubb\Pictures\IMG\left_2026_07_29_19_41_25_171.jpg, C:\Users\ayubb\Pictures\IMG\right_2026_07_29_19_41_25_171.jpg, 0, 1, 0, 30.19011
C:\Users\ayubb\Pictures\IMG\center_2026_07_29_19_41_25_271.jpg, C:\Users\ayubb\Pictures\IMG\left_2026_07_29_19_41_25_271.jpg, C:\Users\ayubb\Pictures\IMG\right_2026_07_29_19_41_25_271.jpg, 0, 1, 0, 30.18242
C:\Users\ayubb\Pictures\IMG\center_2026_07_29_19_41_25_372.jpg, C:\Users\ayubb\Pictures\IMG\left_2026_07_29_19_41_25_372.jpg, C:\Users\ayubb\Pictures\IMG\right_2026_07_29_19_41_25_372.jpg, 0, 1, 0, 30.18981
C:\Users\ayubb\Pictures\IMG\center_2026_07_29_19_41_25_472.jpg, C:\Users\ayubb\Pictures\IMG\left_2026_07_29_19_41_25_472.jpg, C:\Users\ayubb\Pictures\IMG\right_2026_07_29_19_41_25_472.jpg, 0.195447, 1, 0, 30.17547
C:\Users\ayubb\Pictures\IMG\center_2026_07_29_19_41_25_575.jpg, C:\Users\ayubb\Pictures\IMG\left_2026_07_29_19_41_25_575.jpg, C:\Users\ayubb\Pictures\IMG\right_2026_07_29_19_41_25_575.jpg, 0.04546319, 1, 0, 30.19072
C:\Users\ayubb\Pictures\IMG\center_2026_07_29_19_41_25_680.jpg, C:\Users\ayubb\Pictures\IMG\left_2026_07_29_19_41_25_680.jpg, C:\Users\ayubb\Pictures\IMG\right_2026_07_29_19_41_25_680.jpg, 0.0780072, 1, 0, 30.18989
C:\Users\ayubb\Pictures\IMG\center_2026_07_29_19_41_25_783.jpg, C:\Users\ayubb\Pictures\IMG\left_2026_07_29_19_41_25_783.jpg, C:\Users\ayubb\Pictures\IMG\right_2026_07_29_19_41_25_783.jpg, 0.1207941, 1, 0, 30.19059
C:\Users\ayubb\Pictures\IMG\center_2026_07_29_19_41_25_885.jpg, C:\Users\ayubb\Pictures\IMG\left_2026_07_29_19_41_25_885.jpg, C:\Users\ayubb\Pictures\IMG\right_2026_07_29_19_41_25_885.jpg, 0, 1, 0, 30.19046
C:\Users\ayubb\Pictures\IMG\center_2026_07_29_19_41_25_991.jpg, C:\Users\ayubb\Pictures\IMG\left_2026_07_29_19_41_25_991.jpg, C:\Users\ayubb\Pictures\IMG\right_2026_07_29_19_41_25_991.jpg, 0.1842864, 1, 0, 30.18458
C:\Users\ayubb\Pictures\IMG\center_2026_07_29_19_41_26_094.jpg, C:\Users\ayubb\Pictures\IMG\left_2026_07_29_19_41_26_094.jpg, C:\Users\ayubb\Pictures\IMG\right_2026_07_29_19_41_26_094.jpg, 0, 1, 0, 30.19056
C:\Users\ayubb\Pictures\IMG\center_2026_07_29_19_41_26_198.jpg, C:\Users\ayubb\Pictures\IMG\left_2026_07_29_19_41_26_198.jpg, C:\Users\ayubb\Pictures\IMG\right_2026_07_29_19_41_26_198.jpg, 0.1249368, 1, 0, 30.18775
C:\Users\ayubb\Pictures\IMG\center_2026_07_29_19_41_26_300.jpg, C:\Users\ayubb\Pictures\IMG\left_2026_07_29_19_41_26_300.jpg, C:\Users\ayubb\Pictures\IMG\right_2026_07_29_19_41_26_300.jpg, 0.2360505, 1, 0, 30.18308
C:\Users\ayubb\Pictures\IMG\center_2026_07_29_19_41_26_405.jpg, C:\Users\ayubb\Pictures\IMG\left_2026_07_29_19_41_26_405.jpg, C:\Users\ayubb\Pictures\IMG\right_2026_07_29_19_41_26_405.jpg, 0, 1, 0, 30.18837
C:\Users\ayubb\Pictures\IMG\center_2026_07_29_19_41_26_511.jpg, C:\Users\ayubb\Pictures\IMG\left_2026_07_29_19_41_26_511.jpg, C:\Users\ayubb\Pictures\IMG\right_2026_07_29_19_41_26_511.jpg, 0.1587912, 1, 0, 30.18731
C:\Users\ayubb\Pictures\IMG\center_2026_07_29_19_41_26_618.jpg, C:\Users\ayubb\Pictures\IMG\left_2026_07_29_19_41_26_618.jpg, C:\Users\ayubb\Pictures\IMG\right_2026_07_29_19_41_26_618.jpg, 0.3297542, 1, 0, 30.17666
C:\Users\ayubb\Pictures\IMG\center_2026_07_29_19_41_26_720.jpg, C:\Users\ayubb\Pictures\IMG\left_2026_07_29_19_41_26_720.jpg, C:\Users\ayubb\Pictures\IMG\right_2026_07_29_19_41_26_720.jpg, 0.02208591, 1, 0, 30.18924
C:\Users\ayubb\Pictures\IMG\center_2026_07_29_19_41_26_823.jpg, C:\Users\ayubb\Pictures\IMG\left_2026_07_29_19_41_26_823.jpg, C:\Users\ayubb\Pictures\IMG\right_2026_07_29_19_41_26_823.jpg, 0.0243807, 1, 0, 30.19016
C:\Users\ayubb\Pictures\IMG\center_2026_07_29_19_41_26_924.jpg, C:\Users\ayubb\Pictures\IMG\left_2026_07_29_19_41_26_924.jpg, C:\Users\ayubb\Pictures\IMG\right_2026_07_29_19_41_26_924.jpg, 0.1286514, 1, 0, 30.18924
C:\Users\ayubb\Pictures\IMG\center_2026_07_29_19_41_27_025.jpg, C:\Users\ayubb\Pictures\IMG\left_2026_07_29_19_41_27_025.jpg, C:\Users\ayubb\Pictures\IMG\right_2026_07_29_19_41_27_025.jpg, 0, 1, 0, 30.19004
C:\Users\ayubb\Pictures\IMG\center_2026_07_29_19_41_27_127.jpg, C:\Users\ayubb\Pictures\IMG\left_2026_07_29_19_41_27_127.jpg, C:\Users\ayubb\Pictures\IMG\right_2026_07_29_19_41_27_127.jpg, 0.154974, 1, 0, 30.18559
C:\Users\ayubb\Pictures\IMG\center_2026_07_29_19_41_27_229.jpg, C:\Users\ayubb\Pictures\IMG\left_2026_07_29_19_41_27_229.jpg, C:\Users\ayubb\Pictures\IMG\right_2026_07_29_19_41_27_229.jpg, 0.04698779, 1, 0, 30.19083
C:\Users\ayubb\Pictures\IMG\center_2026_07_29_19_41_27_330.jpg, C:\Users\ayubb\Pictures\IMG\left_2026_07_29_19_41_27_330.jpg, C:\Users\ayubb\Pictures\IMG\right_2026_07_29_19_41_27_330.jpg, 0.09356429, 1, 0, 30.1897
C:\Users\ayubb\Pictures\IMG\center_2026_07_29_19_41_27_433.jpg, C:\Users\ayubb\Pictures\IMG\left_2026_07_29_19_41_27_433.jpg, C:\Users\ayubb\Pictures\IMG\right_2026_07_29_19_41_27_433.jpg, 0.1985214, 1, 0, 30.18544
C:\Users\ayubb\Pictures\IMG\center_2026_07_29_19_41_27_535.jpg, C:\Users\ayubb\Pictures\IMG\left_2026_07_29_19_41_27_535.jpg, C:\Users\ayubb\Pictures\IMG\right_2026_07_29_19_41_27_535.jpg, 0, 1, 0, 30.18933
C:\Users\ayubb\Pictures\IMG\center_2026_07_29_19_41_27_638.jpg, C:\Users\ayubb\Pictures\IMG\left_2026_07_29_19_41_27_638.jpg, C:\Users\ayubb\Pictures\IMG\right_2026_07_29_19_41_27_638.jpg, 0.263091, 1, 0, 30.17753
C:\Users\ayubb\Pictures\IMG\center_2026_07_29_19_41_27_738.jpg, C:\Users\ayubb\Pictures\IMG\left_2026_07_29_19_41_27_738.jpg, C:\Users\ayubb\Pictures\IMG\right_2026_07_29_19_41_27_738.jpg, 0, 1, 0, 30.18899
C:\Users\ayubb\Pictures\IMG\center_2026_07_29_19_41_27_839.jpg, C:\Users\ayubb\Pictures\IMG\left_2026_07_29_19_41_27_839.jpg, C:\Users\ayubb\Pictures\IMG\right_2026_07_29_19_41_27_839.jpg, 0.1807071, 1, 0, 30.18522
C:\Users\ayubb\Pictures\IMG\center_2026_07_29_19_41_27_943.jpg, C:\Users\ayubb\Pictures\IMG\left_2026_07_29_19_41_27_943.jpg, C:\Users\ayubb\Pictures\IMG\right_2026_07_29_19_41_27_943.jpg, 0.02032622, 1, 0, 30.19054
C:\Users\ayubb\Pictures\IMG\center_2026_07_29_19_41_28_046.jpg, C:\Users\ayubb\Pictures\IMG\left_2026_07_29_19_41_28_046.jpg, C:\Users\ayubb\Pictures\IMG\right_2026_07_29_19_41_28_046.jpg, 0, 1, 0, 30.19013
C:\Users\ayubb\Pictures\IMG\center_2026_07_29_19_41_28_148.jpg, C:\Users\ayubb\Pictures\IMG\left_2026_07_29_19_41_28_148.jpg, C:\Users\ayubb\Pictures\IMG\right_2026_07_29_19_41_28_148.jpg, 0, 1, 0, 30.19028
C:\Users\ayubb\Pictures\IMG\center_2026_07_29_19_41_28_251.jpg, C:\Users\ayubb\Pictures\IMG\left_2026_07_29_19_41_28_251.jpg, C:\Users\ayubb\Pictures\IMG\right_2026_07_29_19_41_28_251.jpg, -0.1983561, 1, 0, 30.17872
C:\Users\ayubb\Pictures\IMG\center_2026_07_29_19_41_28_352.jpg, C:\Users\ayubb\Pictures\IMG\left_2026_07_29_19_41_28_352.jpg, C:\Users\ayubb\Pictures\IMG\right_2026_07_29_19_41_28_352.jpg, -0.05339669, 1, 0, 30.19063
C:\Users\ayubb\Pictures\IMG\center_2026_07_29_19_41_28_453.jpg, C:\Users\ayubb\Pictures\IMG\left_2026_07_29_19_41_28_453.jpg, C:\Users\ayubb\Pictures\IMG\right_2026_07_29_19_41_28_453.jpg, 0.1883289, 1, 0, 30.17588
C:\Users\ayubb\Pictures\IMG\center_2026_07_29_19_41_28_556.jpg, C:\Users\ayubb\Pictures\IMG\left_2026_07_29_19_41_28_556.jpg, C:\Users\ayubb\Pictures\IMG\right_2026_07_29_19_41_28_556.jpg, 0.1091196, 1, 0, 30.1902
C:\Users\ayubb\Pictures\IMG\center_2026_07_29_19_41_28_659.jpg, C:\Users\ayubb\Pictures\IMG\left_2026_07_29_19_41_28_659.jpg, C:\Users\ayubb\Pictures\IMG\right_2026_07_29_19_41_28_659.jpg, 0, 1, 0, 30.18974
C:\Users\ayubb\Pictures\IMG\center_2026_07_29_19_41_28_758.jpg, C:\Users\ayubb\Pictures\IMG\left_2026_07_29_19_41_28_758.jpg, C:\Users\ayubb\Pictures\IMG\right_2026_07_29_19_41_28_758.jpg, 0, 1, 0, 30.19022
C:\Users\ayubb\Pictures\IMG\center_2026_07_29_19_41_28_862.jpg, C:\Users\ayubb\Pictures\IMG\left_2026_07_29_19_41_28_862.jpg, C:\Users\ayubb\Pictures\IMG\right_2026_07_29_19_41_28_862.jpg, 0, 1, 0, 30.1903
C:\Users\ayubb\Pictures\IMG\center_2026_07_29_19_41_28_965.jpg, C:\Users\ayubb\Pictures\IMG\left_2026_07_29_19_41_28_965.jpg, C:\Users\ayubb\Pictures\IMG\right_2026_07_29_19_41_28_965.jpg, 0, 1, 0, 30.1903
C:\Users\ayubb\Pictures\IMG\center_2026_07_29_19_41_29_067.jpg, C:\Users\ayubb\Pictures\IMG\left_2026_07_29_19_41_29_067.jpg, C:\Users\ayubb\Pictures\IMG\right_2026_07_29_19_41_29_067.jpg, 0, 1, 0, 30.19027
C:\Users\ayubb\Pictures\IMG\center_2026_07_29_19_41_29_167.jpg, C:\Users\ayubb\Pictures\IMG\left_2026_07_29_19_41_29_167.jpg, C:\Users\ayubb\Pictures\IMG\right_2026_07_29_19_41_29_167.jpg, 0, 1, 0, 30.19029
C:\Users\ayubb\Pictures\IMG\center_2026_07_29_19_41_29_269.jpg, C:\Users\ayubb\Pictures\IMG\left_2026_07_29_19_41_29_269.jpg, C:\Users\ayubb\Pictures\IMG\right_2026_07_29_19_41_29_269.jpg, 0.1910592, 1, 0, 30.18058
C:\Users\ayubb\Pictures\IMG\center_2026_07_29_19_41_29_370.jpg, C:\Users\ayubb\Pictures\IMG\left_2026_07_29_19_41_29_370.jpg, C:\Users\ayubb\Pictures\IMG\right_2026_07_29_19_41_29_370.jpg, 0, 1, 0, 30.18991
C:\Users\ayubb\Pictures\IMG\center_2026_07_29_19_41_29_472.jpg, C:\Users\ayubb\Pictures\IMG\left_2026_07_29_19_41_29_472.jpg, C:\Users\ayubb\Pictures\IMG\right_2026_07_29_19_41_29_472.jpg, 0, 1, 0, 30.19014
C:\Users\ayubb\Pictures\IMG\center_2026_07_29_19_41_29_572.jpg, C:\Users\ayubb\Pictures\IMG\left_2026_07_29_19_41_29_572.jpg, C:\Users\ayubb\Pictures\IMG\right_2026_07_29_19_41_29_572.jpg, -0.1109751, 1, 0, 30.18643
C:\Users\ayubb\Pictures\IMG\center_2026_07_29_19_41_29_674.jpg, C:\Users\ayubb\Pictures\IMG\left_2026_07_29_19_41_29_674.jpg, C:\Users\ayubb\Pictures\IMG\right_2026_07_29_19_41_29_674.jpg, -0.08991033, 1, 0, 30.18992
C:\Users\ayubb\Pictures\IMG\center_2026_07_29_19_41_29_775.jpg, C:\Users\ayubb\Pictures\IMG\left_2026_07_29_19_41_29_775.jpg, C:\Users\ayubb\Pictures\IMG\right_2026_07_29_19_41_29_775.jpg, 0, 1, 0, 30.18999
C:\Users\ayubb\Pictures\IMG\center_2026_07_29_19_41_29_876.jpg, C:\Users\ayubb\Pictures\IMG\left_2026_07_29_19_41_29_876.jpg, C:\Users\ayubb\Pictures\IMG\right_2026_07_29_19_41_29_876.jpg, 0.2798688, 1, 0, 30.16842
C:\Users\ayubb\Pictures\IMG\center_2026_07_29_19_41_29_978.jpg, C:\Users\ayubb\Pictures\IMG\left_2026_07_29_19_41_29_978.jpg, C:\Users\ayubb\Pictures\IMG\right_2026_07_29_19_41_29_978.jpg, 0, 1, 0, 30.18929
C:\Users\ayubb\Pictures\IMG\center_2026_07_29_19_41_30_081.jpg, C:\Users\ayubb\Pictures\IMG\left_2026_07_29_19_41_30_081.jpg, C:\Users\ayubb\Pictures\IMG\right_2026_07_29_19_41_30_081.jpg, 0, 1, 0, 30.19008
C:\Users\ayubb\Pictures\IMG\center_2026_07_29_19_41_30_182.jpg, C:\Users\ayubb\Pictures\IMG\left_2026_07_29_19_41_30_182.jpg, C:\Users\ayubb\Pictures\IMG\right_2026_07_29_19_41_30_182.jpg, 0, 1, 0, 30.19026
C:\Users\ayubb\Pictures\IMG\center_2026_07_29_19_41_30_285.jpg, C:\Users\ayubb\Pictures\IMG\left_2026_07_29_19_41_30_285.jpg, C:\Users\ayubb\Pictures\IMG\right_2026_07_29_19_41_30_285.jpg, 0, 1, 0, 30.1903
C:\Users\ayubb\Pictures\IMG\center_2026_07_29_19_41_30_387.jpg, C:\Users\ayubb\Pictures\IMG\left_2026_07_29_19_41_30_387.jpg, C:\Users\ayubb\Pictures\IMG\right_2026_07_29_19_41_30_387.jpg, 0, 1, 0, 30.1903
C:\Users\ayubb\Pictures\IMG\center_2026_07_29_19_41_30_487.jpg, C:\Users\ayubb\Pictures\IMG\left_2026_07_29_19_41_30_487.jpg, C:\Users\ayubb\Pictures\IMG\right_2026_07_29_19_41_30_487.jpg, 0, 1, 0, 30.19032
C:\Users\ayubb\Pictures\IMG\center_2026_07_29_19_41_30_590.jpg, C:\Users\ayubb\Pictures\IMG\left_2026_07_29_19_41_30_590.jpg, C:\Users\ayubb\Pictures\IMG\right_2026_07_29_19_41_30_590.jpg, 0, 1, 0, 30.19031
C:\Users\ayubb\Pictures\IMG\center_2026_07_29_19_41_30_692.jpg, C:\Users\ayubb\Pictures\IMG\left_2026_07_29_19_41_30_692.jpg, C:\Users\ayubb\Pictures\IMG\right_2026_07_29_19_41_30_692.jpg, 0, 1, 0, 30.19029
C:\Users\ayubb\Pictures\IMG\center_2026_07_29_19_41_30_794.jpg, C:\Users\ayubb\Pictures\IMG\left_2026_07_29_19_41_30_794.jpg, C:\Users\ayubb\Pictures\IMG\right_2026_07_29_19_41_30_794.jpg, 0, 1, 0, 30.19031
C:\Users\ayubb\Pictures\IMG\center_2026_07_29_19_41_30_895.jpg, C:\Users\ayubb\Pictures\IMG\left_2026_07_29_19_41_30_895.jpg, C:\Users\ayubb\Pictures\IMG\right_2026_07_29_19_41_30_895.jpg, 0, 1, 0, 30.19027
C:\Users\ayubb\Pictures\IMG\center_2026_07_29_19_41_30_995.jpg, C:\Users\ayubb\Pictures\IMG\left_2026_07_29_19_41_30_995.jpg, C:\Users\ayubb\Pictures\IMG\right_2026_07_29_19_41_30_995.jpg, -0.0786693, 1, 0, 30.18878
C:\Users\ayubb\Pictures\IMG\center_2026_07_29_19_41_31_097.jpg, C:\Users\ayubb\Pictures\IMG\left_2026_07_29_19_41_31_097.jpg, C:\Users\ayubb\Pictures\IMG\right_2026_07_29_19_41_31_097.jpg, -0.1513512, 1, 0, 30.18845
C:\Users\ayubb\Pictures\IMG\center_2026_07_29_19_41_31_199.jpg, C:\Users\ayubb\Pictures\IMG\left_2026_07_29_19_41_31_199.jpg, C:\Users\ayubb\Pictures\IMG\right_2026_07_29_19_41_31_199.jpg, 0, 1, 0, 30.18964
C:\Users\ayubb\Pictures\IMG\center_2026_07_29_19_41_31_299.jpg, C:\Users\ayubb\Pictures\IMG\left_2026_07_29_19_41_31_299.jpg, C:\Users\ayubb\Pictures\IMG\right_2026_07_29_19_41_31_299.jpg, 0, 1, 0, 30.1902
C:\Users\ayubb\Pictures\IMG\center_2026_07_29_19_41_31_400.jpg, C:\Users\ayubb\Pictures\IMG\left_2026_07_29_19_41_31_400.jpg, C:\Users\ayubb\Pictures\IMG\right_2026_07_29_19_41_31_400.jpg, 0, 1, 0, 30.19036
C:\Users\ayubb\Pictures\IMG\center_2026_07_29_19_41_31_500.jpg, C:\Users\ayubb\Pictures\IMG\left_2026_07_29_19_41_31_500.jpg, C:\Users\ayubb\Pictures\IMG\right_2026_07_29_19_41_31_500.jpg, 0, 1, 0, 30.1903
C:\Users\ayubb\Pictures\IMG\center_2026_07_29_19_41_31_603.jpg, C:\Users\ayubb\Pictures\IMG\left_2026_07_29_19_41_31_603.jpg, C:\Users\ayubb\Pictures\IMG\right_2026_07_29_19_41_31_603.jpg, 0, 1, 0, 30.1903
C:\Users\ayubb\Pictures\IMG\center_2026_07_29_19_41_31_705.jpg, C:\Users\ayubb\Pictures\IMG\left_2026_07_29_19_41_31_705.jpg, C:\Users\ayubb\Pictures\IMG\right_2026_07_29_19_41_31_705.jpg, 0, 1, 0, 30.19027
C:\Users\ayubb\Pictures\IMG\center_2026_07_29_19_41_31_807.jpg, C:\Users\ayubb\Pictures\IMG\left_2026_07_29_19_41_31_807.jpg, C:\Users\ayubb\Pictures\IMG\right_2026_07_29_19_41_31_807.jpg, 0, 1, 0, 30.19045
C:\Users\ayubb\Pictures\IMG\center_2026_07_29_19_41_31_909.jpg, C:\Users\ayubb\Pictures\IMG\left_2026_07_29_19_41_31_909.jpg, C:\Users\ayubb\Pictures\IMG\right_2026_07_29_19_41_31_909.jpg, 0, 1, 0, 30.19028
C:\Users\ayubb\Pictures\IMG\center_2026_07_29_19_41_32_008.jpg, C:\Users\ayubb\Pictures\IMG\left_2026_07_29_19_41_32_008.jpg, C:\Users\ayubb\Pictures\IMG\right_2026_07_29_19_41_32_008.jpg, 0, 1, 0, 30.19034
C:\Users\ayubb\Pictures\IMG\center_2026_07_29_19_41_32_111.jpg, C:\Users\ayubb\Pictures\IMG\left_2026_07_29_19_41_32_111.jpg, C:\Users\ayubb\Pictures\IMG\right_2026_07_29_19_41_32_111.jpg, 0, 1, 0, 30.1903
C:\Users\ayubb\Pictures\IMG\center_2026_07_29_19_41_32_212.jpg, C:\Users\ayubb\Pictures\IMG\left_2026_07_29_19_41_32_212.jpg, C:\Users\ayubb\Pictures\IMG\right_2026_07_29_19_41_32_212.jpg, 0, 1, 0, 30.19031
C:\Users\ayubb\Pictures\IMG\center_2026_07_29_19_41_32_314.jpg, C:\Users\ayubb\Pictures\IMG\left_2026_07_29_19_41_32_314.jpg, C:\Users\ayubb\Pictures\IMG\right_2026_07_29_19_41_32_314.jpg, 0, 1, 0, 30.1903
C:\Users\ayubb\Pictures\IMG\center_2026_07_29_19_41_32_414.jpg, C:\Users\ayubb\Pictures\IMG\left_2026_07_29_19_41_32_414.jpg, C:\Users\ayubb\Pictures\IMG\right_2026_07_29_19_41_32_414.jpg, 0, 1, 0, 30.19027
C:\Users\ayubb\Pictures\IMG\center_2026_07_29_19_41_32_515.jpg, C:\Users\ayubb\Pictures\IMG\left_2026_07_29_19_41_32_515.jpg, C:\Users\ayubb\Pictures\IMG\right_2026_07_29_19_41_32_515.jpg, 0, 1, 0, 30.1903
C:\Users\ayubb\Pictures\IMG\center_2026_07_29_19_41_32_617.jpg, C:\Users\ayubb\Pictures\IMG\left_2026_07_29_19_41_32_617.jpg, C:\Users\ayubb\Pictures\IMG\right_2026_07_29_19_41_32_617.jpg, -0.3553524, 1, 0, 30.16078
C:\Users\ayubb\Pictures\IMG\center_2026_07_29_19_41_32_719.jpg, C:\Users\ayubb\Pictures\IMG\left_2026_07_29_19_41_32_719.jpg, C:\Users\ayubb\Pictures\IMG\right_2026_07_29_19_41_32_719.jpg, -0.1730307, 1, 0, 30.1911
C:\Users\ayubb\Pictures\IMG\center_2026_07_29_19_41_32_821.jpg, C:\Users\ayubb\Pictures\IMG\left_2026_07_29_19_41_32_821.jpg, C:\Users\ayubb\Pictures\IMG\right_2026_07_29_19_41_32_821.jpg, 0, 1, 0, 30.18884
C:\Users\ayubb\Pictures\IMG\center_2026_07_29_19_41_32_922.jpg, C:\Users\ayubb\Pictures\IMG\left_2026_07_29_19_41_32_922.jpg, C:\Users\ayubb\Pictures\IMG\right_2026_07_29_19_41_32_922.jpg, 0, 1, 0, 30.19002
C:\Users\ayubb\Pictures\IMG\center_2026_07_29_19_41_33_022.jpg, C:\Users\ayubb\Pictures\IMG\left_2026_07_29_19_41_33_022.jpg, C:\Users\ayubb\Pictures\IMG\right_2026_07_29_19_41_33_022.jpg, 0, 1, 0, 30.1903
C:\Users\ayubb\Pictures\IMG\center_2026_07_29_19_41_33_123.jpg, C:\Users\ayubb\Pictures\IMG\left_2026_07_29_19_41_33_123.jpg, C:\Users\ayubb\Pictures\IMG\right_2026_07_29_19_41_33_123.jpg, -0.1273662, 1, 0, 30.18624
C:\Users\ayubb\Pictures\IMG\center_2026_07_29_19_41_33_225.jpg, C:\Users\ayubb\Pictures\IMG\left_2026_07_29_19_41_33_225.jpg, C:\Users\ayubb\Pictures\IMG\right_2026_07_29_19_41_33_225.jpg, -0.2966703, 1, 0, 30.1726
C:\Users\ayubb\Pictures\IMG\center_2026_07_29_19_41_33_325.jpg, C:\Users\ayubb\Pictures\IMG\left_2026_07_29_19_41_33_325.jpg, C:\Users\ayubb\Pictures\IMG\right_2026_07_29_19_41_33_325.jpg, -0.00104313, 1, 0, 30.18876
C:\Users\ayubb\Pictures\IMG\center_2026_07_29_19_41_33_427.jpg, C:\Users\ayubb\Pictures\IMG\left_2026_07_29_19_41_33_427.jpg, C:\Users\ayubb\Pictures\IMG\right_2026_07_29_19_41_33_427.jpg, -0.2013735, 1, 0, 30.18439
C:\Users\ayubb\Pictures\IMG\center_2026_07_29_19_41_33_528.jpg, C:\Users\ayubb\Pictures\IMG\left_2026_07_29_19_41_33_528.jpg, C:\Users\ayubb\Pictures\IMG\right_2026_07_29_19_41_33_528.jpg, -0.04256395, 1, 0, 30.19094
C:\Users\ayubb\Pictures\IMG\center_2026_07_29_19_41_33_629.jpg, C:\Users\ayubb\Pictures\IMG\left_2026_07_29_19_41_33_629.jpg, C:\Users\ayubb\Pictures\IMG\right_2026_07_29_19_41_33_629.jpg, -0.0348849, 1, 0, 30.19016
C:\Users\ayubb\Pictures\IMG\center_2026_07_29_19_41_33_729.jpg, C:\Users\ayubb\Pictures\IMG\left_2026_07_29_19_41_33_729.jpg, C:\Users\ayubb\Pictures\IMG\right_2026_07_29_19_41_33_729.jpg, -0.3333756, 1, 0, 30.16746
C:\Users\ayubb\Pictures\IMG\center_2026_07_29_19_41_33_830.jpg, C:\Users\ayubb\Pictures\IMG\left_2026_07_29_19_41_33_830.jpg, C:\Users\ayubb\Pictures\IMG\right_2026_07_29_19_41_33_830.jpg, -0.454906, 1, 0, 30.16338
C:\Users\ayubb\Pictures\IMG\center_2026_07_29_19_41_33_931.jpg, C:\Users\ayubb\Pictures\IMG\left_2026_07_29_19_41_33_931.jpg, C:\Users\ayubb\Pictures\IMG\right_2026_07_29_19_41_33_931.jpg, -0.1522219, 1, 0, 30.19392
C:\Users\ayubb\Pictures\IMG\center_2026_07_29_19_41_34_034.jpg, C:\Users\ayubb\Pictures\IMG\left_2026_07_29_19_41_34_034.jpg, C:\Users\ayubb\Pictures\IMG\right_2026_07_29_19_41_34_034.jpg, 0, 1, 0, 30.18849
C:\Users\ayubb\Pictures\IMG\center_2026_07_29_19_41_34_134.jpg, C:\Users\ayubb\Pictures\IMG\left_2026_07_29_19_41_34_134.jpg, C:\Users\ayubb\Pictures\IMG\right_2026_07_29_19_41_34_134.jpg, -0.2577606, 1, 0, 30.18111
C:\Users\ayubb\Pictures\IMG\center_2026_07_29_19_41_34_236.jpg, C:\Users\ayubb\Pictures\IMG\left_2026_07_29_19_41_34_236.jpg, C:\Users\ayubb\Pictures\IMG\right_2026_07_29_19_41_34_236.jpg, -0.5570474, 1, 0, 30.13903
C:\Users\ayubb\Pictures\IMG\center_2026_07_29_19_41_34_336.jpg, C:\Users\ayubb\Pictures\IMG\left_2026_07_29_19_41_34_336.jpg, C:\Users\ayubb\Pictures\IMG\right_2026_07_29_19_41_34_336.jpg, -0.2170881, 1, 0, 30.19419
C:\Users\ayubb\Pictures\IMG\center_2026_07_29_19_41_34_438.jpg, C:\Users\ayubb\Pictures\IMG\left_2026_07_29_19_41_34_438.jpg, C:\Users\ayubb\Pictures\IMG\right_2026_07_29_19_41_34_438.jpg, 0, 1, 0, 30.18689
C:\Users\ayubb\Pictures\IMG\center_2026_07_29_19_41_34_538.jpg, C:\Users\ayubb\Pictures\IMG\left_2026_07_29_19_41_34_538.jpg, C:\Users\ayubb\Pictures\IMG\right_2026_07_29_19_41_34_538.jpg, 0, 1, 0, 30.19037
C:\Users\ayubb\Pictures\IMG\center_2026_07_29_19_41_34_640.jpg, C:\Users\ayubb\Pictures\IMG\left_2026_07_29_19_41_34_640.jpg, C:\Users\ayubb\Pictures\IMG\right_2026_07_29_19_41_34_640.jpg, -0.09020159, 1, 0, 30.18924
C:\Users\ayubb\Pictures\IMG\center_2026_07_29_19_41_34_742.jpg, C:\Users\ayubb\Pictures\IMG\left_2026_07_29_19_41_34_742.jpg, C:\Users\ayubb\Pictures\IMG\right_2026_07_29_19_41_34_742.jpg, -0.07385252, 1, 0, 30.19225
C:\Users\ayubb\Pictures\IMG\center_2026_07_29_19_41_34_844.jpg, C:\Users\ayubb\Pictures\IMG\left_2026_07_29_19_41_34_844.jpg, C:\Users\ayubb\Pictures\IMG\right_2026_07_29_19_41_34_844.jpg, -0.0616407, 1, 0, 30.18986
C:\Users\ayubb\Pictures\IMG\center_2026_07_29_19_41_34_945.jpg, C:\Users\ayubb\Pictures\IMG\left_2026_07_29_19_41_34_945.jpg, C:\Users\ayubb\Pictures\IMG\right_2026_07_29_19_41_34_945.jpg, -0.3624444, 1, 0, 30.16306
C:\Users\ayubb\Pictures\IMG\center_2026_07_29_19_41_35_045.jpg, C:\Users\ayubb\Pictures\IMG\left_2026_07_29_19_41_35_045.jpg, C:\Users\ayubb\Pictures\IMG\right_2026_07_29_19_41_35_045.jpg, -0.6606151, 1, 0, 30.12121
C:\Users\ayubb\Pictures\IMG\center_2026_07_29_19_41_35_149.jpg, C:\Users\ayubb\Pictures\IMG\left_2026_07_29_19_41_35_149.jpg, C:\Users\ayubb\Pictures\IMG\right_2026_07_29_19_41_35_149.jpg, -0.4120516, 1, 0, 30.1893
C:\Users\ayubb\Pictures\IMG\center_2026_07_29_19_41_35_251.jpg, C:\Users\ayubb\Pictures\IMG\left_2026_07_29_19_41_35_251.jpg, C:\Users\ayubb\Pictures\IMG\right_2026_07_29_19_41_35_251.jpg, -0.1109256, 1, 0, 30.19241
C:\Users\ayubb\Pictures\IMG\center_2026_07_29_19_41_35_352.jpg, C:\Users\ayubb\Pictures\IMG\left_2026_07_29_19_41_35_352.jpg, C:\Users\ayubb\Pictures\IMG\right_2026_07_29_19_41_35_352.jpg, -0.1126905, 1, 0, 30.19179
C:\Users\ayubb\Pictures\IMG\center_2026_07_29_19_41_35_455.jpg, C:\Users\ayubb\Pictures\IMG\left_2026_07_29_19_41_35_455.jpg, C:\Users\ayubb\Pictures\IMG\right_2026_07_29_19_41_35_455.jpg, -0.394992, 1, 0, 30.16661
C:\Users\ayubb\Pictures\IMG\center_2026_07_29_19_41_35_557.jpg, C:\Users\ayubb\Pictures\IMG\left_2026_07_29_19_41_35_557.jpg, C:\Users\ayubb\Pictures\IMG\right_2026_07_29_19_41_35_557.jpg, -0.04316008, 1, 0, 30.19081
C:\Users\ayubb\Pictures\IMG\center_2026_07_29_19_41_35_660.jpg, C:\Users\ayubb\Pictures\IMG\left_2026_07_29_19_41_35_660.jpg, C:\Users\ayubb\Pictures\IMG\right_2026_07_29_19_41_35_660.jpg, 0, 1, 0, 30.18983
C:\Users\ayubb\Pictures\IMG\center_2026_07_29_19_41_35_763.jpg, C:\Users\ayubb\Pictures\IMG\left_2026_07_29_19_41_35_763.jpg, C:\Users\ayubb\Pictures\IMG\right_2026_07_29_19_41_35_763.jpg, -0.2331822, 1, 0, 30.17972
C:\Users\ayubb\Pictures\IMG\center_2026_07_29_19_41_35_866.jpg, C:\Users\ayubb\Pictures\IMG\left_2026_07_29_19_41_35_866.jpg, C:\Users\ayubb\Pictures\IMG\right_2026_07_29_19_41_35_866.jpg, -0.2374403, 1, 0, 30.18716
C:\Users\ayubb\Pictures\IMG\center_2026_07_29_19_41_35_969.jpg, C:\Users\ayubb\Pictures\IMG\left_2026_07_29_19_41_35_969.jpg, C:\Users\ayubb\Pictures\IMG\right_2026_07_29_19_41_35_969.jpg, -0.0110802, 1, 0, 30.18847
C:\Users\ayubb\Pictures\IMG\center_2026_07_29_19_41_36_072.jpg, C:\Users\ayubb\Pictures\IMG\left_2026_07_29_19_41_36_072.jpg, C:\Users\ayubb\Pictures\IMG\right_2026_07_29_19_41_36_072.jpg, -0.3094962, 1, 0, 30.17422
C:\Users\ayubb\Pictures\IMG\center_2026_07_29_19_41_36_172.jpg, C:\Users\ayubb\Pictures\IMG\left_2026_07_29_19_41_36_172.jpg, C:\Users\ayubb\Pictures\IMG\right_2026_07_29_19_41_36_172.jpg, -0.09326159, 1, 0, 30.19196
C:\Users\ayubb\Pictures\IMG\center_2026_07_29_19_41_36_275.jpg, C:\Users\ayubb\Pictures\IMG\left_2026_07_29_19_41_36_275.jpg, C:\Users\ayubb\Pictures\IMG\right_2026_07_29_19_41_36_275.jpg, 0, 1, 0, 30.18944
C:\Users\ayubb\Pictures\IMG\center_2026_07_29_19_41_36_378.jpg, C:\Users\ayubb\Pictures\IMG\left_2026_07_29_19_41_36_378.jpg, C:\Users\ayubb\Pictures\IMG\right_2026_07_29_19_41_36_378.jpg, -0.2677905, 1, 0, 30.17566
C:\Users\ayubb\Pictures\IMG\center_2026_07_29_19_41_36_481.jpg, C:\Users\ayubb\Pictures\IMG\left_2026_07_29_19_41_36_481.jpg, C:\Users\ayubb\Pictures\IMG\right_2026_07_29_19_41_36_481.jpg, -0.3039081, 1, 0, 30.18379
C:\Users\ayubb\Pictures\IMG\center_2026_07_29_19_41_36_585.jpg, C:\Users\ayubb\Pictures\IMG\left_2026_07_29_19_41_36_585.jpg, C:\Users\ayubb\Pictures\IMG\right_2026_07_29_19_41_36_585.jpg, -0.004541952, 1, 0, 30.18767
C:\Users\ayubb\Pictures\IMG\center_2026_07_29_19_41_36_688.jpg, C:\Users\ayubb\Pictures\IMG\left_2026_07_29_19_41_36_688.jpg, C:\Users\ayubb\Pictures\IMG\right_2026_07_29_19_41_36_688.jpg, -0.2808892, 1, 0, 30.18145
C:\Users\ayubb\Pictures\IMG\center_2026_07_29_19_41_36_791.jpg, C:\Users\ayubb\Pictures\IMG\left_2026_07_29_19_41_36_791.jpg, C:\Users\ayubb\Pictures\IMG\right_2026_07_29_19_41_36_791.jpg, -0.5092194, 1, 0, 30.1508
C:\Users\ayubb\Pictures\IMG\center_2026_07_29_19_41_36_892.jpg, C:\Users\ayubb\Pictures\IMG\left_2026_07_29_19_41_36_892.jpg, C:\Users\ayubb\Pictures\IMG\right_2026_07_29_19_41_36_892.jpg, -0.2167911, 1, 0, 30.19471
C:\Users\ayubb\Pictures\IMG\center_2026_07_29_19_41_36_993.jpg, C:\Users\ayubb\Pictures\IMG\left_2026_07_29_19_41_36_993.jpg, C:\Users\ayubb\Pictures\IMG\right_2026_07_29_19_41_36_993.jpg, 0, 1, 0, 30.1869
C:\Users\ayubb\Pictures\IMG\center_2026_07_29_19_41_37_094.jpg, C:\Users\ayubb\Pictures\IMG\left_2026_07_29_19_41_37_094.jpg, C:\Users\ayubb\Pictures\IMG\right_2026_07_29_19_41_37_094.jpg, 0, 1, 0, 30.19153
C:\Users\ayubb\Pictures\IMG\center_2026_07_29_19_41_37_195.jpg, C:\Users\ayubb\Pictures\IMG\left_2026_07_29_19_41_37_195.jpg, C:\Users\ayubb\Pictures\IMG\right_2026_07_29_19_41_37_195.jpg, 0, 1, 0, 30.19002
C:\Users\ayubb\Pictures\IMG\center_2026_07_29_19_41_37_296.jpg, C:\Users\ayubb\Pictures\IMG\left_2026_07_29_19_41_37_296.jpg, C:\Users\ayubb\Pictures\IMG\right_2026_07_29_19_41_37_296.jpg, 0, 1, 0, 30.19023
C:\Users\ayubb\Pictures\IMG\center_2026_07_29_19_41_37_397.jpg, C:\Users\ayubb\Pictures\IMG\left_2026_07_29_19_41_37_397.jpg, C:\Users\ayubb\Pictures\IMG\right_2026_07_29_19_41_37_397.jpg, 0, 1, 0, 30.19033
C:\Users\ayubb\Pictures\IMG\center_2026_07_29_19_41_37_501.jpg, C:\Users\ayubb\Pictures\IMG\left_2026_07_29_19_41_37_501.jpg, C:\Users\ayubb\Pictures\IMG\right_2026_07_29_19_41_37_501.jpg, 0, 1, 0, 30.19032
C:\Users\ayubb\Pictures\IMG\center_2026_07_29_19_41_37_605.jpg, C:\Users\ayubb\Pictures\IMG\left_2026_07_29_19_41_37_605.jpg, C:\Users\ayubb\Pictures\IMG\right_2026_07_29_19_41_37_605.jpg, 0, 1, 0, 30.1904
C:\Users\ayubb\Pictures\IMG\center_2026_07_29_19_41_37_706.jpg, C:\Users\ayubb\Pictures\IMG\left_2026_07_29_19_41_37_706.jpg, C:\Users\ayubb\Pictures\IMG\right_2026_07_29_19_41_37_706.jpg, 0, 1, 0, 30.19031
C:\Users\ayubb\Pictures\IMG\center_2026_07_29_19_41_37_809.jpg, C:\Users\ayubb\Pictures\IMG\left_2026_07_29_19_41_37_809.jpg, C:\Users\ayubb\Pictures\IMG\right_2026_07_29_19_41_37_809.jpg, 0, 1, 0, 30.19033
C:\Users\ayubb\Pictures\IMG\center_2026_07_29_19_41_37_912.jpg, C:\Users\ayubb\Pictures\IMG\left_2026_07_29_19_41_37_912.jpg, C:\Users\ayubb\Pictures\IMG\right_2026_07_29_19_41_37_912.jpg, 0, 1, 0, 30.1903
C:\Users\ayubb\Pictures\IMG\center_2026_07_29_19_41_38_013.jpg, C:\Users\ayubb\Pictures\IMG\left_2026_07_29_19_41_38_013.jpg, C:\Users\ayubb\Pictures\IMG\right_2026_07_29_19_41_38_013.jpg, 0, 1, 0, 30.19028
C:\Users\ayubb\Pictures\IMG\center_2026_07_29_19_41_38_114.jpg, C:\Users\ayubb\Pictures\IMG\left_2026_07_29_19_41_38_114.jpg, C:\Users\ayubb\Pictures\IMG\right_2026_07_29_19_41_38_114.jpg, 0, 1, 0, 30.19029
C:\Users\ayubb\Pictures\IMG\center_2026_07_29_19_41_38_217.jpg, C:\Users\ayubb\Pictures\IMG\left_2026_07_29_19_41_38_217.jpg, C:\Users\ayubb\Pictures\IMG\right_2026_07_29_19_41_38_217.jpg, 0, 1, 0, 30.19016
C:\Users\ayubb\Pictures\IMG\center_2026_07_29_19_41_38_320.jpg, C:\Users\ayubb\Pictures\IMG\left_2026_07_29_19_41_38_320.jpg, C:\Users\ayubb\Pictures\IMG\right_2026_07_29_19_41_38_320.jpg, 0, 1, 0, 30.19
C:\Users\ayubb\Pictures\IMG\center_2026_07_29_19_41_38_423.jpg, C:\Users\ayubb\Pictures\IMG\left_2026_07_29_19_41_38_423.jpg, C:\Users\ayubb\Pictures\IMG\right_2026_07_29_19_41_38_423.jpg, 0, 1, 0, 30.18965
C:\Users\ayubb\Pictures\IMG\center_2026_07_29_19_41_38_527.jpg, C:\Users\ayubb\Pictures\IMG\left_2026_07_29_19_41_38_527.jpg, C:\Users\ayubb\Pictures\IMG\right_2026_07_29_19_41_38_527.jpg, 0.2304987, 1, 0, 30.17615
C:\Users\ayubb\Pictures\IMG\center_2026_07_29_19_41_38_629.jpg, C:\Users\ayubb\Pictures\IMG\left_2026_07_29_19_41_38_629.jpg, C:\Users\ayubb\Pictures\IMG\right_2026_07_29_19_41_38_629.jpg, 0, 1, 0, 30.18897
C:\Users\ayubb\Pictures\IMG\center_2026_07_29_19_41_38_731.jpg, C:\Users\ayubb\Pictures\IMG\left_2026_07_29_19_41_38_731.jpg, C:\Users\ayubb\Pictures\IMG\right_2026_07_29_19_41_38_731.jpg, 0, 1, 0, 30.19
C:\Users\ayubb\Pictures\IMG\center_2026_07_29_19_41_38_832.jpg, C:\Users\ayubb\Pictures\IMG\left_2026_07_29_19_41_38_832.jpg, C:\Users\ayubb\Pictures\IMG\right_2026_07_29_19_41_38_832.jpg, 0.257691, 1, 0, 30.17554
C:\Users\ayubb\Pictures\IMG\center_2026_07_29_19_41_38_932.jpg, C:\Users\ayubb\Pictures\IMG\left_2026_07_29_19_41_38_932.jpg, C:\Users\ayubb\Pictures\IMG\right_2026_07_29_19_41_38_932.jpg, 0.04925487, 1, 0, 30.19072
C:\Users\ayubb\Pictures\IMG\center_2026_07_29_19_41_39_033.jpg, C:\Users\ayubb\Pictures\IMG\left_2026_07_29_19_41_39_033.jpg, C:\Users\ayubb\Pictures\IMG\right_2026_07_29_19_41_39_033.jpg, 0, 1, 0, 30.19015
C:\Users\ayubb\Pictures\IMG\center_2026_07_29_19_41_39_135.jpg, C:\Users\ayubb\Pictures\IMG\left_2026_07_29_19_41_39_135.jpg, C:\Users\ayubb\Pictures\IMG\right_2026_07_29_19_41_39_135.jpg, 0, 1, 0, 30.19026
C:\Users\ayubb\Pictures\IMG\center_2026_07_29_19_41_39_238.jpg, C:\Users\ayubb\Pictures\IMG\left_2026_07_29_19_41_39_238.jpg, C:\Users\ayubb\Pictures\IMG\right_2026_07_29_19_41_39_238.jpg, 0.0251037, 1, 0, 30.19028
C:\Users\ayubb\Pictures\IMG\center_2026_07_29_19_41_39_342.jpg, C:\Users\ayubb\Pictures\IMG\left_2026_07_29_19_41_39_342.jpg, C:\Users\ayubb\Pictures\IMG\right_2026_07_29_19_41_39_342.jpg, 0.1432833, 1, 0, 30.18694
C:\Users\ayubb\Pictures\IMG\center_2026_07_29_19_41_39_442.jpg, C:\Users\ayubb\Pictures\IMG\left_2026_07_29_19_41_39_442.jpg, C:\Users\ayubb\Pictures\IMG\right_2026_07_29_19_41_39_442.jpg, 0, 1, 0, 30.19005
C:\Users\ayubb\Pictures\IMG\center_2026_07_29_19_41_39_543.jpg, C:\Users\ayubb\Pictures\IMG\left_2026_07_29_19_41_39_543.jpg, C:\Users\ayubb\Pictures\IMG\right_2026_07_29_19_41_39_543.jpg, 0, 1, 0, 30.19037
C:\Users\ayubb\Pictures\IMG\center_2026_07_29_19_41_39_645.jpg, C:\Users\ayubb\Pictures\IMG\left_2026_07_29_19_41_39_645.jpg, C:\Users\ayubb\Pictures\IMG\right_2026_07_29_19_41_39_645.jpg, 0, 1, 0, 30.19038
C:\Users\ayubb\Pictures\IMG\center_2026_07_29_19_41_39_745.jpg, C:\Users\ayubb\Pictures\IMG\left_2026_07_29_19_41_39_745.jpg, C:\Users\ayubb\Pictures\IMG\right_2026_07_29_19_41_39_745.jpg, 0.1888992, 1, 0, 30.18141
C:\Users\ayubb\Pictures\IMG\center_2026_07_29_19_41_39_847.jpg, C:\Users\ayubb\Pictures\IMG\left_2026_07_29_19_41_39_847.jpg, C:\Users\ayubb\Pictures\IMG\right_2026_07_29_19_41_39_847.jpg, 0, 1, 0, 30.18984
C:\Users\ayubb\Pictures\IMG\center_2026_07_29_19_41_39_950.jpg, C:\Users\ayubb\Pictures\IMG\left_2026_07_29_19_41_39_950.jpg, C:\Users\ayubb\Pictures\IMG\right_2026_07_29_19_41_39_950.jpg, 0, 1, 0, 30.19024
C:\Users\ayubb\Pictures\IMG\center_2026_07_29_19_41_40_055.jpg, C:\Users\ayubb\Pictures\IMG\left_2026_07_29_19_41_40_055.jpg, C:\Users\ayubb\Pictures\IMG\right_2026_07_29_19_41_40_055.jpg, 0, 1, 0, 30.19036
C:\Users\ayubb\Pictures\IMG\center_2026_07_29_19_41_40_157.jpg, C:\Users\ayubb\Pictures\IMG\left_2026_07_29_19_41_40_157.jpg, C:\Users\ayubb\Pictures\IMG\right_2026_07_29_19_41_40_157.jpg, 0, 1, 0, 30.1905
C:\Users\ayubb\Pictures\IMG\center_2026_07_29_19_41_40_259.jpg, C:\Users\ayubb\Pictures\IMG\left_2026_07_29_19_41_40_259.jpg, C:\Users\ayubb\Pictures\IMG\right_2026_07_29_19_41_40_259.jpg, 0, 1, 0, 30.1903
C:\Users\ayubb\Pictures\IMG\center_2026_07_29_19_41_40_362.jpg, C:\Users\ayubb\Pictures\IMG\left_2026_07_29_19_41_40_362.jpg, C:\Users\ayubb\Pictures\IMG\right_2026_07_29_19_41_40_362.jpg, 0, 1, 0, 30.19027
C:\Users\ayubb\Pictures\IMG\center_2026_07_29_19_41_40_463.jpg, C:\Users\ayubb\Pictures\IMG\left_2026_07_29_19_41_40_463.jpg, C:\Users\ayubb\Pictures\IMG\right_2026_07_29_19_41_40_463.jpg, 0, 1, 0, 30.19029
C:\Users\ayubb\Pictures\IMG\center_2026_07_29_19_41_40_567.jpg, C:\Users\ayubb\Pictures\IMG\left_2026_07_29_19_41_40_567.jpg, C:\Users\ayubb\Pictures\IMG\right_2026_07_29_19_41_40_567.jpg, 0, 1, 0, 30.19032
C:\Users\ayubb\Pictures\IMG\center_2026_07_29_19_41_40_668.jpg, C:\Users\ayubb\Pictures\IMG\left_2026_07_29_19_41_40_668.jpg, C:\Users\ayubb\Pictures\IMG\right_2026_07_29_19_41_40_668.jpg, 0, 1, 0, 30.19033
C:\Users\ayubb\Pictures\IMG\center_2026_07_29_19_41_40_772.jpg, C:\Users\ayubb\Pictures\IMG\left_2026_07_29_19_41_40_772.jpg, C:\Users\ayubb\Pictures\IMG\right_2026_07_29_19_41_40_772.jpg, 0, 1, 0, 30.1903
C:\Users\ayubb\Pictures\IMG\center_2026_07_29_19_41_40_875.jpg, C:\Users\ayubb\Pictures\IMG\left_2026_07_29_19_41_40_875.jpg, C:\Users\ayubb\Pictures\IMG\right_2026_07_29_19_41_40_875.jpg, 0, 1, 0, 30.1903
C:\Users\ayubb\Pictures\IMG\center_2026_07_29_19_41_40_975.jpg, C:\Users\ayubb\Pictures\IMG\left_2026_07_29_19_41_40_975.jpg, C:\Users\ayubb\Pictures\IMG\right_2026_07_29_19_41_40_975.jpg, 0.1503753, 1, 0, 30.18412
C:\Users\ayubb\Pictures\IMG\center_2026_07_29_19_41_41_079.jpg, C:\Users\ayubb\Pictures\IMG\left_2026_07_29_19_41_41_079.jpg, C:\Users\ayubb\Pictures\IMG\right_2026_07_29_19_41_41_079.jpg, 0, 1, 0, 30.1898
C:\Users\ayubb\Pictures\IMG\center_2026_07_29_19_41_41_181.jpg, C:\Users\ayubb\Pictures\IMG\left_2026_07_29_19_41_41_181.jpg, C:\Users\ayubb\Pictures\IMG\right_2026_07_29_19_41_41_181.jpg, 0, 1, 0, 30.19011
C:\Users\ayubb\Pictures\IMG\center_2026_07_29_19_41_41_282.jpg, C:\Users\ayubb\Pictures\IMG\left_2026_07_29_19_41_41_282.jpg, C:\Users\ayubb\Pictures\IMG\right_2026_07_29_19_41_41_282.jpg, 0, 1, 0, 30.19026
C:\Users\ayubb\Pictures\IMG\center_2026_07_29_19_41_41_381.jpg, C:\Users\ayubb\Pictures\IMG\left_2026_07_29_19_41_41_381.jpg, C:\Users\ayubb\Pictures\IMG\right_2026_07_29_19_41_41_381.jpg, 0, 1, 0, 30.19029
C:\Users\ayubb\Pictures\IMG\center_2026_07_29_19_41_41_482.jpg, C:\Users\ayubb\Pictures\IMG\left_2026_07_29_19_41_41_482.jpg, C:\Users\ayubb\Pictures\IMG\right_2026_07_29_19_41_41_482.jpg, 0, 1, 0, 30.19032
C:\Users\ayubb\Pictures\IMG\center_2026_07_29_19_41_41_586.jpg, C:\Users\ayubb\Pictures\IMG\left_2026_07_29_19_41_41_586.jpg, C:\Users\ayubb\Pictures\IMG\right_2026_07_29_19_41_41_586.jpg, 0, 1, 0, 30.19031
C:\Users\ayubb\Pictures\IMG\center_2026_07_29_19_41_41_689.jpg, C:\Users\ayubb\Pictures\IMG\left_2026_07_29_19_41_41_689.jpg, C:\Users\ayubb\Pictures\IMG\right_2026_07_29_19_41_41_689.jpg, 0, 1, 0, 30.1903
C:\Users\ayubb\Pictures\IMG\center_2026_07_29_19_41_41_791.jpg, C:\Users\ayubb\Pictures\IMG\left_2026_07_29_19_41_41_791.jpg, C:\Users\ayubb\Pictures\IMG\right_2026_07_29_19_41_41_791.jpg, 0.2843364, 1, 0, 30.16999
C:\Users\ayubb\Pictures\IMG\center_2026_07_29_19_41_41_892.jpg, C:\Users\ayubb\Pictures\IMG\left_2026_07_29_19_41_41_892.jpg, C:\Users\ayubb\Pictures\IMG\right_2026_07_29_19_41_41_892.jpg, 0.2022889, 1, 0, 30.18883
C:\Users\ayubb\Pictures\IMG\center_2026_07_29_19_41_41_995.jpg, C:\Users\ayubb\Pictures\IMG\left_2026_07_29_19_41_41_995.jpg, C:\Users\ayubb\Pictures\IMG\right_2026_07_29_19_41_41_995.jpg, 0, 1, 0, 30.18848
C:\Users\ayubb\Pictures\IMG\center_2026_07_29_19_41_42_096.jpg, C:\Users\ayubb\Pictures\IMG\left_2026_07_29_19_41_42_096.jpg, C:\Users\ayubb\Pictures\IMG\right_2026_07_29_19_41_42_096.jpg, 0, 1, 0, 30.19011
C:\Users\ayubb\Pictures\IMG\center_2026_07_29_19_41_42_195.jpg, C:\Users\ayubb\Pictures\IMG\left_2026_07_29_19_41_42_195.jpg, C:\Users\ayubb\Pictures\IMG\right_2026_07_29_19_41_42_195.jpg, 0, 1, 0, 30.19028
C:\Users\ayubb\Pictures\IMG\center_2026_07_29_19_41_42_298.jpg, C:\Users\ayubb\Pictures\IMG\left_2026_07_29_19_41_42_298.jpg, C:\Users\ayubb\Pictures\IMG\right_2026_07_29_19_41_42_298.jpg, 0, 1, 0, 30.19031
C:\Users\ayubb\Pictures\IMG\center_2026_07_29_19_41_42_400.jpg, C:\Users\ayubb\Pictures\IMG\left_2026_07_29_19_41_42_400.jpg, C:\Users\ayubb\Pictures\IMG\right_2026_07_29_19_41_42_400.jpg, 0, 1, 0, 30.19031
C:\Users\ayubb\Pictures\IMG\center_2026_07_29_19_41_42_499.jpg, C:\Users\ayubb\Pictures\IMG\left_2026_07_29_19_41_42_499.jpg, C:\Users\ayubb\Pictures\IMG\right_2026_07_29_19_41_42_499.jpg, 0, 1, 0, 30.19029
C:\Users\ayubb\Pictures\IMG\center_2026_07_29_19_41_42_603.jpg, C:\Users\ayubb\Pictures\IMG\left_2026_07_29_19_41_42_603.jpg, C:\Users\ayubb\Pictures\IMG\right_2026_07_29_19_41_42_603.jpg, 0, 1, 0, 30.19031
C:\Users\ayubb\Pictures\IMG\center_2026_07_29_19_41_42_705.jpg, C:\Users\ayubb\Pictures\IMG\left_2026_07_29_19_41_42_705.jpg, C:\Users\ayubb\Pictures\IMG\right_2026_07_29_19_41_42_705.jpg, 0, 1, 0, 30.19015
C:\Users\ayubb\Pictures\IMG\center_2026_07_29_19_41_42_808.jpg, C:\Users\ayubb\Pictures\IMG\left_2026_07_29_19_41_42_808.jpg, C:\Users\ayubb\Pictures\IMG\right_2026_07_29_19_41_42_808.jpg, 0, 1, 0, 30.19029
C:\Users\ayubb\Pictures\IMG\center_2026_07_29_19_41_42_909.jpg, C:\Users\ayubb\Pictures\IMG\left_2026_07_29_19_41_42_909.jpg, C:\Users\ayubb\Pictures\IMG\right_2026_07_29_19_41_42_909.jpg, 0.2830629, 1, 0, 30.17024
C:\Users\ayubb\Pictures\IMG\center_2026_07_29_19_41_43_012.jpg, C:\Users\ayubb\Pictures\IMG\left_2026_07_29_19_41_43_012.jpg, C:\Users\ayubb\Pictures\IMG\right_2026_07_29_19_41_43_012.jpg, 0.1364916, 1, 0, 30.19083
C:\Users\ayubb\Pictures\IMG\center_2026_07_29_19_41_43_111.jpg, C:\Users\ayubb\Pictures\IMG\left_2026_07_29_19_41_43_111.jpg, C:\Users\ayubb\Pictures\IMG\right_2026_07_29_19_41_43_111.jpg, 0, 1, 0, 30.18978
C:\Users\ayubb\Pictures\IMG\center_2026_07_29_19_41_43_214.jpg, C:\Users\ayubb\Pictures\IMG\left_2026_07_29_19_41_43_214.jpg, C:\Users\ayubb\Pictures\IMG\right_2026_07_29_19_41_43_214.jpg, 0.214245, 1, 0, 30.18179
C:\Users\ayubb\Pictures\IMG\center_2026_07_29_19_41_43_319.jpg, C:\Users\ayubb\Pictures\IMG\left_2026_07_29_19_41_43_319.jpg, C:\Users\ayubb\Pictures\IMG\right_2026_07_29_19_41_43_319.jpg, 0.2538138, 1, 0, 30.18717
C:\Users\ayubb\Pictures\IMG\center_2026_07_29_19_41_43_420.jpg, C:\Users\ayubb\Pictures\IMG\left_2026_07_29_19_41_43_420.jpg, C:\Users\ayubb\Pictures\IMG\right_2026_07_29_19_41_43_420.jpg, 0, 1, 0, 30.18732
C:\Users\ayubb\Pictures\IMG\center_2026_07_29_19_41_43_521.jpg, C:\Users\ayubb\Pictures\IMG\left_2026_07_29_19_41_43_521.jpg, C:\Users\ayubb\Pictures\IMG\right_2026_07_29_19_41_43_521.jpg, 0.0446034, 1, 0, 30.19023
C:\Users\ayubb\Pictures\IMG\center_2026_07_29_19_41_43_625.jpg, C:\Users\ayubb\Pictures\IMG\left_2026_07_29_19_41_43_625.jpg, C:\Users\ayubb\Pictures\IMG\right_2026_07_29_19_41_43_625.jpg, 0.1507032, 1, 0, 30.18825
C:\Users\ayubb\Pictures\IMG\center_2026_07_29_19_41_43_725.jpg, C:\Users\ayubb\Pictures\IMG\left_2026_07_29_19_41_43_725.jpg, C:\Users\ayubb\Pictures\IMG\right_2026_07_29_19_41_43_725.jpg, 0, 1, 0, 30.18994
C:\Users\ayubb\Pictures\IMG\center_2026_07_29_19_41_43_828.jpg, C:\Users\ayubb\Pictures\IMG\left_2026_07_29_19_41_43_828.jpg, C:\Users\ayubb\Pictures\IMG\right_2026_07_29_19_41_43_828.jpg, 0.1867233, 1, 0, 30.18309
C:\Users\ayubb\Pictures\IMG\center_2026_07_29_19_41_43_929.jpg, C:\Users\ayubb\Pictures\IMG\left_2026_07_29_19_41_43_929.jpg, C:\Users\ayubb\Pictures\IMG\right_2026_07_29_19_41_43_929.jpg, 0.4835955, 1, 0, 30.14632
C:\Users\ayubb\Pictures\IMG\center_2026_07_29_19_41_44_031.jpg, C:\Users\ayubb\Pictures\IMG\left_2026_07_29_19_41_44_031.jpg, C:\Users\ayubb\Pictures\IMG\right_2026_07_29_19_41_44_031.jpg, 0.3841466, 1, 0, 30.18413
C:\Users\ayubb\Pictures\IMG\center_2026_07_29_19_41_44_132.jpg, C:\Users\ayubb\Pictures\IMG\left_2026_07_29_19_41_44_132.jpg, C:\Users\ayubb\Pictures\IMG\right_2026_07_29_19_41_44_132.jpg, 0.08029604, 1, 0, 30.19131
C:\Users\ayubb\Pictures\IMG\center_2026_07_29_19_41_44_232.jpg, C:\Users\ayubb\Pictures\IMG\left_2026_07_29_19_41_44_232.jpg, C:\Users\ayubb\Pictures\IMG\right_2026_07_29_19_41_44_232.jpg, 0.1816242, 1, 0, 30.18969
C:\Users\ayubb\Pictures\IMG\center_2026_07_29_19_41_44_335.jpg, C:\Users\ayubb\Pictures\IMG\left_2026_07_29_19_41_44_335.jpg, C:\Users\ayubb\Pictures\IMG\right_2026_07_29_19_41_44_335.jpg, 0.291904, 1, 0, 30.1832
C:\Users\ayubb\Pictures\IMG\center_2026_07_29_19_41_44_438.jpg, C:\Users\ayubb\Pictures\IMG\left_2026_07_29_19_41_44_438.jpg, C:\Users\ayubb\Pictures\IMG\right_2026_07_29_19_41_44_438.jpg, 0, 1, 0, 30.18768
C:\Users\ayubb\Pictures\IMG\center_2026_07_29_19_41_44_539.jpg, C:\Users\ayubb\Pictures\IMG\left_2026_07_29_19_41_44_539.jpg, C:\Users\ayubb\Pictures\IMG\right_2026_07_29_19_41_44_539.jpg, 0.0847002, 1, 0, 30.19028
C:\Users\ayubb\Pictures\IMG\center_2026_07_29_19_41_44_641.jpg, C:\Users\ayubb\Pictures\IMG\left_2026_07_29_19_41_44_641.jpg, C:\Users\ayubb\Pictures\IMG\right_2026_07_29_19_41_44_641.jpg, 0.3900792, 1, 0, 30.1594
C:\Users\ayubb\Pictures\IMG\center_2026_07_29_19_41_44_743.jpg, C:\Users\ayubb\Pictures\IMG\left_2026_07_29_19_41_44_743.jpg, C:\Users\ayubb\Pictures\IMG\right_2026_07_29_19_41_44_743.jpg, 0.2026554, 1, 0, 30.19163
C:\Users\ayubb\Pictures\IMG\center_2026_07_29_19_41_44_846.jpg, C:\Users\ayubb\Pictures\IMG\left_2026_07_29_19_41_44_846.jpg, C:\Users\ayubb\Pictures\IMG\right_2026_07_29_19_41_44_846.jpg, 0.076203, 1, 0, 30.19047
C:\Users\ayubb\Pictures\IMG\center_2026_07_29_19_41_44_948.jpg, C:\Users\ayubb\Pictures\IMG\left_2026_07_29_19_41_44_948.jpg, C:\Users\ayubb\Pictures\IMG\right_2026_07_29_19_41_44_948.jpg, 0.3745308, 1, 0, 30.16724
C:\Users\ayubb\Pictures\IMG\center_2026_07_29_19_41_45_048.jpg, C:\Users\ayubb\Pictures\IMG\left_2026_07_29_19_41_45_048.jpg, C:\Users\ayubb\Pictures\IMG\right_2026_07_29_19_41_45_048.jpg, 0.2294388, 1, 0, 30.19182
C:\Users\ayubb\Pictures\IMG\center_2026_07_29_19_41_45_150.jpg, C:\Users\ayubb\Pictures\IMG\left_2026_07_29_19_41_45_150.jpg, C:\Users\ayubb\Pictures\IMG\right_2026_07_29_19_41_45_150.jpg, 0, 1, 0, 30.18705
C:\Users\ayubb\Pictures\IMG\center_2026_07_29_19_41_45_251.jpg, C:\Users\ayubb\Pictures\IMG\left_2026_07_29_19_41_45_251.jpg, C:\Users\ayubb\Pictures\IMG\right_2026_07_29_19_41_45_251.jpg, 0.2637165, 1, 0, 30.17989
C:\Users\ayubb\Pictures\IMG\center_2026_07_29_19_41_45_353.jpg, C:\Users\ayubb\Pictures\IMG\left_2026_07_29_19_41_45_353.jpg, C:\Users\ayubb\Pictures\IMG\right_2026_07_29_19_41_45_353.jpg, 0.1390803, 1, 0, 30.19221
C:\Users\ayubb\Pictures\IMG\center_2026_07_29_19_41_45_456.jpg, C:\Users\ayubb\Pictures\IMG\left_2026_07_29_19_41_45_456.jpg, C:\Users\ayubb\Pictures\IMG\right_2026_07_29_19_41_45_456.jpg, 0.0317778, 1, 0, 30.19013
C:\Users\ayubb\Pictures\IMG\center_2026_07_29_19_41_45_556.jpg, C:\Users\ayubb\Pictures\IMG\left_2026_07_29_19_41_45_556.jpg, C:\Users\ayubb\Pictures\IMG\right_2026_07_29_19_41_45_556.jpg, 0.3645734, 1, 0, 30.1659
C:\Users\ayubb\Pictures\IMG\center_2026_07_29_19_41_45_658.jpg, C:\Users\ayubb\Pictures\IMG\left_2026_07_29_19_41_45_658.jpg, C:\Users\ayubb\Pictures\IMG\right_2026_07_29_19_41_45_658.jpg, 0.06166942, 1, 0, 30.19138
C:\Users\ayubb\Pictures\IMG\center_2026_07_29_19_41_45_760.jpg, C:\Users\ayubb\Pictures\IMG\left_2026_07_29_19_41_45_760.jpg, C:\Users\ayubb\Pictures\IMG\right_2026_07_29_19_41_45_760.jpg, 0.1853121, 1, 0, 30.18738
C:\Users\ayubb\Pictures\IMG\center_2026_07_29_19_41_45_861.jpg, C:\Users\ayubb\Pictures\IMG\left_2026_07_29_19_41_45_861.jpg, C:\Users\ayubb\Pictures\IMG\right_2026_07_29_19_41_45_861.jpg, 0.4867338, 1, 0, 30.14954
C:\Users\ayubb\Pictures\IMG\center_2026_07_29_19_41_45_961.jpg, C:\Users\ayubb\Pictures\IMG\left_2026_07_29_19_41_45_961.jpg, C:\Users\ayubb\Pictures\IMG\right_2026_07_29_19_41_45_961.jpg, 0.2078088, 1, 0, 30.19327
C:\Users\ayubb\Pictures\IMG\center_2026_07_29_19_41_46_063.jpg, C:\Users\ayubb\Pictures\IMG\left_2026_07_29_19_41_46_063.jpg, C:\Users\ayubb\Pictures\IMG\right_2026_07_29_19_41_46_063.jpg, 0.0122691, 1, 0, 30.18824
C:\Users\ayubb\Pictures\IMG\center_2026_07_29_19_41_46_166.jpg, C:\Users\ayubb\Pictures\IMG\left_2026_07_29_19_41_46_166.jpg, C:\Users\ayubb\Pictures\IMG\right_2026_07_29_19_41_46_166.jpg, 0.3080838, 1, 0, 30.17596
C:\Users\ayubb\Pictures\IMG\center_2026_07_29_19_41_46_269.jpg, C:\Users\ayubb\Pictures\IMG\left_2026_07_29_19_41_46_269.jpg, C:\Users\ayubb\Pictures\IMG\right_2026_07_29_19_41_46_269.jpg, 0.2238912, 1, 0, 30.19091
C:\Users\ayubb\Pictures\IMG\center_2026_07_29_19_41_46_369.jpg, C:\Users\ayubb\Pictures\IMG\left_2026_07_29_19_41_46_369.jpg, C:\Users\ayubb\Pictures\IMG\right_2026_07_29_19_41_46_369.jpg, 0, 1, 0, 30.18791
C:\Users\ayubb\Pictures\IMG\center_2026_07_29_19_41_46_469.jpg, C:\Users\ayubb\Pictures\IMG\left_2026_07_29_19_41_46_469.jpg, C:\Users\ayubb\Pictures\IMG\right_2026_07_29_19_41_46_469.jpg, 0, 1, 0, 30.19011
C:\Users\ayubb\Pictures\IMG\center_2026_07_29_19_41_46_572.jpg, C:\Users\ayubb\Pictures\IMG\left_2026_07_29_19_41_46_572.jpg, C:\Users\ayubb\Pictures\IMG\right_2026_07_29_19_41_46_572.jpg, 0.0673863, 1, 0, 30.18964
C:\Users\ayubb\Pictures\IMG\center_2026_07_29_19_41_46_671.jpg, C:\Users\ayubb\Pictures\IMG\left_2026_07_29_19_41_46_671.jpg, C:\Users\ayubb\Pictures\IMG\right_2026_07_29_19_41_46_671.jpg, 0.3081933, 1, 0, 30.16992
C:\Users\ayubb\Pictures\IMG\center_2026_07_29_19_41_46_772.jpg, C:\Users\ayubb\Pictures\IMG\left_2026_07_29_19_41_46_772.jpg, C:\Users\ayubb\Pictures\IMG\right_2026_07_29_19_41_46_772.jpg, 0.01118368, 1, 0, 30.18976
C:\Users\ayubb\Pictures\IMG\center_2026_07_29_19_41_46_875.jpg, C:\Users\ayubb\Pictures\IMG\left_2026_07_29_19_41_46_875.jpg, C:\Users\ayubb\Pictures\IMG\right_2026_07_29_19_41_46_875.jpg, 0, 1, 0, 30.19003
C:\Users\ayubb\Pictures\IMG\center_2026_07_29_19_41_46_977.jpg, C:\Users\ayubb\Pictures\IMG\left_2026_07_29_19_41_46_977.jpg, C:\Users\ayubb\Pictures\IMG\right_2026_07_29_19_41_46_977.jpg, 0.2208336, 1, 0, 30.17948
C:\Users\ayubb\Pictures\IMG\center_2026_07_29_19_41_47_077.jpg, C:\Users\ayubb\Pictures\IMG\left_2026_07_29_19_41_47_077.jpg, C:\Users\ayubb\Pictures\IMG\right_2026_07_29_19_41_47_077.jpg, 0.2768832, 1, 0, 30.18351
C:\Users\ayubb\Pictures\IMG\center_2026_07_29_19_41_47_181.jpg, C:\Users\ayubb\Pictures\IMG\left_2026_07_29_19_41_47_181.jpg, C:\Users\ayubb\Pictures\IMG\right_2026_07_29_19_41_47_181.jpg, 0, 1, 0, 30.18768
C:\Users\ayubb\Pictures\IMG\center_2026_07_29_19_41_47_283.jpg, C:\Users\ayubb\Pictures\IMG\left_2026_07_29_19_41_47_283.jpg, C:\Users\ayubb\Pictures\IMG\right_2026_07_29_19_41_47_283.jpg, 0, 1, 0, 30.18995
C:\Users\ayubb\Pictures\IMG\center_2026_07_29_19_41_47_383.jpg, C:\Users\ayubb\Pictures\IMG\left_2026_07_29_19_41_47_383.jpg, C:\Users\ayubb\Pictures\IMG\right_2026_07_29_19_41_47_383.jpg, 0, 1, 0, 30.19027
C:\Users\ayubb\Pictures\IMG\center_2026_07_29_19_41_47_485.jpg, C:\Users\ayubb\Pictures\IMG\left_2026_07_29_19_41_47_485.jpg, C:\Users\ayubb\Pictures\IMG\right_2026_07_29_19_41_47_485.jpg, 0.2966388, 1, 0, 30.16974
C:\Users\ayubb\Pictures\IMG\center_2026_07_29_19_41_47_587.jpg, C:\Users\ayubb\Pictures\IMG\left_2026_07_29_19_41_47_587.jpg, C:\Users\ayubb\Pictures\IMG\right_2026_07_29_19_41_47_587.jpg, 0.03715163, 1, 0, 30.19078
C:\Users\ayubb\Pictures\IMG\center_2026_07_29_19_41_47_689.jpg, C:\Users\ayubb\Pictures\IMG\left_2026_07_29_19_41_47_689.jpg, C:\Users\ayubb\Pictures\IMG\right_2026_07_29_19_41_47_689.jpg, 0, 1, 0, 30.18991
C:\Users\ayubb\Pictures\IMG\center_2026_07_29_19_41_47_791.jpg, C:\Users\ayubb\Pictures\IMG\left_2026_07_29_19_41_47_791.jpg, C:\Users\ayubb\Pictures\IMG\right_2026_07_29_19_41_47_791.jpg, 0, 1, 0, 30.19027
C:\Users\ayubb\Pictures\IMG\center_2026_07_29_19_41_47_894.jpg, C:\Users\ayubb\Pictures\IMG\left_2026_07_29_19_41_47_894.jpg, C:\Users\ayubb\Pictures\IMG\right_2026_07_29_19_41_47_894.jpg, 0, 1, 0, 30.1903
C:\Users\ayubb\Pictures\IMG\center_2026_07_29_19_41_47_995.jpg, C:\Users\ayubb\Pictures\IMG\left_2026_07_29_19_41_47_995.jpg, C:\Users\ayubb\Pictures\IMG\right_2026_07_29_19_41_47_995.jpg, 0, 1, 0, 30.19028
C:\Users\ayubb\Pictures\IMG\center_2026_07_29_19_41_48_097.jpg, C:\Users\ayubb\Pictures\IMG\left_2026_07_29_19_41_48_097.jpg, C:\Users\ayubb\Pictures\IMG\right_2026_07_29_19_41_48_097.jpg, 0, 1, 0, 30.19031
C:\Users\ayubb\Pictures\IMG\center_2026_07_29_19_41_48_196.jpg, C:\Users\ayubb\Pictures\IMG\left_2026_07_29_19_41_48_196.jpg, C:\Users\ayubb\Pictures\IMG\right_2026_07_29_19_41_48_196.jpg, 0, 1, 0, 30.1903
C:\Users\ayubb\Pictures\IMG\center_2026_07_29_19_41_48_299.jpg, C:\Users\ayubb\Pictures\IMG\left_2026_07_29_19_41_48_299.jpg, C:\Users\ayubb\Pictures\IMG\right_2026_07_29_19_41_48_299.jpg, 0, 1, 0, 30.19031
C:\Users\ayubb\Pictures\IMG\center_2026_07_29_19_41_48_403.jpg, C:\Users\ayubb\Pictures\IMG\left_2026_07_29_19_41_48_403.jpg, C:\Users\ayubb\Pictures\IMG\right_2026_07_29_19_41_48_403.jpg, 0, 1, 0, 30.1903
C:\Users\ayubb\Pictures\IMG\center_2026_07_29_19_41_48_503.jpg, C:\Users\ayubb\Pictures\IMG\left_2026_07_29_19_41_48_503.jpg, C:\Users\ayubb\Pictures\IMG\right_2026_07_29_19_41_48_503.jpg, 0.2525679, 1, 0, 30.17416
C:\Users\ayubb\Pictures\IMG\center_2026_07_29_19_41_48_605.jpg, C:\Users\ayubb\Pictures\IMG\left_2026_07_29_19_41_48_605.jpg, C:\Users\ayubb\Pictures\IMG\right_2026_07_29_19_41_48_605.jpg, 0, 1, 0, 30.18927
C:\Users\ayubb\Pictures\IMG\center_2026_07_29_19_41_48_705.jpg, C:\Users\ayubb\Pictures\IMG\left_2026_07_29_19_41_48_705.jpg, C:\Users\ayubb\Pictures\IMG\right_2026_07_29_19_41_48_705.jpg, 0, 1, 0, 30.19011
C:\Users\ayubb\Pictures\IMG\center_2026_07_29_19_41_48_807.jpg, C:\Users\ayubb\Pictures\IMG\left_2026_07_29_19_41_48_807.jpg, C:\Users\ayubb\Pictures\IMG\right_2026_07_29_19_41_48_807.jpg, 0, 1, 0, 30.19028
C:\Users\ayubb\Pictures\IMG\center_2026_07_29_19_41_48_907.jpg, C:\Users\ayubb\Pictures\IMG\left_2026_07_29_19_41_48_907.jpg, C:\Users\ayubb\Pictures\IMG\right_2026_07_29_19_41_48_907.jpg, 0, 1, 0, 30.1903
C:\Users\ayubb\Pictures\IMG\center_2026_07_29_19_41_49_008.jpg, C:\Users\ayubb\Pictures\IMG\left_2026_07_29_19_41_49_008.jpg, C:\Users\ayubb\Pictures\IMG\right_2026_07_29_19_41_49_008.jpg, 0, 1, 0, 30.19028
C:\Users\ayubb\Pictures\IMG\center_2026_07_29_19_41_49_111.jpg, C:\Users\ayubb\Pictures\IMG\left_2026_07_29_19_41_49_111.jpg, C:\Users\ayubb\Pictures\IMG\right_2026_07_29_19_41_49_111.jpg, 0, 1, 0, 30.19029
C:\Users\ayubb\Pictures\IMG\center_2026_07_29_19_41_49_213.jpg, C:\Users\ayubb\Pictures\IMG\left_2026_07_29_19_41_49_213.jpg, C:\Users\ayubb\Pictures\IMG\right_2026_07_29_19_41_49_213.jpg, 0, 1, 0, 30.19029
C:\Users\ayubb\Pictures\IMG\center_2026_07_29_19_41_49_315.jpg, C:\Users\ayubb\Pictures\IMG\left_2026_07_29_19_41_49_315.jpg, C:\Users\ayubb\Pictures\IMG\right_2026_07_29_19_41_49_315.jpg, 0, 1, 0, 30.19031
C:\Users\ayubb\Pictures\IMG\center_2026_07_29_19_41_49_417.jpg, C:\Users\ayubb\Pictures\IMG\left_2026_07_29_19_41_49_417.jpg, C:\Users\ayubb\Pictures\IMG\right_2026_07_29_19_41_49_417.jpg, 0, 1, 0, 30.19029
C:\Users\ayubb\Pictures\IMG\center_2026_07_29_19_41_49_519.jpg, C:\Users\ayubb\Pictures\IMG\left_2026_07_29_19_41_49_519.jpg, C:\Users\ayubb\Pictures\IMG\right_2026_07_29_19_41_49_519.jpg, 0, 1, 0, 30.19033
C:\Users\ayubb\Pictures\IMG\center_2026_07_29_19_41_49_619.jpg, C:\Users\ayubb\Pictures\IMG\left_2026_07_29_19_41_49_619.jpg, C:\Users\ayubb\Pictures\IMG\right_2026_07_29_19_41_49_619.jpg, 0, 1, 0, 30.19022
C:\Users\ayubb\Pictures\IMG\center_2026_07_29_19_41_49_720.jpg, C:\Users\ayubb\Pictures\IMG\left_2026_07_29_19_41_49_720.jpg, C:\Users\ayubb\Pictures\IMG\right_2026_07_29_19_41_49_720.jpg, 0, 1, 0, 30.19037
C:\Users\ayubb\Pictures\IMG\center_2026_07_29_19_41_49_821.jpg, C:\Users\ayubb\Pictures\IMG\left_2026_07_29_19_41_49_821.jpg, C:\Users\ayubb\Pictures\IMG\right_2026_07_29_19_41_49_821.jpg, 0, 1, 0, 30.19
C:\Users\ayubb\Pictures\IMG\center_2026_07_29_19_41_49_924.jpg, C:\Users\ayubb\Pictures\IMG\left_2026_07_29_19_41_49_924.jpg, C:\Users\ayubb\Pictures\IMG\right_2026_07_29_19_41_49_924.jpg, 0, 1, 0, 30.20419
C:\Users\ayubb\Pictures\IMG\center_2026_07_29_19_41_50_027.jpg, C:\Users\ayubb\Pictures\IMG\left_2026_07_29_19_41_50_027.jpg, C:\Users\ayubb\Pictures\IMG\right_2026_07_29_19_41_50_027.jpg, 0, 1, 0, 30.22494
C:\Users\ayubb\Pictures\IMG\center_2026_07_29_19_41_50_129.jpg, C:\Users\ayubb\Pictures\IMG\left_2026_07_29_19_41_50_129.jpg, C:\Users\ayubb\Pictures\IMG\right_2026_07_29_19_41_50_129.jpg, 0, 1, 0, 30.37893
C:\Users\ayubb\Pictures\IMG\center_2026_07_29_19_41_50_230.jpg, C:\Users\ayubb\Pictures\IMG\left_2026_07_29_19_41_50_230.jpg, C:\Users\ayubb\Pictures\IMG\right_2026_07_29_19_41_50_230.jpg, 0, 1, 0, 30.22864
C:\Users\ayubb\Pictures\IMG\center_2026_07_29_19_41_50_331.jpg, C:\Users\ayubb\Pictures\IMG\left_2026_07_29_19_41_50_331.jpg, C:\Users\ayubb\Pictures\IMG\right_2026_07_29_19_41_50_331.jpg, 0, 1, 0, 30.19293
C:\Users\ayubb\Pictures\IMG\center_2026_07_29_19_41_50_433.jpg, C:\Users\ayubb\Pictures\IMG\left_2026_07_29_19_41_50_433.jpg, C:\Users\ayubb\Pictures\IMG\right_2026_07_29_19_41_50_433.jpg, 0, 1, 0, 30.19029
C:\Users\ayubb\Pictures\IMG\center_2026_07_29_19_41_50_535.jpg, C:\Users\ayubb\Pictures\IMG\left_2026_07_29_19_41_50_535.jpg, C:\Users\ayubb\Pictures\IMG\right_2026_07_29_19_41_50_535.jpg, 0, 1, 0, 30.19034
C:\Users\ayubb\Pictures\IMG\center_2026_07_29_19_41_50_639.jpg, C:\Users\ayubb\Pictures\IMG\left_2026_07_29_19_41_50_639.jpg, C:\Users\ayubb\Pictures\IMG\right_2026_07_29_19_41_50_639.jpg, 0, 1, 0, 30.19052
C:\Users\ayubb\Pictures\IMG\center_2026_07_29_19_41_50_740.jpg, C:\Users\ayubb\Pictures\IMG\left_2026_07_29_19_41_50_740.jpg, C:\Users\ayubb\Pictures\IMG\right_2026_07_29_19_41_50_740.jpg, 0, 1, 0, 30.19058
C:\Users\ayubb\Pictures\IMG\center_2026_07_29_19_41_50_844.jpg, C:\Users\ayubb\Pictures\IMG\left_2026_07_29_19_41_50_844.jpg, C:\Users\ayubb\Pictures\IMG\right_2026_07_29_19_41_50_844.jpg, 0, 1, 0, 30.19057
C:\Users\ayubb\Pictures\IMG\center_2026_07_29_19_41_50_945.jpg, C:\Users\ayubb\Pictures\IMG\left_2026_07_29_19_41_50_945.jpg, C:\Users\ayubb\Pictures\IMG\right_2026_07_29_19_41_50_945.jpg, 0.2016684, 1, 0, 30.17991
C:\Users\ayubb\Pictures\IMG\center_2026_07_29_19_41_51_049.jpg, C:\Users\ayubb\Pictures\IMG\left_2026_07_29_19_41_51_049.jpg, C:\Users\ayubb\Pictures\IMG\right_2026_07_29_19_41_51_049.jpg, 0, 1, 0, 30.19
C:\Users\ayubb\Pictures\IMG\center_2026_07_29_19_41_51_151.jpg, C:\Users\ayubb\Pictures\IMG\left_2026_07_29_19_41_51_151.jpg, C:\Users\ayubb\Pictures\IMG\right_2026_07_29_19_41_51_151.jpg, 0, 1, 0, 30.19054
C:\Users\ayubb\Pictures\IMG\center_2026_07_29_19_41_51_252.jpg, C:\Users\ayubb\Pictures\IMG\left_2026_07_29_19_41_51_252.jpg, C:\Users\ayubb\Pictures\IMG\right_2026_07_29_19_41_51_252.jpg, 0, 1, 0, 30.19066
C:\Users\ayubb\Pictures\IMG\center_2026_07_29_19_41_51_354.jpg, C:\Users\ayubb\Pictures\IMG\left_2026_07_29_19_41_51_354.jpg, C:\Users\ayubb\Pictures\IMG\right_2026_07_29_19_41_51_354.jpg, 0, 1, 0, 30.19064
C:\Users\ayubb\Pictures\IMG\center_2026_07_29_19_41_51_457.jpg, C:\Users\ayubb\Pictures\IMG\left_2026_07_29_19_41_51_457.jpg, C:\Users\ayubb\Pictures\IMG\right_2026_07_29_19_41_51_457.jpg, 0, 1, 0, 30.19067
C:\Users\ayubb\Pictures\IMG\center_2026_07_29_19_41_51_559.jpg, C:\Users\ayubb\Pictures\IMG\left_2026_07_29_19_41_51_559.jpg, C:\Users\ayubb\Pictures\IMG\right_2026_07_29_19_41_51_559.jpg, 0, 1, 0, 30.19066
C:\Users\ayubb\Pictures\IMG\center_2026_07_29_19_41_51_659.jpg, C:\Users\ayubb\Pictures\IMG\left_2026_07_29_19_41_51_659.jpg, C:\Users\ayubb\Pictures\IMG\right_2026_07_29_19_41_51_659.jpg, 0, 1, 0, 30.19066
C:\Users\ayubb\Pictures\IMG\center_2026_07_29_19_41_51_760.jpg, C:\Users\ayubb\Pictures\IMG\left_2026_07_29_19_41_51_760.jpg, C:\Users\ayubb\Pictures\IMG\right_2026_07_29_19_41_51_760.jpg, 0, 1, 0, 30.19067
C:\Users\ayubb\Pictures\IMG\center_2026_07_29_19_41_51_860.jpg, C:\Users\ayubb\Pictures\IMG\left_2026_07_29_19_41_51_860.jpg, C:\Users\ayubb\Pictures\IMG\right_2026_07_29_19_41_51_860.jpg, 0, 1, 0, 30.19066
C:\Users\ayubb\Pictures\IMG\center_2026_07_29_19_41_51_963.jpg, C:\Users\ayubb\Pictures\IMG\left_2026_07_29_19_41_51_963.jpg, C:\Users\ayubb\Pictures\IMG\right_2026_07_29_19_41_51_963.jpg, 0, 1, 0, 30.19068
C:\Users\ayubb\Pictures\IMG\center_2026_07_29_19_41_52_063.jpg, C:\Users\ayubb\Pictures\IMG\left_2026_07_29_19_41_52_063.jpg, C:\Users\ayubb\Pictures\IMG\right_2026_07_29_19_41_52_063.jpg, 0, 1, 0, 30.19066
C:\Users\ayubb\Pictures\IMG\center_2026_07_29_19_41_52_166.jpg, C:\Users\ayubb\Pictures\IMG\left_2026_07_29_19_41_52_166.jpg, C:\Users\ayubb\Pictures\IMG\right_2026_07_29_19_41_52_166.jpg, 0, 1, 0, 30.19065
C:\Users\ayubb\Pictures\IMG\center_2026_07_29_19_41_52_268.jpg, C:\Users\ayubb\Pictures\IMG\left_2026_07_29_19_41_52_268.jpg, C:\Users\ayubb\Pictures\IMG\right_2026_07_29_19_41_52_268.jpg, 0, 1, 0, 30.19065
C:\Users\ayubb\Pictures\IMG\center_2026_07_29_19_41_52_370.jpg, C:\Users\ayubb\Pictures\IMG\left_2026_07_29_19_41_52_370.jpg, C:\Users\ayubb\Pictures\IMG\right_2026_07_29_19_41_52_370.jpg, 0, 1, 0, 30.19068
C:\Users\ayubb\Pictures\IMG\center_2026_07_29_19_41_52_470.jpg, C:\Users\ayubb\Pictures\IMG\left_2026_07_29_19_41_52_470.jpg, C:\Users\ayubb\Pictures\IMG\right_2026_07_29_19_41_52_470.jpg, 0, 1, 0, 30.19067
C:\Users\ayubb\Pictures\IMG\center_2026_07_29_19_41_52_572.jpg, C:\Users\ayubb\Pictures\IMG\left_2026_07_29_19_41_52_572.jpg, C:\Users\ayubb\Pictures\IMG\right_2026_07_29_19_41_52_572.jpg, 0, 1, 0, 30.19067
C:\Users\ayubb\Pictures\IMG\center_2026_07_29_19_41_52_672.jpg, C:\Users\ayubb\Pictures\IMG\left_2026_07_29_19_41_52_672.jpg, C:\Users\ayubb\Pictures\IMG\right_2026_07_29_19_41_52_672.jpg, 0, 1, 0, 30.19067
C:\Users\ayubb\Pictures\IMG\center_2026_07_29_19_41_52_773.jpg, C:\Users\ayubb\Pictures\IMG\left_2026_07_29_19_41_52_773.jpg, C:\Users\ayubb\Pictures\IMG\right_2026_07_29_19_41_52_773.jpg, 0, 1, 0, 30.19066
C:\Users\ayubb\Pictures\IMG\center_2026_07_29_19_41_52_874.jpg, C:\Users\ayubb\Pictures\IMG\left_2026_07_29_19_41_52_874.jpg, C:\Users\ayubb\Pictures\IMG\right_2026_07_29_19_41_52_874.jpg, 0, 1, 0, 30.19065
C:\Users\ayubb\Pictures\IMG\center_2026_07_29_19_41_52_976.jpg, C:\Users\ayubb\Pictures\IMG\left_2026_07_29_19_41_52_976.jpg, C:\Users\ayubb\Pictures\IMG\right_2026_07_29_19_41_52_976.jpg, 0, 1, 0, 30.19066
C:\Users\ayubb\Pictures\IMG\center_2026_07_29_19_41_53_077.jpg, C:\Users\ayubb\Pictures\IMG\left_2026_07_29_19_41_53_077.jpg, C:\Users\ayubb\Pictures\IMG\right_2026_07_29_19_41_53_077.jpg, 0, 1, 0, 30.19066
C:\Users\ayubb\Pictures\IMG\center_2026_07_29_19_41_53_178.jpg, C:\Users\ayubb\Pictures\IMG\left_2026_07_29_19_41_53_178.jpg, C:\Users\ayubb\Pictures\IMG\right_2026_07_29_19_41_53_178.jpg, 0, 1, 0, 30.19065
C:\Users\ayubb\Pictures\IMG\center_2026_07_29_19_41_53_280.jpg, C:\Users\ayubb\Pictures\IMG\left_2026_07_29_19_41_53_280.jpg, C:\Users\ayubb\Pictures\IMG\right_2026_07_29_19_41_53_280.jpg, 0, 1, 0, 30.19065
C:\Users\ayubb\Pictures\IMG\center_2026_07_29_19_41_53_384.jpg, C:\Users\ayubb\Pictures\IMG\left_2026_07_29_19_41_53_384.jpg, C:\Users\ayubb\Pictures\IMG\right_2026_07_29_19_41_53_384.jpg, 0, 1, 0, 30.19066
C:\Users\ayubb\Pictures\IMG\center_2026_07_29_19_41_53_486.jpg, C:\Users\ayubb\Pictures\IMG\left_2026_07_29_19_41_53_486.jpg, C:\Users\ayubb\Pictures\IMG\right_2026_07_29_19_41_53_486.jpg, 0, 1, 0, 30.19065
C:\Users\ayubb\Pictures\IMG\center_2026_07_29_19_41_53_587.jpg, C:\Users\ayubb\Pictures\IMG\left_2026_07_29_19_41_53_587.jpg, C:\Users\ayubb\Pictures\IMG\right_2026_07_29_19_41_53_587.jpg, 0, 1, 0, 30.19065
C:\Users\ayubb\Pictures\IMG\center_2026_07_29_19_41_53_689.jpg, C:\Users\ayubb\Pictures\IMG\left_2026_07_29_19_41_53_689.jpg, C:\Users\ayubb\Pictures\IMG\right_2026_07_29_19_41_53_689.jpg, 0, 1, 0, 30.19066
C:\Users\ayubb\Pictures\IMG\center_2026_07_29_19_41_53_790.jpg, C:\Users\ayubb\Pictures\IMG\left_2026_07_29_19_41_53_790.jpg, C:\Users\ayubb\Pictures\IMG\right_2026_07_29_19_41_53_790.jpg, 0, 1, 0, 30.19066
C:\Users\ayubb\Pictures\IMG\center_2026_07_29_19_41_53_891.jpg, C:\Users\ayubb\Pictures\IMG\left_2026_07_29_19_41_53_891.jpg, C:\Users\ayubb\Pictures\IMG\right_2026_07_29_19_41_53_891.jpg, 0, 1, 0, 30.19065
C:\Users\ayubb\Pictures\IMG\center_2026_07_29_19_41_53_992.jpg, C:\Users\ayubb\Pictures\IMG\left_2026_07_29_19_41_53_992.jpg, C:\Users\ayubb\Pictures\IMG\right_2026_07_29_19_41_53_992.jpg, 0, 1, 0, 30.19067
C:\Users\ayubb\Pictures\IMG\center_2026_07_29_19_41_54_095.jpg, C:\Users\ayubb\Pictures\IMG\left_2026_07_29_19_41_54_095.jpg, C:\Users\ayubb\Pictures\IMG\right_2026_07_29_19_41_54_095.jpg, 0, 1, 0, 30.19065
C:\Users\ayubb\Pictures\IMG\center_2026_07_29_19_41_54_196.jpg, C:\Users\ayubb\Pictures\IMG\left_2026_07_29_19_41_54_196.jpg, C:\Users\ayubb\Pictures\IMG\right_2026_07_29_19_41_54_196.jpg, 0, 1, 0, 30.19067
C:\Users\ayubb\Pictures\IMG\center_2026_07_29_19_41_54_300.jpg, C:\Users\ayubb\Pictures\IMG\left_2026_07_29_19_41_54_300.jpg, C:\Users\ayubb\Pictures\IMG\right_2026_07_29_19_41_54_300.jpg, 0, 1, 0, 30.19067
C:\Users\ayubb\Pictures\IMG\center_2026_07_29_19_41_54_403.jpg, C:\Users\ayubb\Pictures\IMG\left_2026_07_29_19_41_54_403.jpg, C:\Users\ayubb\Pictures\IMG\right_2026_07_29_19_41_54_403.jpg, 0, 1, 0, 30.19066
C:\Users\ayubb\Pictures\IMG\center_2026_07_29_19_41_54_503.jpg, C:\Users\ayubb\Pictures\IMG\left_2026_07_29_19_41_54_503.jpg, C:\Users\ayubb\Pictures\IMG\right_2026_07_29_19_41_54_503.jpg, 0, 1, 0, 30.19066
C:\Users\ayubb\Pictures\IMG\center_2026_07_29_19_41_54_606.jpg, C:\Users\ayubb\Pictures\IMG\left_2026_07_29_19_41_54_606.jpg, C:\Users\ayubb\Pictures\IMG\right_2026_07_29_19_41_54_606.jpg, 0, 1, 0, 30.19065
C:\Users\ayubb\Pictures\IMG\center_2026_07_29_19_41_54_706.jpg, C:\Users\ayubb\Pictures\IMG\left_2026_07_29_19_41_54_706.jpg, C:\Users\ayubb\Pictures\IMG\right_2026_07_29_19_41_54_706.jpg, 0, 1, 0, 30.19065
C:\Users\ayubb\Pictures\IMG\center_2026_07_29_19_41_54_807.jpg, C:\Users\ayubb\Pictures\IMG\left_2026_07_29_19_41_54_807.jpg, C:\Users\ayubb\Pictures\IMG\right_2026_07_29_19_41_54_807.jpg, 0, 1, 0, 30.19066
C:\Users\ayubb\Pictures\IMG\center_2026_07_29_19_41_54_910.jpg, C:\Users\ayubb\Pictures\IMG\left_2026_07_29_19_41_54_910.jpg, C:\Users\ayubb\Pictures\IMG\right_2026_07_29_19_41_54_910.jpg, 0, 1, 0, 30.19065
C:\Users\ayubb\Pictures\IMG\center_2026_07_29_19_41_55_010.jpg, C:\Users\ayubb\Pictures\IMG\left_2026_07_29_19_41_55_010.jpg, C:\Users\ayubb\Pictures\IMG\right_2026_07_29_19_41_55_010.jpg, 0, 1, 0, 30.19065
C:\Users\ayubb\Pictures\IMG\center_2026_07_29_19_41_55_111.jpg, C:\Users\ayubb\Pictures\IMG\left_2026_07_29_19_41_55_111.jpg, C:\Users\ayubb\Pictures\IMG\right_2026_07_29_19_41_55_111.jpg, 0, 1, 0, 30.19063
C:\Users\ayubb\Pictures\IMG\center_2026_07_29_19_41_55_211.jpg, C:\Users\ayubb\Pictures\IMG\left_2026_07_29_19_41_55_211.jpg, C:\Users\ayubb\Pictures\IMG\right_2026_07_29_19_41_55_211.jpg, 0, 1, 0, 30.19065
C:\Users\ayubb\Pictures\IMG\center_2026_07_29_19_41_55_312.jpg, C:\Users\ayubb\Pictures\IMG\left_2026_07_29_19_41_55_312.jpg, C:\Users\ayubb\Pictures\IMG\right_2026_07_29_19_41_55_312.jpg, 0, 1, 0, 30.19067
C:\Users\ayubb\Pictures\IMG\center_2026_07_29_19_41_55_413.jpg, C:\Users\ayubb\Pictures\IMG\left_2026_07_29_19_41_55_413.jpg, C:\Users\ayubb\Pictures\IMG\right_2026_07_29_19_41_55_413.jpg, 0, 1, 0, 30.19068
C:\Users\ayubb\Pictures\IMG\center_2026_07_29_19_41_55_515.jpg, C:\Users\ayubb\Pictures\IMG\left_2026_07_29_19_41_55_515.jpg, C:\Users\ayubb\Pictures\IMG\right_2026_07_29_19_41_55_515.jpg, 0, 1, 0, 30.19065
C:\Users\ayubb\Pictures\IMG\center_2026_07_29_19_41_55_616.jpg, C:\Users\ayubb\Pictures\IMG\left_2026_07_29_19_41_55_616.jpg, C:\Users\ayubb\Pictures\IMG\right_2026_07_29_19_41_55_616.jpg, 0, 1, 0, 30.19065
C:\Users\ayubb\Pictures\IMG\center_2026_07_29_19_41_55_719.jpg, C:\Users\ayubb\Pictures\IMG\left_2026_07_29_19_41_55_719.jpg, C:\Users\ayubb\Pictures\IMG\right_2026_07_29_19_41_55_719.jpg, 0, 1, 0, 30.19066
C:\Users\ayubb\Pictures\IMG\center_2026_07_29_19_41_55_818.jpg, C:\Users\ayubb\Pictures\IMG\left_2026_07_29_19_41_55_818.jpg, C:\Users\ayubb\Pictures\IMG\right_2026_07_29_19_41_55_818.jpg, 0, 1, 0, 30.19066
C:\Users\ayubb\Pictures\IMG\center_2026_07_29_19_41_55_920.jpg, C:\Users\ayubb\Pictures\IMG\left_2026_07_29_19_41_55_920.jpg, C:\Users\ayubb\Pictures\IMG\right_2026_07_29_19_41_55_920.jpg, 0, 1, 0, 30.19067
C:\Users\ayubb\Pictures\IMG\center_2026_07_29_19_41_56_021.jpg, C:\Users\ayubb\Pictures\IMG\left_2026_07_29_19_41_56_021.jpg, C:\Users\ayubb\Pictures\IMG\right_2026_07_29_19_41_56_021.jpg, 0, 1, 0, 30.19067
C:\Users\ayubb\Pictures\IMG\center_2026_07_29_19_41_56_123.jpg, C:\Users\ayubb\Pictures\IMG\left_2026_07_29_19_41_56_123.jpg, C:\Users\ayubb\Pictures\IMG\right_2026_07_29_19_41_56_123.jpg, 0, 1, 0, 30.19063
C:\Users\ayubb\Pictures\IMG\center_2026_07_29_19_41_56_223.jpg, C:\Users\ayubb\Pictures\IMG\left_2026_07_29_19_41_56_223.jpg, C:\Users\ayubb\Pictures\IMG\right_2026_07_29_19_41_56_223.jpg, -0.0569151, 1, 0, 30.18987
C:\Users\ayubb\Pictures\IMG\center_2026_07_29_19_41_56_327.jpg, C:\Users\ayubb\Pictures\IMG\left_2026_07_29_19_41_56_327.jpg, C:\Users\ayubb\Pictures\IMG\right_2026_07_29_19_41_56_327.jpg, -0.193911, 1, 0, 30.18251
C:\Users\ayubb\Pictures\IMG\center_2026_07_29_19_41_56_428.jpg, C:\Users\ayubb\Pictures\IMG\left_2026_07_29_19_41_56_428.jpg, C:\Users\ayubb\Pictures\IMG\right_2026_07_29_19_41_56_428.jpg, 0, 1, 0, 30.19002
C:\Users\ayubb\Pictures\IMG\center_2026_07_29_19_41_56_531.jpg, C:\Users\ayubb\Pictures\IMG\left_2026_07_29_19_41_56_531.jpg, C:\Users\ayubb\Pictures\IMG\right_2026_07_29_19_41_56_531.jpg, 0, 1, 0, 30.1905
C:\Users\ayubb\Pictures\IMG\center_2026_07_29_19_41_56_632.jpg, C:\Users\ayubb\Pictures\IMG\left_2026_07_29_19_41_56_632.jpg, C:\Users\ayubb\Pictures\IMG\right_2026_07_29_19_41_56_632.jpg, 0.1078644, 1, 0, 30.18685
C:\Users\ayubb\Pictures\IMG\center_2026_07_29_19_41_56_735.jpg, C:\Users\ayubb\Pictures\IMG\left_2026_07_29_19_41_56_735.jpg, C:\Users\ayubb\Pictures\IMG\right_2026_07_29_19_41_56_735.jpg, 0.04528231, 1, 0, 30.19055
C:\Users\ayubb\Pictures\IMG\center_2026_07_29_19_41_56_837.jpg, C:\Users\ayubb\Pictures\IMG\left_2026_07_29_19_41_56_837.jpg, C:\Users\ayubb\Pictures\IMG\right_2026_07_29_19_41_56_837.jpg, 0, 1, 0, 30.19045
C:\Users\ayubb\Pictures\IMG\center_2026_07_29_19_41_56_941.jpg, C:\Users\ayubb\Pictures\IMG\left_2026_07_29_19_41_56_941.jpg, C:\Users\ayubb\Pictures\IMG\right_2026_07_29_19_41_56_941.jpg, 0, 1, 0, 30.19061
C:\Users\ayubb\Pictures\IMG\center_2026_07_29_19_41_57_043.jpg, C:\Users\ayubb\Pictures\IMG\left_2026_07_29_19_41_57_043.jpg, C:\Users\ayubb\Pictures\IMG\right_2026_07_29_19_41_57_043.jpg, 0, 1, 0, 30.19063
C:\Users\ayubb\Pictures\IMG\center_2026_07_29_19_41_57_146.jpg, C:\Users\ayubb\Pictures\IMG\left_2026_07_29_19_41_57_146.jpg, C:\Users\ayubb\Pictures\IMG\right_2026_07_29_19_41_57_146.jpg, 0, 1, 0, 30.19063
C:\Users\ayubb\Pictures\IMG\center_2026_07_29_19_41_57_246.jpg, C:\Users\ayubb\Pictures\IMG\left_2026_07_29_19_41_57_246.jpg, C:\Users\ayubb\Pictures\IMG\right_2026_07_29_19_41_57_246.jpg, 0, 1, 0, 30.19065
C:\Users\ayubb\Pictures\IMG\center_2026_07_29_19_41_57_346.jpg, C:\Users\ayubb\Pictures\IMG\left_2026_07_29_19_41_57_346.jpg, C:\Users\ayubb\Pictures\IMG\right_2026_07_29_19_41_57_346.jpg, 0, 1, 0, 30.19063
C:\Users\ayubb\Pictures\IMG\center_2026_07_29_19_41_57_446.jpg, C:\Users\ayubb\Pictures\IMG\left_2026_07_29_19_41_57_446.jpg, C:\Users\ayubb\Pictures\IMG\right_2026_07_29_19_41_57_446.jpg, 0, 1, 0, 30.19062
C:\Users\ayubb\Pictures\IMG\center_2026_07_29_19_41_57_547.jpg, C:\Users\ayubb\Pictures\IMG\left_2026_07_29_19_41_57_547.jpg, C:\Users\ayubb\Pictures\IMG\right_2026_07_29_19_41_57_547.jpg, 0, 1, 0, 30.19062
C:\Users\ayubb\Pictures\IMG\center_2026_07_29_19_41_57_649.jpg, C:\Users\ayubb\Pictures\IMG\left_2026_07_29_19_41_57_649.jpg, C:\Users\ayubb\Pictures\IMG\right_2026_07_29_19_41_57_649.jpg, 0, 1, 0, 30.19064
C:\Users\ayubb\Pictures\IMG\center_2026_07_29_19_41_57_751.jpg, C:\Users\ayubb\Pictures\IMG\left_2026_07_29_19_41_57_751.jpg, C:\Users\ayubb\Pictures\IMG\right_2026_07_29_19_41_57_751.jpg, 0.1906671, 1, 0, 30.18096
C:\Users\ayubb\Pictures\IMG\center_2026_07_29_19_41_57_851.jpg, C:\Users\ayubb\Pictures\IMG\left_2026_07_29_19_41_57_851.jpg, C:\Users\ayubb\Pictures\IMG\right_2026_07_29_19_41_57_851.jpg, 0, 1, 0, 30.19035
C:\Users\ayubb\Pictures\IMG\center_2026_07_29_19_41_57_954.jpg, C:\Users\ayubb\Pictures\IMG\left_2026_07_29_19_41_57_954.jpg, C:\Users\ayubb\Pictures\IMG\right_2026_07_29_19_41_57_954.jpg, 0, 1, 0, 30.19062
C:\Users\ayubb\Pictures\IMG\center_2026_07_29_19_41_58_057.jpg, C:\Users\ayubb\Pictures\IMG\left_2026_07_29_19_41_58_057.jpg, C:\Users\ayubb\Pictures\IMG\right_2026_07_29_19_41_58_057.jpg, 0, 1, 0, 30.20146
C:\Users\ayubb\Pictures\IMG\center_2026_07_29_19_41_58_159.jpg, C:\Users\ayubb\Pictures\IMG\left_2026_07_29_19_41_58_159.jpg, C:\Users\ayubb\Pictures\IMG\right_2026_07_29_19_41_58_159.jpg, 0, 1, 0, 30.19306
C:\Users\ayubb\Pictures\IMG\center_2026_07_29_19_41_58_260.jpg, C:\Users\ayubb\Pictures\IMG\left_2026_07_29_19_41_58_260.jpg, C:\Users\ayubb\Pictures\IMG\right_2026_07_29_19_41_58_260.jpg, 0.0198303, 1, 0, 30.20451
C:\Users\ayubb\Pictures\IMG\center_2026_07_29_19_41_58_362.jpg, C:\Users\ayubb\Pictures\IMG\left_2026_07_29_19_41_58_362.jpg, C:\Users\ayubb\Pictures\IMG\right_2026_07_29_19_41_58_362.jpg, 0, 1, 0, 30.19247
C:\Users\ayubb\Pictures\IMG\center_2026_07_29_19_41_58_463.jpg, C:\Users\ayubb\Pictures\IMG\left_2026_07_29_19_41_58_463.jpg, C:\Users\ayubb\Pictures\IMG\right_2026_07_29_19_41_58_463.jpg, 0, 1, 0, 30.19023
C:\Users\ayubb\Pictures\IMG\center_2026_07_29_19_41_58_565.jpg, C:\Users\ayubb\Pictures\IMG\left_2026_07_29_19_41_58_565.jpg, C:\Users\ayubb\Pictures\IMG\right_2026_07_29_19_41_58_565.jpg, 0, 1, 0, 30.19016
C:\Users\ayubb\Pictures\IMG\center_2026_07_29_19_41_58_666.jpg, C:\Users\ayubb\Pictures\IMG\left_2026_07_29_19_41_58_666.jpg, C:\Users\ayubb\Pictures\IMG\right_2026_07_29_19_41_58_666.jpg, 0, 1, 0, 30.19022
C:\Users\ayubb\Pictures\IMG\center_2026_07_29_19_41_58_768.jpg, C:\Users\ayubb\Pictures\IMG\left_2026_07_29_19_41_58_768.jpg, C:\Users\ayubb\Pictures\IMG\right_2026_07_29_19_41_58_768.jpg, 0, 1, 0, 30.19028
C:\Users\ayubb\Pictures\IMG\center_2026_07_29_19_41_58_872.jpg, C:\Users\ayubb\Pictures\IMG\left_2026_07_29_19_41_58_872.jpg, C:\Users\ayubb\Pictures\IMG\right_2026_07_29_19_41_58_872.jpg, 0, 1, 0, 30.19028
C:\Users\ayubb\Pictures\IMG\center_2026_07_29_19_41_58_974.jpg, C:\Users\ayubb\Pictures\IMG\left_2026_07_29_19_41_58_974.jpg, C:\Users\ayubb\Pictures\IMG\right_2026_07_29_19_41_58_974.jpg, 0.0244053, 1, 0, 30.19017
C:\Users\ayubb\Pictures\IMG\center_2026_07_29_19_41_59_076.jpg, C:\Users\ayubb\Pictures\IMG\left_2026_07_29_19_41_59_076.jpg, C:\Users\ayubb\Pictures\IMG\right_2026_07_29_19_41_59_076.jpg, 0, 1, 0, 30.19004
C:\Users\ayubb\Pictures\IMG\center_2026_07_29_19_41_59_178.jpg, C:\Users\ayubb\Pictures\IMG\left_2026_07_29_19_41_59_178.jpg, C:\Users\ayubb\Pictures\IMG\right_2026_07_29_19_41_59_178.jpg, 0, 1, 0, 30.19025
C:\Users\ayubb\Pictures\IMG\center_2026_07_29_19_41_59_278.jpg, C:\Users\ayubb\Pictures\IMG\left_2026_07_29_19_41_59_278.jpg, C:\Users\ayubb\Pictures\IMG\right_2026_07_29_19_41_59_278.jpg, 0.1082802, 1, 0, 30.18742
C:\Users\ayubb\Pictures\IMG\center_2026_07_29_19_41_59_381.jpg, C:\Users\ayubb\Pictures\IMG\left_2026_07_29_19_41_59_381.jpg, C:\Users\ayubb\Pictures\IMG\right_2026_07_29_19_41_59_381.jpg, 0, 1, 0, 30.19024
C:\Users\ayubb\Pictures\IMG\center_2026_07_29_19_41_59_482.jpg, C:\Users\ayubb\Pictures\IMG\left_2026_07_29_19_41_59_482.jpg, C:\Users\ayubb\Pictures\IMG\right_2026_07_29_19_41_59_482.jpg, 0.0873774, 1, 0, 30.18876
C:\Users\ayubb\Pictures\IMG\center_2026_07_29_19_41_59_584.jpg, C:\Users\ayubb\Pictures\IMG\left_2026_07_29_19_41_59_584.jpg, C:\Users\ayubb\Pictures\IMG\right_2026_07_29_19_41_59_584.jpg, 0.1484136, 1, 0, 30.1883
C:\Users\ayubb\Pictures\IMG\center_2026_07_29_19_41_59_688.jpg, C:\Users\ayubb\Pictures\IMG\left_2026_07_29_19_41_59_688.jpg, C:\Users\ayubb\Pictures\IMG\right_2026_07_29_19_41_59_688.jpg, 0, 1, 0, 30.18985
C:\Users\ayubb\Pictures\IMG\center_2026_07_29_19_41_59_788.jpg, C:\Users\ayubb\Pictures\IMG\left_2026_07_29_19_41_59_788.jpg, C:\Users\ayubb\Pictures\IMG\right_2026_07_29_19_41_59_788.jpg, 0, 1, 0, 30.19014
C:\Users\ayubb\Pictures\IMG\center_2026_07_29_19_41_59_891.jpg, C:\Users\ayubb\Pictures\IMG\left_2026_07_29_19_41_59_891.jpg, C:\Users\ayubb\Pictures\IMG\right_2026_07_29_19_41_59_891.jpg, 0.0889089, 1, 0, 30.18879
C:\Users\ayubb\Pictures\IMG\center_2026_07_29_19_41_59_993.jpg, C:\Users\ayubb\Pictures\IMG\left_2026_07_29_19_41_59_993.jpg, C:\Users\ayubb\Pictures\IMG\right_2026_07_29_19_41_59_993.jpg, 0, 1, 0, 30.19029
C:\Users\ayubb\Pictures\IMG\center_2026_07_29_19_42_00_097.jpg, C:\Users\ayubb\Pictures\IMG\left_2026_07_29_19_42_00_097.jpg, C:\Users\ayubb\Pictures\IMG\right_2026_07_29_19_42_00_097.jpg, 0, 1, 0, 30.19031
C:\Users\ayubb\Pictures\IMG\center_2026_07_29_19_42_00_197.jpg, C:\Users\ayubb\Pictures\IMG\left_2026_07_29_19_42_00_197.jpg, C:\Users\ayubb\Pictures\IMG\right_2026_07_29_19_42_00_197.jpg, 0.13731, 1, 0, 30.18618
C:\Users\ayubb\Pictures\IMG\center_2026_07_29_19_42_00_299.jpg, C:\Users\ayubb\Pictures\IMG\left_2026_07_29_19_42_00_299.jpg, C:\Users\ayubb\Pictures\IMG\right_2026_07_29_19_42_00_299.jpg, 0, 1, 0, 30.19007
C:\Users\ayubb\Pictures\IMG\center_2026_07_29_19_42_00_401.jpg, C:\Users\ayubb\Pictures\IMG\left_2026_07_29_19_42_00_401.jpg, C:\Users\ayubb\Pictures\IMG\right_2026_07_29_19_42_00_401.jpg, 0.1679568, 1, 0, 30.18424
C:\Users\ayubb\Pictures\IMG\center_2026_07_29_19_42_00_504.jpg, C:\Users\ayubb\Pictures\IMG\left_2026_07_29_19_42_00_504.jpg, C:\Users\ayubb\Pictures\IMG\right_2026_07_29_19_42_00_504.jpg, 0, 1, 0, 30.19009
C:\Users\ayubb\Pictures\IMG\center_2026_07_29_19_42_00_607.jpg, C:\Users\ayubb\Pictures\IMG\left_2026_07_29_19_42_00_607.jpg, C:\Users\ayubb\Pictures\IMG\right_2026_07_29_19_42_00_607.jpg, 0, 1, 0, 30.19027
C:\Users\ayubb\Pictures\IMG\center_2026_07_29_19_42_00_710.jpg, C:\Users\ayubb\Pictures\IMG\left_2026_07_29_19_42_00_710.jpg, C:\Users\ayubb\Pictures\IMG\right_2026_07_29_19_42_00_710.jpg, 0.1921737, 1, 0, 30.18125
C:\Users\ayubb\Pictures\IMG\center_2026_07_29_19_42_00_811.jpg, C:\Users\ayubb\Pictures\IMG\left_2026_07_29_19_42_00_811.jpg, C:\Users\ayubb\Pictures\IMG\right_2026_07_29_19_42_00_811.jpg, 0, 1, 0, 30.18988
C:\Users\ayubb\Pictures\IMG\center_2026_07_29_19_42_00_912.jpg, C:\Users\ayubb\Pictures\IMG\left_2026_07_29_19_42_00_912.jpg, C:\Users\ayubb\Pictures\IMG\right_2026_07_29_19_42_00_912.jpg, 0.0101343, 1, 0, 30.19028
C:\Users\ayubb\Pictures\IMG\center_2026_07_29_19_42_01_012.jpg, C:\Users\ayubb\Pictures\IMG\left_2026_07_29_19_42_01_012.jpg, C:\Users\ayubb\Pictures\IMG\right_2026_07_29_19_42_01_012.jpg, 0.1031769, 1, 0, 30.18948
C:\Users\ayubb\Pictures\IMG\center_2026_07_29_19_42_01_115.jpg, C:\Users\ayubb\Pictures\IMG\left_2026_07_29_19_42_01_115.jpg, C:\Users\ayubb\Pictures\IMG\right_2026_07_29_19_42_01_115.jpg, 0, 1, 0, 30.1901
C:\Users\ayubb\Pictures\IMG\center_2026_07_29_19_42_01_218.jpg, C:\Users\ayubb\Pictures\IMG\left_2026_07_29_19_42_01_218.jpg, C:\Users\ayubb\Pictures\IMG\right_2026_07_29_19_42_01_218.jpg, 0, 1, 0, 30.19025
C:\Users\ayubb\Pictures\IMG\center_2026_07_29_19_42_01_321.jpg, C:\Users\ayubb\Pictures\IMG\left_2026_07_29_19_42_01_321.jpg, C:\Users\ayubb\Pictures\IMG\right_2026_07_29_19_42_01_321.jpg, 0, 1, 0, 30.19038
C:\Users\ayubb\Pictures\IMG\center_2026_07_29_19_42_01_422.jpg, C:\Users\ayubb\Pictures\IMG\left_2026_07_29_19_42_01_422.jpg, C:\Users\ayubb\Pictures\IMG\right_2026_07_29_19_42_01_422.jpg, 0, 1, 0, 30.19031
C:\Users\ayubb\Pictures\IMG\center_2026_07_29_19_42_01_525.jpg, C:\Users\ayubb\Pictures\IMG\left_2026_07_29_19_42_01_525.jpg, C:\Users\ayubb\Pictures\IMG\right_2026_07_29_19_42_01_525.jpg, 0, 1, 0, 30.19032
C:\Users\ayubb\Pictures\IMG\center_2026_07_29_19_42_01_627.jpg, C:\Users\ayubb\Pictures\IMG\left_2026_07_29_19_42_01_627.jpg, C:\Users\ayubb\Pictures\IMG\right_2026_07_29_19_42_01_627.jpg, -0.1660665, 1, 0, 30.18265
C:\Users\ayubb\Pictures\IMG\center_2026_07_29_19_42_01_729.jpg, C:\Users\ayubb\Pictures\IMG\left_2026_07_29_19_42_01_729.jpg, C:\Users\ayubb\Pictures\IMG\right_2026_07_29_19_42_01_729.jpg, 0, 1, 0, 30.19014
C:\Users\ayubb\Pictures\IMG\center_2026_07_29_19_42_01_830.jpg, C:\Users\ayubb\Pictures\IMG\left_2026_07_29_19_42_01_830.jpg, C:\Users\ayubb\Pictures\IMG\right_2026_07_29_19_42_01_830.jpg, 0, 1, 0, 30.19028
C:\Users\ayubb\Pictures\IMG\center_2026_07_29_19_42_01_932.jpg, C:\Users\ayubb\Pictures\IMG\left_2026_07_29_19_42_01_932.jpg, C:\Users\ayubb\Pictures\IMG\right_2026_07_29_19_42_01_932.jpg, 0.040359, 1, 0, 30.18893
C:\Users\ayubb\Pictures\IMG\center_2026_07_29_19_42_02_033.jpg, C:\Users\ayubb\Pictures\IMG\left_2026_07_29_19_42_02_033.jpg, C:\Users\ayubb\Pictures\IMG\right_2026_07_29_19_42_02_033.jpg, 0, 1, 0, 30.19028
C:\Users\ayubb\Pictures\IMG\center_2026_07_29_19_42_02_135.jpg, C:\Users\ayubb\Pictures\IMG\left_2026_07_29_19_42_02_135.jpg, C:\Users\ayubb\Pictures\IMG\right_2026_07_29_19_42_02_135.jpg, 0, 1, 0, 30.19016
C:\Users\ayubb\Pictures\IMG\center_2026_07_29_19_42_02_238.jpg, C:\Users\ayubb\Pictures\IMG\left_2026_07_29_19_42_02_238.jpg, C:\Users\ayubb\Pictures\IMG\right_2026_07_29_19_42_02_238.jpg, 0.1386759, 1, 0, 30.18443
C:\Users\ayubb\Pictures\IMG\center_2026_07_29_19_42_02_338.jpg, C:\Users\ayubb\Pictures\IMG\left_2026_07_29_19_42_02_338.jpg, C:\Users\ayubb\Pictures\IMG\right_2026_07_29_19_42_02_338.jpg, 0, 1, 0, 30.18999
C:\Users\ayubb\Pictures\IMG\center_2026_07_29_19_42_02_441.jpg, C:\Users\ayubb\Pictures\IMG\left_2026_07_29_19_42_02_441.jpg, C:\Users\ayubb\Pictures\IMG\right_2026_07_29_19_42_02_441.jpg, 0.1182423, 1, 0, 30.18747
C:\Users\ayubb\Pictures\IMG\center_2026_07_29_19_42_02_543.jpg, C:\Users\ayubb\Pictures\IMG\left_2026_07_29_19_42_02_543.jpg, C:\Users\ayubb\Pictures\IMG\right_2026_07_29_19_42_02_543.jpg, 0, 1, 0, 30.19021
C:\Users\ayubb\Pictures\IMG\center_2026_07_29_19_42_02_643.jpg, C:\Users\ayubb\Pictures\IMG\left_2026_07_29_19_42_02_643.jpg, C:\Users\ayubb\Pictures\IMG\right_2026_07_29_19_42_02_643.jpg, 0.0792564, 1, 0, 30.1891
C:\Users\ayubb\Pictures\IMG\center_2026_07_29_19_42_02_744.jpg, C:\Users\ayubb\Pictures\IMG\left_2026_07_29_19_42_02_744.jpg, C:\Users\ayubb\Pictures\IMG\right_2026_07_29_19_42_02_744.jpg, 0, 1, 0, 30.19016
C:\Users\ayubb\Pictures\IMG\center_2026_07_29_19_42_02_843.jpg, C:\Users\ayubb\Pictures\IMG\left_2026_07_29_19_42_02_843.jpg, C:\Users\ayubb\Pictures\IMG\right_2026_07_29_19_42_02_843.jpg, 0.0192237, 1, 0, 30.19029
C:\Users\ayubb\Pictures\IMG\center_2026_07_29_19_42_02_943.jpg, C:\Users\ayubb\Pictures\IMG\left_2026_07_29_19_42_02_943.jpg, C:\Users\ayubb\Pictures\IMG\right_2026_07_29_19_42_02_943.jpg, 0.1669359, 1, 0, 30.18505
C:\Users\ayubb\Pictures\IMG\center_2026_07_29_19_42_03_045.jpg, C:\Users\ayubb\Pictures\IMG\left_2026_07_29_19_42_03_045.jpg, C:\Users\ayubb\Pictures\IMG\right_2026_07_29_19_42_03_045.jpg, 0, 1, 0, 30.18995
C:\Users\ayubb\Pictures\IMG\center_2026_07_29_19_42_03_149.jpg, C:\Users\ayubb\Pictures\IMG\left_2026_07_29_19_42_03_149.jpg, C:\Users\ayubb\Pictures\IMG\right_2026_07_29_19_42_03_149.jpg, 0.0203754, 1, 0, 30.19012
C:\Users\ayubb\Pictures\IMG\center_2026_07_29_19_42_03_251.jpg, C:\Users\ayubb\Pictures\IMG\left_2026_07_29_19_42_03_251.jpg, C:\Users\ayubb\Pictures\IMG\right_2026_07_29_19_42_03_251.jpg, 0.1790154, 1, 0, 30.18349
C:\Users\ayubb\Pictures\IMG\center_2026_07_29_19_42_03_352.jpg, C:\Users\ayubb\Pictures\IMG\left_2026_07_29_19_42_03_352.jpg, C:\Users\ayubb\Pictures\IMG\right_2026_07_29_19_42_03_352.jpg, 0, 1, 0, 30.18993
C:\Users\ayubb\Pictures\IMG\center_2026_07_29_19_42_03_452.jpg, C:\Users\ayubb\Pictures\IMG\left_2026_07_29_19_42_03_452.jpg, C:\Users\ayubb\Pictures\IMG\right_2026_07_29_19_42_03_452.jpg, 0, 1, 0, 30.19022
C:\Users\ayubb\Pictures\IMG\center_2026_07_29_19_42_03_552.jpg, C:\Users\ayubb\Pictures\IMG\left_2026_07_29_19_42_03_552.jpg, C:\Users\ayubb\Pictures\IMG\right_2026_07_29_19_42_03_552.jpg, 0.07474648, 1, 0, 30.18869
C:\Users\ayubb\Pictures\IMG\center_2026_07_29_19_42_03_655.jpg, C:\Users\ayubb\Pictures\IMG\left_2026_07_29_19_42_03_655.jpg, C:\Users\ayubb\Pictures\IMG\right_2026_07_29_19_42_03_655.jpg, 0, 1, 0, 30.19025
C:\Users\ayubb\Pictures\IMG\center_2026_07_29_19_42_03_758.jpg, C:\Users\ayubb\Pictures\IMG\left_2026_07_29_19_42_03_758.jpg, C:\Users\ayubb\Pictures\IMG\right_2026_07_29_19_42_03_758.jpg, 0, 1, 0, 30.19034
C:\Users\ayubb\Pictures\IMG\center_2026_07_29_19_42_03_860.jpg, C:\Users\ayubb\Pictures\IMG\left_2026_07_29_19_42_03_860.jpg, C:\Users\ayubb\Pictures\IMG\right_2026_07_29_19_42_03_860.jpg, 0, 1, 0, 30.19033
C:\Users\ayubb\Pictures\IMG\center_2026_07_29_19_42_03_963.jpg, C:\Users\ayubb\Pictures\IMG\left_2026_07_29_19_42_03_963.jpg, C:\Users\ayubb\Pictures\IMG\right_2026_07_29_19_42_03_963.jpg, 0.1973346, 1, 0, 30.17992
C:\Users\ayubb\Pictures\IMG\center_2026_07_29_19_42_04_064.jpg, C:\Users\ayubb\Pictures\IMG\left_2026_07_29_19_42_04_064.jpg, C:\Users\ayubb\Pictures\IMG\right_2026_07_29_19_42_04_064.jpg, 0.1221384, 1, 0, 30.19002
C:\Users\ayubb\Pictures\IMG\center_2026_07_29_19_42_04_168.jpg, C:\Users\ayubb\Pictures\IMG\left_2026_07_29_19_42_04_168.jpg, C:\Users\ayubb\Pictures\IMG\right_2026_07_29_19_42_04_168.jpg, 0.0890721, 1, 0, 30.19004
C:\Users\ayubb\Pictures\IMG\center_2026_07_29_19_42_04_272.jpg, C:\Users\ayubb\Pictures\IMG\left_2026_07_29_19_42_04_272.jpg, C:\Users\ayubb\Pictures\IMG\right_2026_07_29_19_42_04_272.jpg, 0.1597044, 1, 0, 30.18878
C:\Users\ayubb\Pictures\IMG\center_2026_07_29_19_42_04_375.jpg, C:\Users\ayubb\Pictures\IMG\left_2026_07_29_19_42_04_375.jpg, C:\Users\ayubb\Pictures\IMG\right_2026_07_29_19_42_04_375.jpg, 0, 1, 0, 30.18933
C:\Users\ayubb\Pictures\IMG\center_2026_07_29_19_42_04_478.jpg, C:\Users\ayubb\Pictures\IMG\left_2026_07_29_19_42_04_478.jpg, C:\Users\ayubb\Pictures\IMG\right_2026_07_29_19_42_04_478.jpg, 0, 1, 0, 30.19018
C:\Users\ayubb\Pictures\IMG\center_2026_07_29_19_42_04_579.jpg, C:\Users\ayubb\Pictures\IMG\left_2026_07_29_19_42_04_579.jpg, C:\Users\ayubb\Pictures\IMG\right_2026_07_29_19_42_04_579.jpg, 0, 1, 0, 30.18984
C:\Users\ayubb\Pictures\IMG\center_2026_07_29_19_42_04_679.jpg, C:\Users\ayubb\Pictures\IMG\left_2026_07_29_19_42_04_679.jpg, C:\Users\ayubb\Pictures\IMG\right_2026_07_29_19_42_04_679.jpg, 0, 1, 0, 30.19086
C:\Users\ayubb\Pictures\IMG\center_2026_07_29_19_42_04_782.jpg, C:\Users\ayubb\Pictures\IMG\left_2026_07_29_19_42_04_782.jpg, C:\Users\ayubb\Pictures\IMG\right_2026_07_29_19_42_04_782.jpg, 0, 1, 0, 30.19028
C:\Users\ayubb\Pictures\IMG\center_2026_07_29_19_42_04_886.jpg, C:\Users\ayubb\Pictures\IMG\left_2026_07_29_19_42_04_886.jpg, C:\Users\ayubb\Pictures\IMG\right_2026_07_29_19_42_04_886.jpg, 0, 1, 0, 30.19016
C:\Users\ayubb\Pictures\IMG\center_2026_07_29_19_42_04_986.jpg, C:\Users\ayubb\Pictures\IMG\left_2026_07_29_19_42_04_986.jpg, C:\Users\ayubb\Pictures\IMG\right_2026_07_29_19_42_04_986.jpg, 0.1832268, 1, 0, 30.18064
C:\Users\ayubb\Pictures\IMG\center_2026_07_29_19_42_05_088.jpg, C:\Users\ayubb\Pictures\IMG\left_2026_07_29_19_42_05_088.jpg, C:\Users\ayubb\Pictures\IMG\right_2026_07_29_19_42_05_088.jpg, 0, 1, 0, 30.18966
C:\Users\ayubb\Pictures\IMG\center_2026_07_29_19_42_05_189.jpg, C:\Users\ayubb\Pictures\IMG\left_2026_07_29_19_42_05_189.jpg, C:\Users\ayubb\Pictures\IMG\right_2026_07_29_19_42_05_189.jpg, 0, 1, 0, 30.19049
C:\Users\ayubb\Pictures\IMG\center_2026_07_29_19_42_05_293.jpg, C:\Users\ayubb\Pictures\IMG\left_2026_07_29_19_42_05_293.jpg, C:\Users\ayubb\Pictures\IMG\right_2026_07_29_19_42_05_293.jpg, 0.0232236, 1, 0, 30.19025
C:\Users\ayubb\Pictures\IMG\center_2026_07_29_19_42_05_394.jpg, C:\Users\ayubb\Pictures\IMG\left_2026_07_29_19_42_05_394.jpg, C:\Users\ayubb\Pictures\IMG\right_2026_07_29_19_42_05_394.jpg, 0, 1, 0, 30.1909
C:\Users\ayubb\Pictures\IMG\center_2026_07_29_19_42_05_494.jpg, C:\Users\ayubb\Pictures\IMG\left_2026_07_29_19_42_05_494.jpg, C:\Users\ayubb\Pictures\IMG\right_2026_07_29_19_42_05_494.jpg, 0, 1, 0, 30.19048
C:\Users\ayubb\Pictures\IMG\center_2026_07_29_19_42_05_595.jpg, C:\Users\ayubb\Pictures\IMG\left_2026_07_29_19_42_05_595.jpg, C:\Users\ayubb\Pictures\IMG\right_2026_07_29_19_42_05_595.jpg, 0, 1, 0, 30.19038
C:\Users\ayubb\Pictures\IMG\center_2026_07_29_19_42_05_697.jpg, C:\Users\ayubb\Pictures\IMG\left_2026_07_29_19_42_05_697.jpg, C:\Users\ayubb\Pictures\IMG\right_2026_07_29_19_42_05_697.jpg, 0, 1, 0, 30.19039
C:\Users\ayubb\Pictures\IMG\center_2026_07_29_19_42_05_799.jpg, C:\Users\ayubb\Pictures\IMG\left_2026_07_29_19_42_05_799.jpg, C:\Users\ayubb\Pictures\IMG\right_2026_07_29_19_42_05_799.jpg, 0.2151573, 1, 0, 30.17779
C:\Users\ayubb\Pictures\IMG\center_2026_07_29_19_42_05_901.jpg, C:\Users\ayubb\Pictures\IMG\left_2026_07_29_19_42_05_901.jpg, C:\Users\ayubb\Pictures\IMG\right_2026_07_29_19_42_05_901.jpg, 0, 1, 0, 30.19025
C:\Users\ayubb\Pictures\IMG\center_2026_07_29_19_42_06_002.jpg, C:\Users\ayubb\Pictures\IMG\left_2026_07_29_19_42_06_002.jpg, C:\Users\ayubb\Pictures\IMG\right_2026_07_29_19_42_06_002.jpg, 0.030201, 1, 0, 30.1904
C:\Users\ayubb\Pictures\IMG\center_2026_07_29_19_42_06_105.jpg, C:\Users\ayubb\Pictures\IMG\left_2026_07_29_19_42_06_105.jpg, C:\Users\ayubb\Pictures\IMG\right_2026_07_29_19_42_06_105.jpg, 0.3015561, 1, 0, 30.16959
C:\Users\ayubb\Pictures\IMG\center_2026_07_29_19_42_06_207.jpg, C:\Users\ayubb\Pictures\IMG\left_2026_07_29_19_42_06_207.jpg, C:\Users\ayubb\Pictures\IMG\right_2026_07_29_19_42_06_207.jpg, 0, 1, 0, 30.18938
C:\Users\ayubb\Pictures\IMG\center_2026_07_29_19_42_06_307.jpg, C:\Users\ayubb\Pictures\IMG\left_2026_07_29_19_42_06_307.jpg, C:\Users\ayubb\Pictures\IMG\right_2026_07_29_19_42_06_307.jpg, 0.1274631, 1, 0, 30.18903
C:\Users\ayubb\Pictures\IMG\center_2026_07_29_19_42_06_409.jpg, C:\Users\ayubb\Pictures\IMG\left_2026_07_29_19_42_06_409.jpg, C:\Users\ayubb\Pictures\IMG\right_2026_07_29_19_42_06_409.jpg, 0.2080563, 1, 0, 30.1861
C:\Users\ayubb\Pictures\IMG\center_2026_07_29_19_42_06_512.jpg, C:\Users\ayubb\Pictures\IMG\left_2026_07_29_19_42_06_512.jpg, C:\Users\ayubb\Pictures\IMG\right_2026_07_29_19_42_06_512.jpg, 0, 1, 0, 30.18896
C:\Users\ayubb\Pictures\IMG\center_2026_07_29_19_42_06_615.jpg, C:\Users\ayubb\Pictures\IMG\left_2026_07_29_19_42_06_615.jpg, C:\Users\ayubb\Pictures\IMG\right_2026_07_29_19_42_06_615.jpg, 0.2736333, 1, 0, 30.17669
C:\Users\ayubb\Pictures\IMG\center_2026_07_29_19_42_06_716.jpg, C:\Users\ayubb\Pictures\IMG\left_2026_07_29_19_42_06_716.jpg, C:\Users\ayubb\Pictures\IMG\right_2026_07_29_19_42_06_716.jpg, 0.02128285, 1, 0, 30.18995
C:\Users\ayubb\Pictures\IMG\center_2026_07_29_19_42_06_820.jpg, C:\Users\ayubb\Pictures\IMG\left_2026_07_29_19_42_06_820.jpg, C:\Users\ayubb\Pictures\IMG\right_2026_07_29_19_42_06_820.jpg, 0.3096951, 1, 0, 30.17355
C:\Users\ayubb\Pictures\IMG\center_2026_07_29_19_42_06_920.jpg, C:\Users\ayubb\Pictures\IMG\left_2026_07_29_19_42_06_920.jpg, C:\Users\ayubb\Pictures\IMG\right_2026_07_29_19_42_06_920.jpg, 0.01719781, 1, 0, 30.18981
C:\Users\ayubb\Pictures\IMG\center_2026_07_29_19_42_07_021.jpg, C:\Users\ayubb\Pictures\IMG\left_2026_07_29_19_42_07_021.jpg, C:\Users\ayubb\Pictures\IMG\right_2026_07_29_19_42_07_021.jpg, 0.135546, 1, 0, 30.18877
C:\Users\ayubb\Pictures\IMG\center_2026_07_29_19_42_07_122.jpg, C:\Users\ayubb\Pictures\IMG\left_2026_07_29_19_42_07_122.jpg, C:\Users\ayubb\Pictures\IMG\right_2026_07_29_19_42_07_122.jpg, 0.05218259, 1, 0, 30.19094
C:\Users\ayubb\Pictures\IMG\center_2026_07_29_19_42_07_222.jpg, C:\Users\ayubb\Pictures\IMG\left_2026_07_29_19_42_07_222.jpg, C:\Users\ayubb\Pictures\IMG\right_2026_07_29_19_42_07_222.jpg, 0.0240021, 1, 0, 30.19029
C:\Users\ayubb\Pictures\IMG\center_2026_07_29_19_42_07_326.jpg, C:\Users\ayubb\Pictures\IMG\left_2026_07_29_19_42_07_326.jpg, C:\Users\ayubb\Pictures\IMG\right_2026_07_29_19_42_07_326.jpg, 0.3194238, 1, 0, 30.16878
C:\Users\ayubb\Pictures\IMG\center_2026_07_29_19_42_07_430.jpg, C:\Users\ayubb\Pictures\IMG\left_2026_07_29_19_42_07_430.jpg, C:\Users\ayubb\Pictures\IMG\right_2026_07_29_19_42_07_430.jpg, 0.04186467, 1, 0, 30.19083
C:\Users\ayubb\Pictures\IMG\center_2026_07_29_19_42_07_529.jpg, C:\Users\ayubb\Pictures\IMG\left_2026_07_29_19_42_07_529.jpg, C:\Users\ayubb\Pictures\IMG\right_2026_07_29_19_42_07_529.jpg, 0.2027817, 1, 0, 30.18493
C:\Users\ayubb\Pictures\IMG\center_2026_07_29_19_42_07_633.jpg, C:\Users\ayubb\Pictures\IMG\left_2026_07_29_19_42_07_633.jpg, C:\Users\ayubb\Pictures\IMG\right_2026_07_29_19_42_07_633.jpg, 0, 1, 0, 30.18969
C:\Users\ayubb\Pictures\IMG\center_2026_07_29_19_42_07_733.jpg, C:\Users\ayubb\Pictures\IMG\left_2026_07_29_19_42_07_733.jpg, C:\Users\ayubb\Pictures\IMG\right_2026_07_29_19_42_07_733.jpg, 0.0622686, 1, 0, 30.18979
C:\Users\ayubb\Pictures\IMG\center_2026_07_29_19_42_07_835.jpg, C:\Users\ayubb\Pictures\IMG\left_2026_07_29_19_42_07_835.jpg, C:\Users\ayubb\Pictures\IMG\right_2026_07_29_19_42_07_835.jpg, 0.135624, 1, 0, 30.18904
C:\Users\ayubb\Pictures\IMG\center_2026_07_29_19_42_07_939.jpg, C:\Users\ayubb\Pictures\IMG\left_2026_07_29_19_42_07_939.jpg, C:\Users\ayubb\Pictures\IMG\right_2026_07_29_19_42_07_939.jpg, 0, 1, 0, 30.19003
C:\Users\ayubb\Pictures\IMG\center_2026_07_29_19_42_08_039.jpg, C:\Users\ayubb\Pictures\IMG\left_2026_07_29_19_42_08_039.jpg, C:\Users\ayubb\Pictures\IMG\right_2026_07_29_19_42_08_039.jpg, 0.241329, 1, 0, 30.17806
C:\Users\ayubb\Pictures\IMG\center_2026_07_29_19_42_08_141.jpg, C:\Users\ayubb\Pictures\IMG\left_2026_07_29_19_42_08_141.jpg, C:\Users\ayubb\Pictures\IMG\right_2026_07_29_19_42_08_141.jpg, 0, 1, 0, 30.18927
C:\Users\ayubb\Pictures\IMG\center_2026_07_29_19_42_08_245.jpg, C:\Users\ayubb\Pictures\IMG\left_2026_07_29_19_42_08_245.jpg, C:\Users\ayubb\Pictures\IMG\right_2026_07_29_19_42_08_245.jpg, 0.1441737, 1, 0, 30.18689
C:\Users\ayubb\Pictures\IMG\center_2026_07_29_19_42_08_345.jpg, C:\Users\ayubb\Pictures\IMG\left_2026_07_29_19_42_08_345.jpg, C:\Users\ayubb\Pictures\IMG\right_2026_07_29_19_42_08_345.jpg, 0, 1, 0, 30.19011
C:\Users\ayubb\Pictures\IMG\center_2026_07_29_19_42_08_449.jpg, C:\Users\ayubb\Pictures\IMG\left_2026_07_29_19_42_08_449.jpg, C:\Users\ayubb\Pictures\IMG\right_2026_07_29_19_42_08_449.jpg, 0.1402455, 1, 0, 30.18586
C:\Users\ayubb\Pictures\IMG\center_2026_07_29_19_42_08_550.jpg, C:\Users\ayubb\Pictures\IMG\left_2026_07_29_19_42_08_550.jpg, C:\Users\ayubb\Pictures\IMG\right_2026_07_29_19_42_08_550.jpg, 0.0427797, 1, 0, 30.19133
C:\Users\ayubb\Pictures\IMG\center_2026_07_29_19_42_08_652.jpg, C:\Users\ayubb\Pictures\IMG\left_2026_07_29_19_42_08_652.jpg, C:\Users\ayubb\Pictures\IMG\right_2026_07_29_19_42_08_652.jpg, 0.07760431, 1, 0, 30.18994
C:\Users\ayubb\Pictures\IMG\center_2026_07_29_19_42_08_754.jpg, C:\Users\ayubb\Pictures\IMG\left_2026_07_29_19_42_08_754.jpg, C:\Users\ayubb\Pictures\IMG\right_2026_07_29_19_42_08_754.jpg, 0.0650832, 1, 0, 30.19169
C:\Users\ayubb\Pictures\IMG\center_2026_07_29_19_42_08_855.jpg, C:\Users\ayubb\Pictures\IMG\left_2026_07_29_19_42_08_855.jpg, C:\Users\ayubb\Pictures\IMG\right_2026_07_29_19_42_08_855.jpg, 0.07388461, 1, 0, 30.19002
C:\Users\ayubb\Pictures\IMG\center_2026_07_29_19_42_08_958.jpg, C:\Users\ayubb\Pictures\IMG\left_2026_07_29_19_42_08_958.jpg, C:\Users\ayubb\Pictures\IMG\right_2026_07_29_19_42_08_958.jpg, 0.1899288, 1, 0, 30.18821
C:\Users\ayubb\Pictures\IMG\center_2026_07_29_19_42_09_059.jpg, C:\Users\ayubb\Pictures\IMG\left_2026_07_29_19_42_09_059.jpg, C:\Users\ayubb\Pictures\IMG\right_2026_07_29_19_42_09_059.jpg, 0.0224724, 1, 0, 30.18976
C:\Users\ayubb\Pictures\IMG\center_2026_07_29_19_42_09_164.jpg, C:\Users\ayubb\Pictures\IMG\left_2026_07_29_19_42_09_164.jpg, C:\Users\ayubb\Pictures\IMG\right_2026_07_29_19_42_09_164.jpg, 0.2982063, 1, 0, 30.17257
C:\Users\ayubb\Pictures\IMG\center_2026_07_29_19_42_09_266.jpg, C:\Users\ayubb\Pictures\IMG\left_2026_07_29_19_42_09_266.jpg, C:\Users\ayubb\Pictures\IMG\right_2026_07_29_19_42_09_266.jpg, 0, 1, 0, 30.1895
C:\Users\ayubb\Pictures\IMG\center_2026_07_29_19_42_09_367.jpg, C:\Users\ayubb\Pictures\IMG\left_2026_07_29_19_42_09_367.jpg, C:\Users\ayubb\Pictures\IMG\right_2026_07_29_19_42_09_367.jpg, 0.1794414, 1, 0, 30.1856
C:\Users\ayubb\Pictures\IMG\center_2026_07_29_19_42_09_469.jpg, C:\Users\ayubb\Pictures\IMG\left_2026_07_29_19_42_09_469.jpg, C:\Users\ayubb\Pictures\IMG\right_2026_07_29_19_42_09_469.jpg, 0.02323413, 1, 0, 30.19102
C:\Users\ayubb\Pictures\IMG\center_2026_07_29_19_42_09_571.jpg, C:\Users\ayubb\Pictures\IMG\left_2026_07_29_19_42_09_571.jpg, C:\Users\ayubb\Pictures\IMG\right_2026_07_29_19_42_09_571.jpg, 0.0691524, 1, 0, 30.19008
C:\Users\ayubb\Pictures\IMG\center_2026_07_29_19_42_09_675.jpg, C:\Users\ayubb\Pictures\IMG\left_2026_07_29_19_42_09_675.jpg, C:\Users\ayubb\Pictures\IMG\right_2026_07_29_19_42_09_675.jpg, 0.07075229, 1, 0, 30.19077
C:\Users\ayubb\Pictures\IMG\center_2026_07_29_19_42_09_778.jpg, C:\Users\ayubb\Pictures\IMG\left_2026_07_29_19_42_09_778.jpg, C:\Users\ayubb\Pictures\IMG\right_2026_07_29_19_42_09_778.jpg, 0, 1, 0, 30.19003
C:\Users\ayubb\Pictures\IMG\center_2026_07_29_19_42_09_878.jpg, C:\Users\ayubb\Pictures\IMG\left_2026_07_29_19_42_09_878.jpg, C:\Users\ayubb\Pictures\IMG\right_2026_07_29_19_42_09_878.jpg, 0.2272899, 1, 0, 30.17835
C:\Users\ayubb\Pictures\IMG\center_2026_07_29_19_42_09_981.jpg, C:\Users\ayubb\Pictures\IMG\left_2026_07_29_19_42_09_981.jpg, C:\Users\ayubb\Pictures\IMG\right_2026_07_29_19_42_09_981.jpg, 0, 1, 0, 30.18962
C:\Users\ayubb\Pictures\IMG\center_2026_07_29_19_42_10_083.jpg, C:\Users\ayubb\Pictures\IMG\left_2026_07_29_19_42_10_083.jpg, C:\Users\ayubb\Pictures\IMG\right_2026_07_29_19_42_10_083.jpg, 0.1754343, 1, 0, 30.18422
C:\Users\ayubb\Pictures\IMG\center_2026_07_29_19_42_10_186.jpg, C:\Users\ayubb\Pictures\IMG\left_2026_07_29_19_42_10_186.jpg, C:\Users\ayubb\Pictures\IMG\right_2026_07_29_19_42_10_186.jpg, 0.1076409, 1, 0, 30.19107
C:\Users\ayubb\Pictures\IMG\center_2026_07_29_19_42_10_290.jpg, C:\Users\ayubb\Pictures\IMG\left_2026_07_29_19_42_10_290.jpg, C:\Users\ayubb\Pictures\IMG\right_2026_07_29_19_42_10_290.jpg, 0, 1, 0, 30.18985
C:\Users\ayubb\Pictures\IMG\center_2026_07_29_19_42_10_392.jpg, C:\Users\ayubb\Pictures\IMG\left_2026_07_29_19_42_10_392.jpg, C:\Users\ayubb\Pictures\IMG\right_2026_07_29_19_42_10_392.jpg, 0.2367591, 1, 0, 30.17883
C:\Users\ayubb\Pictures\IMG\center_2026_07_29_19_42_10_493.jpg, C:\Users\ayubb\Pictures\IMG\left_2026_07_29_19_42_10_493.jpg, C:\Users\ayubb\Pictures\IMG\right_2026_07_29_19_42_10_493.jpg, 0, 1, 0, 30.18889
C:\Users\ayubb\Pictures\IMG\center_2026_07_29_19_42_10_594.jpg, C:\Users\ayubb\Pictures\IMG\left_2026_07_29_19_42_10_594.jpg, C:\Users\ayubb\Pictures\IMG\right_2026_07_29_19_42_10_594.jpg, 0, 1, 0, 30.18991
C:\Users\ayubb\Pictures\IMG\center_2026_07_29_19_42_10_695.jpg, C:\Users\ayubb\Pictures\IMG\left_2026_07_29_19_42_10_695.jpg, C:\Users\ayubb\Pictures\IMG\right_2026_07_29_19_42_10_695.jpg, 0, 1, 0, 30.18902
C:\Users\ayubb\Pictures\IMG\center_2026_07_29_19_42_10_797.jpg, C:\Users\ayubb\Pictures\IMG\left_2026_07_29_19_42_10_797.jpg, C:\Users\ayubb\Pictures\IMG\right_2026_07_29_19_42_10_797.jpg, 0, 1, 0, 30.19036
C:\Users\ayubb\Pictures\IMG\center_2026_07_29_19_42_10_898.jpg, C:\Users\ayubb\Pictures\IMG\left_2026_07_29_19_42_10_898.jpg, C:\Users\ayubb\Pictures\IMG\right_2026_07_29_19_42_10_898.jpg, 0, 1, 0, 30.18868
C:\Users\ayubb\Pictures\IMG\center_2026_07_29_19_42_11_000.jpg, C:\Users\ayubb\Pictures\IMG\left_2026_07_29_19_42_11_000.jpg, C:\Users\ayubb\Pictures\IMG\right_2026_07_29_19_42_11_000.jpg, 0.02990252, 1, 0, 30.19079
C:\Users\ayubb\Pictures\IMG\center_2026_07_29_19_42_11_104.jpg, C:\Users\ayubb\Pictures\IMG\left_2026_07_29_19_42_11_104.jpg, C:\Users\ayubb\Pictures\IMG\right_2026_07_29_19_42_11_104.jpg, 0, 1, 0, 30.19029
C:\Users\ayubb\Pictures\IMG\center_2026_07_29_19_42_11_206.jpg, C:\Users\ayubb\Pictures\IMG\left_2026_07_29_19_42_11_206.jpg, C:\Users\ayubb\Pictures\IMG\right_2026_07_29_19_42_11_206.jpg, 0, 1, 0, 30.19034
C:\Users\ayubb\Pictures\IMG\center_2026_07_29_19_42_11_309.jpg, C:\Users\ayubb\Pictures\IMG\left_2026_07_29_19_42_11_309.jpg, C:\Users\ayubb\Pictures\IMG\right_2026_07_29_19_42_11_309.jpg, 0.0115065, 1, 0, 30.19029
C:\Users\ayubb\Pictures\IMG\center_2026_07_29_19_42_11_412.jpg, C:\Users\ayubb\Pictures\IMG\left_2026_07_29_19_42_11_412.jpg, C:\Users\ayubb\Pictures\IMG\right_2026_07_29_19_42_11_412.jpg, 0.1321548, 1, 0, 30.18673
C:\Users\ayubb\Pictures\IMG\center_2026_07_29_19_42_11_515.jpg, C:\Users\ayubb\Pictures\IMG\left_2026_07_29_19_42_11_515.jpg, C:\Users\ayubb\Pictures\IMG\right_2026_07_29_19_42_11_515.jpg, 0, 1, 0, 30.19011
C:\Users\ayubb\Pictures\IMG\center_2026_07_29_19_42_11_619.jpg, C:\Users\ayubb\Pictures\IMG\left_2026_07_29_19_42_11_619.jpg, C:\Users\ayubb\Pictures\IMG\right_2026_07_29_19_42_11_619.jpg, 0.267516, 1, 0, 30.17394
C:\Users\ayubb\Pictures\IMG\center_2026_07_29_19_42_11_721.jpg, C:\Users\ayubb\Pictures\IMG\left_2026_07_29_19_42_11_721.jpg, C:\Users\ayubb\Pictures\IMG\right_2026_07_29_19_42_11_721.jpg, 0, 1, 0, 30.18889
C:\Users\ayubb\Pictures\IMG\center_2026_07_29_19_42_11_824.jpg, C:\Users\ayubb\Pictures\IMG\left_2026_07_29_19_42_11_824.jpg, C:\Users\ayubb\Pictures\IMG\right_2026_07_29_19_42_11_824.jpg, 0, 1, 0, 30.19057
C:\Users\ayubb\Pictures\IMG\center_2026_07_29_19_42_11_927.jpg, C:\Users\ayubb\Pictures\IMG\left_2026_07_29_19_42_11_927.jpg, C:\Users\ayubb\Pictures\IMG\right_2026_07_29_19_42_11_927.jpg, 0, 1, 0, 30.19047
C:\Users\ayubb\Pictures\IMG\center_2026_07_29_19_42_12_030.jpg, C:\Users\ayubb\Pictures\IMG\left_2026_07_29_19_42_12_030.jpg, C:\Users\ayubb\Pictures\IMG\right_2026_07_29_19_42_12_030.jpg, 0.0233802, 1, 0, 30.19032
C:\Users\ayubb\Pictures\IMG\center_2026_07_29_19_42_12_132.jpg, C:\Users\ayubb\Pictures\IMG\left_2026_07_29_19_42_12_132.jpg, C:\Users\ayubb\Pictures\IMG\right_2026_07_29_19_42_12_132.jpg, 0.1710675, 1, 0, 30.18329
C:\Users\ayubb\Pictures\IMG\center_2026_07_29_19_42_12_235.jpg, C:\Users\ayubb\Pictures\IMG\left_2026_07_29_19_42_12_235.jpg, C:\Users\ayubb\Pictures\IMG\right_2026_07_29_19_42_12_235.jpg, 0, 1, 0, 30.19002
C:\Users\ayubb\Pictures\IMG\center_2026_07_29_19_42_12_339.jpg, C:\Users\ayubb\Pictures\IMG\left_2026_07_29_19_42_12_339.jpg, C:\Users\ayubb\Pictures\IMG\right_2026_07_29_19_42_12_339.jpg, 0, 1, 0, 30.19022
C:\Users\ayubb\Pictures\IMG\center_2026_07_29_19_42_12_440.jpg, C:\Users\ayubb\Pictures\IMG\left_2026_07_29_19_42_12_440.jpg, C:\Users\ayubb\Pictures\IMG\right_2026_07_29_19_42_12_440.jpg, 0, 1, 0, 30.19155
C:\Users\ayubb\Pictures\IMG\center_2026_07_29_19_42_12_540.jpg, C:\Users\ayubb\Pictures\IMG\left_2026_07_29_19_42_12_540.jpg, C:\Users\ayubb\Pictures\IMG\right_2026_07_29_19_42_12_540.jpg, 0, 1, 0, 30.19055
C:\Users\ayubb\Pictures\IMG\center_2026_07_29_19_42_12_643.jpg, C:\Users\ayubb\Pictures\IMG\left_2026_07_29_19_42_12_643.jpg, C:\Users\ayubb\Pictures\IMG\right_2026_07_29_19_42_12_643.jpg, 0.1685208, 1, 0, 30.18172
C:\Users\ayubb\Pictures\IMG\center_2026_07_29_19_42_12_744.jpg, C:\Users\ayubb\Pictures\IMG\left_2026_07_29_19_42_12_744.jpg, C:\Users\ayubb\Pictures\IMG\right_2026_07_29_19_42_12_744.jpg, 0, 1, 0, 30.19025
C:\Users\ayubb\Pictures\IMG\center_2026_07_29_19_42_12_846.jpg, C:\Users\ayubb\Pictures\IMG\left_2026_07_29_19_42_12_846.jpg, C:\Users\ayubb\Pictures\IMG\right_2026_07_29_19_42_12_846.jpg, 0, 1, 0, 30.19036
C:\Users\ayubb\Pictures\IMG\center_2026_07_29_19_42_12_948.jpg, C:\Users\ayubb\Pictures\IMG\left_2026_07_29_19_42_12_948.jpg, C:\Users\ayubb\Pictures\IMG\right_2026_07_29_19_42_12_948.jpg, 0.09450421, 1, 0, 30.18853
C:\Users\ayubb\Pictures\IMG\center_2026_07_29_19_42_13_049.jpg, C:\Users\ayubb\Pictures\IMG\left_2026_07_29_19_42_13_049.jpg, C:\Users\ayubb\Pictures\IMG\right_2026_07_29_19_42_13_049.jpg, 0.08437079, 1, 0, 30.19025
C:\Users\ayubb\Pictures\IMG\center_2026_07_29_19_42_13_151.jpg, C:\Users\ayubb\Pictures\IMG\left_2026_07_29_19_42_13_151.jpg, C:\Users\ayubb\Pictures\IMG\right_2026_07_29_19_42_13_151.jpg, 0, 1, 0, 30.1901
C:\Users\ayubb\Pictures\IMG\center_2026_07_29_19_42_13_252.jpg, C:\Users\ayubb\Pictures\IMG\left_2026_07_29_19_42_13_252.jpg, C:\Users\ayubb\Pictures\IMG\right_2026_07_29_19_42_13_252.jpg, 0.1451481, 1, 0, 30.186
C:\Users\ayubb\Pictures\IMG\center_2026_07_29_19_42_13_354.jpg, C:\Users\ayubb\Pictures\IMG\left_2026_07_29_19_42_13_354.jpg, C:\Users\ayubb\Pictures\IMG\right_2026_07_29_19_42_13_354.jpg, 0.0885336, 1, 0, 30.19047
C:\Users\ayubb\Pictures\IMG\center_2026_07_29_19_42_13_459.jpg, C:\Users\ayubb\Pictures\IMG\left_2026_07_29_19_42_13_459.jpg, C:\Users\ayubb\Pictures\IMG\right_2026_07_29_19_42_13_459.jpg, 0, 1, 0, 30.19011
C:\Users\ayubb\Pictures\IMG\center_2026_07_29_19_42_13_559.jpg, C:\Users\ayubb\Pictures\IMG\left_2026_07_29_19_42_13_559.jpg, C:\Users\ayubb\Pictures\IMG\right_2026_07_29_19_42_13_559.jpg, 0, 1, 0, 30.19023
C:\Users\ayubb\Pictures\IMG\center_2026_07_29_19_42_13_663.jpg, C:\Users\ayubb\Pictures\IMG\left_2026_07_29_19_42_13_663.jpg, C:\Users\ayubb\Pictures\IMG\right_2026_07_29_19_42_13_663.jpg, 0, 1, 0, 30.19028
C:\Users\ayubb\Pictures\IMG\center_2026_07_29_19_42_13_766.jpg, C:\Users\ayubb\Pictures\IMG\left_2026_07_29_19_42_13_766.jpg, C:\Users\ayubb\Pictures\IMG\right_2026_07_29_19_42_13_766.jpg, 0, 1, 0, 30.1903
C:\Users\ayubb\Pictures\IMG\center_2026_07_29_19_42_13_869.jpg, C:\Users\ayubb\Pictures\IMG\left_2026_07_29_19_42_13_869.jpg, C:\Users\ayubb\Pictures\IMG\right_2026_07_29_19_42_13_869.jpg, 0, 1, 0, 30.19034
C:\Users\ayubb\Pictures\IMG\center_2026_07_29_19_42_13_970.jpg, C:\Users\ayubb\Pictures\IMG\left_2026_07_29_19_42_13_970.jpg, C:\Users\ayubb\Pictures\IMG\right_2026_07_29_19_42_13_970.jpg, 0, 1, 0, 30.19064
C:\Users\ayubb\Pictures\IMG\center_2026_07_29_19_42_14_073.jpg, C:\Users\ayubb\Pictures\IMG\left_2026_07_29_19_42_14_073.jpg, C:\Users\ayubb\Pictures\IMG\right_2026_07_29_19_42_14_073.jpg, 0, 1, 0, 30.19032
C:\Users\ayubb\Pictures\IMG\center_2026_07_29_19_42_14_173.jpg, C:\Users\ayubb\Pictures\IMG\left_2026_07_29_19_42_14_173.jpg, C:\Users\ayubb\Pictures\IMG\right_2026_07_29_19_42_14_173.jpg, 0, 1, 0, 30.19032
C:\Users\ayubb\Pictures\IMG\center_2026_07_29_19_42_14_275.jpg, C:\Users\ayubb\Pictures\IMG\left_2026_07_29_19_42_14_275.jpg, C:\Users\ayubb\Pictures\IMG\right_2026_07_29_19_42_14_275.jpg, 0, 1, 0, 30.1903
C:\Users\ayubb\Pictures\IMG\center_2026_07_29_19_42_14_378.jpg, C:\Users\ayubb\Pictures\IMG\left_2026_07_29_19_42_14_378.jpg, C:\Users\ayubb\Pictures\IMG\right_2026_07_29_19_42_14_378.jpg, 0.2378247, 1, 0, 30.17564
C:\Users\ayubb\Pictures\IMG\center_2026_07_29_19_42_14_482.jpg, C:\Users\ayubb\Pictures\IMG\left_2026_07_29_19_42_14_482.jpg, C:\Users\ayubb\Pictures\IMG\right_2026_07_29_19_42_14_482.jpg, 0, 1, 0, 30.18943
C:\Users\ayubb\Pictures\IMG\center_2026_07_29_19_42_14_585.jpg, C:\Users\ayubb\Pictures\IMG\left_2026_07_29_19_42_14_585.jpg, C:\Users\ayubb\Pictures\IMG\right_2026_07_29_19_42_14_585.jpg, 0, 1, 0, 30.19022
C:\Users\ayubb\Pictures\IMG\center_2026_07_29_19_42_14_688.jpg, C:\Users\ayubb\Pictures\IMG\left_2026_07_29_19_42_14_688.jpg, C:\Users\ayubb\Pictures\IMG\right_2026_07_29_19_42_14_688.jpg, 0.1933875, 1, 0, 30.18156
C:\Users\ayubb\Pictures\IMG\center_2026_07_29_19_42_14_789.jpg, C:\Users\ayubb\Pictures\IMG\left_2026_07_29_19_42_14_789.jpg, C:\Users\ayubb\Pictures\IMG\right_2026_07_29_19_42_14_789.jpg, 0, 1, 0, 30.18991
C:\Users\ayubb\Pictures\IMG\center_2026_07_29_19_42_14_891.jpg, C:\Users\ayubb\Pictures\IMG\left_2026_07_29_19_42_14_891.jpg, C:\Users\ayubb\Pictures\IMG\right_2026_07_29_19_42_14_891.jpg, 0, 1, 0, 30.19023
C:\Users\ayubb\Pictures\IMG\center_2026_07_29_19_42_14_993.jpg, C:\Users\ayubb\Pictures\IMG\left_2026_07_29_19_42_14_993.jpg, C:\Users\ayubb\Pictures\IMG\right_2026_07_29_19_42_14_993.jpg, 0.2572014, 1, 0, 30.17498
C:\Users\ayubb\Pictures\IMG\center_2026_07_29_19_42_15_096.jpg, C:\Users\ayubb\Pictures\IMG\left_2026_07_29_19_42_15_096.jpg, C:\Users\ayubb\Pictures\IMG\right_2026_07_29_19_42_15_096.jpg, 0.02925183, 1, 0, 30.19045
C:\Users\ayubb\Pictures\IMG\center_2026_07_29_19_42_15_198.jpg, C:\Users\ayubb\Pictures\IMG\left_2026_07_29_19_42_15_198.jpg, C:\Users\ayubb\Pictures\IMG\right_2026_07_29_19_42_15_198.jpg, 0.08033881, 1, 0, 30.18985
C:\Users\ayubb\Pictures\IMG\center_2026_07_29_19_42_15_299.jpg, C:\Users\ayubb\Pictures\IMG\left_2026_07_29_19_42_15_299.jpg, C:\Users\ayubb\Pictures\IMG\right_2026_07_29_19_42_15_299.jpg, 0.1117017, 1, 0, 30.19031
C:\Users\ayubb\Pictures\IMG\center_2026_07_29_19_42_15_400.jpg, C:\Users\ayubb\Pictures\IMG\left_2026_07_29_19_42_15_400.jpg, C:\Users\ayubb\Pictures\IMG\right_2026_07_29_19_42_15_400.jpg, 0, 1, 0, 30.18994
C:\Users\ayubb\Pictures\IMG\center_2026_07_29_19_42_15_501.jpg, C:\Users\ayubb\Pictures\IMG\left_2026_07_29_19_42_15_501.jpg, C:\Users\ayubb\Pictures\IMG\right_2026_07_29_19_42_15_501.jpg, 0.1987638, 1, 0, 30.182
C:\Users\ayubb\Pictures\IMG\center_2026_07_29_19_42_15_604.jpg, C:\Users\ayubb\Pictures\IMG\left_2026_07_29_19_42_15_604.jpg, C:\Users\ayubb\Pictures\IMG\right_2026_07_29_19_42_15_604.jpg, 0.01274312, 1, 0, 30.1904
C:\Users\ayubb\Pictures\IMG\center_2026_07_29_19_42_15_705.jpg, C:\Users\ayubb\Pictures\IMG\left_2026_07_29_19_42_15_705.jpg, C:\Users\ayubb\Pictures\IMG\right_2026_07_29_19_42_15_705.jpg, 0, 1, 0, 30.19013
C:\Users\ayubb\Pictures\IMG\center_2026_07_29_19_42_15_807.jpg, C:\Users\ayubb\Pictures\IMG\left_2026_07_29_19_42_15_807.jpg, C:\Users\ayubb\Pictures\IMG\right_2026_07_29_19_42_15_807.jpg, 0.2957544, 1, 0, 30.17113
C:\Users\ayubb\Pictures\IMG\center_2026_07_29_19_42_15_907.jpg, C:\Users\ayubb\Pictures\IMG\left_2026_07_29_19_42_15_907.jpg, C:\Users\ayubb\Pictures\IMG\right_2026_07_29_19_42_15_907.jpg, 0.05026379, 1, 0, 30.19098
C:\Users\ayubb\Pictures\IMG\center_2026_07_29_19_42_16_009.jpg, C:\Users\ayubb\Pictures\IMG\left_2026_07_29_19_42_16_009.jpg, C:\Users\ayubb\Pictures\IMG\right_2026_07_29_19_42_16_009.jpg, 0, 1, 0, 30.18995
C:\Users\ayubb\Pictures\IMG\center_2026_07_29_19_42_16_110.jpg, C:\Users\ayubb\Pictures\IMG\left_2026_07_29_19_42_16_110.jpg, C:\Users\ayubb\Pictures\IMG\right_2026_07_29_19_42_16_110.jpg, 0, 1, 0, 30.19022
C:\Users\ayubb\Pictures\IMG\center_2026_07_29_19_42_16_212.jpg, C:\Users\ayubb\Pictures\IMG\left_2026_07_29_19_42_16_212.jpg, C:\Users\ayubb\Pictures\IMG\right_2026_07_29_19_42_16_212.jpg, -0.1900068, 1, 0, 30.17946
C:\Users\ayubb\Pictures\IMG\center_2026_07_29_19_42_16_312.jpg, C:\Users\ayubb\Pictures\IMG\left_2026_07_29_19_42_16_312.jpg, C:\Users\ayubb\Pictures\IMG\right_2026_07_29_19_42_16_312.jpg, -0.07015712, 1, 0, 30.1905
C:\Users\ayubb\Pictures\IMG\center_2026_07_29_19_42_16_412.jpg, C:\Users\ayubb\Pictures\IMG\left_2026_07_29_19_42_16_412.jpg, C:\Users\ayubb\Pictures\IMG\right_2026_07_29_19_42_16_412.jpg, 0, 1, 0, 30.18991
C:\Users\ayubb\Pictures\IMG\center_2026_07_29_19_42_16_514.jpg, C:\Users\ayubb\Pictures\IMG\left_2026_07_29_19_42_16_514.jpg, C:\Users\ayubb\Pictures\IMG\right_2026_07_29_19_42_16_514.jpg, 0, 1, 0, 30.19024
C:\Users\ayubb\Pictures\IMG\center_2026_07_29_19_42_16_617.jpg, C:\Users\ayubb\Pictures\IMG\left_2026_07_29_19_42_16_617.jpg, C:\Users\ayubb\Pictures\IMG\right_2026_07_29_19_42_16_617.jpg, 0, 1, 0, 30.19032
C:\Users\ayubb\Pictures\IMG\center_2026_07_29_19_42_16_719.jpg, C:\Users\ayubb\Pictures\IMG\left_2026_07_29_19_42_16_719.jpg, C:\Users\ayubb\Pictures\IMG\right_2026_07_29_19_42_16_719.jpg, 0, 1, 0, 30.19
C:\Users\ayubb\Pictures\IMG\center_2026_07_29_19_42_16_821.jpg, C:\Users\ayubb\Pictures\IMG\left_2026_07_29_19_42_16_821.jpg, C:\Users\ayubb\Pictures\IMG\right_2026_07_29_19_42_16_821.jpg, 0, 1, 0, 30.19028
C:\Users\ayubb\Pictures\IMG\center_2026_07_29_19_42_16_923.jpg, C:\Users\ayubb\Pictures\IMG\left_2026_07_29_19_42_16_923.jpg, C:\Users\ayubb\Pictures\IMG\right_2026_07_29_19_42_16_923.jpg, 0, 1, 0, 30.19041
C:\Users\ayubb\Pictures\IMG\center_2026_07_29_19_42_17_026.jpg, C:\Users\ayubb\Pictures\IMG\left_2026_07_29_19_42_17_026.jpg, C:\Users\ayubb\Pictures\IMG\right_2026_07_29_19_42_17_026.jpg, 0, 1, 0, 30.19033
C:\Users\ayubb\Pictures\IMG\center_2026_07_29_19_42_17_129.jpg, C:\Users\ayubb\Pictures\IMG\left_2026_07_29_19_42_17_129.jpg, C:\Users\ayubb\Pictures\IMG\right_2026_07_29_19_42_17_129.jpg, 0, 1, 0, 30.19027
C:\Users\ayubb\Pictures\IMG\center_2026_07_29_19_42_17_229.jpg, C:\Users\ayubb\Pictures\IMG\left_2026_07_29_19_42_17_229.jpg, C:\Users\ayubb\Pictures\IMG\right_2026_07_29_19_42_17_229.jpg, 0, 1, 0, 30.19029
C:\Users\ayubb\Pictures\IMG\center_2026_07_29_19_42_17_330.jpg, C:\Users\ayubb\Pictures\IMG\left_2026_07_29_19_42_17_330.jpg, C:\Users\ayubb\Pictures\IMG\right_2026_07_29_19_42_17_330.jpg, 0, 1, 0, 30.1903
C:\Users\ayubb\Pictures\IMG\center_2026_07_29_19_42_17_431.jpg, C:\Users\ayubb\Pictures\IMG\left_2026_07_29_19_42_17_431.jpg, C:\Users\ayubb\Pictures\IMG\right_2026_07_29_19_42_17_431.jpg, 0, 1, 0, 30.1903
C:\Users\ayubb\Pictures\IMG\center_2026_07_29_19_42_17_533.jpg, C:\Users\ayubb\Pictures\IMG\left_2026_07_29_19_42_17_533.jpg, C:\Users\ayubb\Pictures\IMG\right_2026_07_29_19_42_17_533.jpg, 0, 1, 0, 30.19029
C:\Users\ayubb\Pictures\IMG\center_2026_07_29_19_42_17_635.jpg, C:\Users\ayubb\Pictures\IMG\left_2026_07_29_19_42_17_635.jpg, C:\Users\ayubb\Pictures\IMG\right_2026_07_29_19_42_17_635.jpg, 0, 1, 0, 30.19032
C:\Users\ayubb\Pictures\IMG\center_2026_07_29_19_42_17_737.jpg, C:\Users\ayubb\Pictures\IMG\left_2026_07_29_19_42_17_737.jpg, C:\Users\ayubb\Pictures\IMG\right_2026_07_29_19_42_17_737.jpg, 0, 1, 0, 30.1903
C:\Users\ayubb\Pictures\IMG\center_2026_07_29_19_42_17_838.jpg, C:\Users\ayubb\Pictures\IMG\left_2026_07_29_19_42_17_838.jpg, C:\Users\ayubb\Pictures\IMG\right_2026_07_29_19_42_17_838.jpg, 0, 1, 0, 30.19032
C:\Users\ayubb\Pictures\IMG\center_2026_07_29_19_42_17_941.jpg, C:\Users\ayubb\Pictures\IMG\left_2026_07_29_19_42_17_941.jpg, C:\Users\ayubb\Pictures\IMG\right_2026_07_29_19_42_17_941.jpg, 0, 1, 0, 30.19011
C:\Users\ayubb\Pictures\IMG\center_2026_07_29_19_42_18_042.jpg, C:\Users\ayubb\Pictures\IMG\left_2026_07_29_19_42_18_042.jpg, C:\Users\ayubb\Pictures\IMG\right_2026_07_29_19_42_18_042.jpg, 0, 1, 0, 30.19028
C:\Users\ayubb\Pictures\IMG\center_2026_07_29_19_42_18_145.jpg, C:\Users\ayubb\Pictures\IMG\left_2026_07_29_19_42_18_145.jpg, C:\Users\ayubb\Pictures\IMG\right_2026_07_29_19_42_18_145.jpg, 0, 1, 0, 30.19037
C:\Users\ayubb\Pictures\IMG\center_2026_07_29_19_42_18_246.jpg, C:\Users\ayubb\Pictures\IMG\left_2026_07_29_19_42_18_246.jpg, C:\Users\ayubb\Pictures\IMG\right_2026_07_29_19_42_18_246.jpg, 0, 1, 0, 30.19033
C:\Users\ayubb\Pictures\IMG\center_2026_07_29_19_42_18_347.jpg, C:\Users\ayubb\Pictures\IMG\left_2026_07_29_19_42_18_347.jpg, C:\Users\ayubb\Pictures\IMG\right_2026_07_29_19_42_18_347.jpg, 0, 1, 0, 30.19033
C:\Users\ayubb\Pictures\IMG\center_2026_07_29_19_42_18_447.jpg, C:\Users\ayubb\Pictures\IMG\left_2026_07_29_19_42_18_447.jpg, C:\Users\ayubb\Pictures\IMG\right_2026_07_29_19_42_18_447.jpg, 0, 1, 0, 30.1903
C:\Users\ayubb\Pictures\IMG\center_2026_07_29_19_42_18_548.jpg, C:\Users\ayubb\Pictures\IMG\left_2026_07_29_19_42_18_548.jpg, C:\Users\ayubb\Pictures\IMG\right_2026_07_29_19_42_18_548.jpg, 0, 1, 0, 30.19029
C:\Users\ayubb\Pictures\IMG\center_2026_07_29_19_42_18_649.jpg, C:\Users\ayubb\Pictures\IMG\left_2026_07_29_19_42_18_649.jpg, C:\Users\ayubb\Pictures\IMG\right_2026_07_29_19_42_18_649.jpg, 0, 1, 0, 30.19035
C:\Users\ayubb\Pictures\IMG\center_2026_07_29_19_42_18_751.jpg, C:\Users\ayubb\Pictures\IMG\left_2026_07_29_19_42_18_751.jpg, C:\Users\ayubb\Pictures\IMG\right_2026_07_29_19_42_18_751.jpg, 0, 1, 0, 30.19032
C:\Users\ayubb\Pictures\IMG\center_2026_07_29_19_42_18_852.jpg, C:\Users\ayubb\Pictures\IMG\left_2026_07_29_19_42_18_852.jpg, C:\Users\ayubb\Pictures\IMG\right_2026_07_29_19_42_18_852.jpg, 0.0291216, 1, 0, 30.19014
C:\Users\ayubb\Pictures\IMG\center_2026_07_29_19_42_18_953.jpg, C:\Users\ayubb\Pictures\IMG\left_2026_07_29_19_42_18_953.jpg, C:\Users\ayubb\Pictures\IMG\right_2026_07_29_19_42_18_953.jpg, 0.3279513, 1, 0, 30.16479
C:\Users\ayubb\Pictures\IMG\center_2026_07_29_19_42_19_054.jpg, C:\Users\ayubb\Pictures\IMG\left_2026_07_29_19_42_19_054.jpg, C:\Users\ayubb\Pictures\IMG\right_2026_07_29_19_42_19_054.jpg, 0.6321222, 1, 0, 30.1239
C:\Users\ayubb\Pictures\IMG\center_2026_07_29_19_42_19_155.jpg, C:\Users\ayubb\Pictures\IMG\left_2026_07_29_19_42_19_155.jpg, C:\Users\ayubb\Pictures\IMG\right_2026_07_29_19_42_19_155.jpg, 0.9254028, 1, 0, 30.09609
C:\Users\ayubb\Pictures\IMG\center_2026_07_29_19_42_19_255.jpg, C:\Users\ayubb\Pictures\IMG\left_2026_07_29_19_42_19_255.jpg, C:\Users\ayubb\Pictures\IMG\right_2026_07_29_19_42_19_255.jpg, -0.0677493, 1, 0, 30.15498
C:\Users\ayubb\Pictures\IMG\center_2026_07_29_19_42_19_357.jpg, C:\Users\ayubb\Pictures\IMG\left_2026_07_29_19_42_19_357.jpg, C:\Users\ayubb\Pictures\IMG\right_2026_07_29_19_42_19_357.jpg, -0.4272696, 1, 0, 30.12794
C:\Users\ayubb\Pictures\IMG\center_2026_07_29_19_42_19_460.jpg, C:\Users\ayubb\Pictures\IMG\left_2026_07_29_19_42_19_460.jpg, C:\Users\ayubb\Pictures\IMG\right_2026_07_29_19_42_19_460.jpg, -0.5375824, 1, 0, 30.11477
C:\Users\ayubb\Pictures\IMG\center_2026_07_29_19_42_19_561.jpg, C:\Users\ayubb\Pictures\IMG\left_2026_07_29_19_42_19_561.jpg, C:\Users\ayubb\Pictures\IMG\right_2026_07_29_19_42_19_561.jpg, -0.238687, 1, 0, 30.18796
C:\Users\ayubb\Pictures\IMG\center_2026_07_29_19_42_19_664.jpg, C:\Users\ayubb\Pictures\IMG\left_2026_07_29_19_42_19_664.jpg, C:\Users\ayubb\Pictures\IMG\right_2026_07_29_19_42_19_664.jpg, -0.2564692, 1, 0, 30.18905
C:\Users\ayubb\Pictures\IMG\center_2026_07_29_19_42_19_764.jpg, C:\Users\ayubb\Pictures\IMG\left_2026_07_29_19_42_19_764.jpg, C:\Users\ayubb\Pictures\IMG\right_2026_07_29_19_42_19_764.jpg, -0.5499741, 1, 0, 30.14689
C:\Users\ayubb\Pictures\IMG\center_2026_07_29_19_42_19_866.jpg, C:\Users\ayubb\Pictures\IMG\left_2026_07_29_19_42_19_866.jpg, C:\Users\ayubb\Pictures\IMG\right_2026_07_29_19_42_19_866.jpg, -0.2933685, 1, 0, 30.19354
C:\Users\ayubb\Pictures\IMG\center_2026_07_29_19_42_19_967.jpg, C:\Users\ayubb\Pictures\IMG\left_2026_07_29_19_42_19_967.jpg, C:\Users\ayubb\Pictures\IMG\right_2026_07_29_19_42_19_967.jpg, 0.2380521, 1, 0, 30.15559
C:\Users\ayubb\Pictures\IMG\center_2026_07_29_19_42_20_069.jpg, C:\Users\ayubb\Pictures\IMG\left_2026_07_29_19_42_20_069.jpg, C:\Users\ayubb\Pictures\IMG\right_2026_07_29_19_42_20_069.jpg, 0, 1, 0, 30.19069
C:\Users\ayubb\Pictures\IMG\center_2026_07_29_19_42_20_172.jpg, C:\Users\ayubb\Pictures\IMG\left_2026_07_29_19_42_20_172.jpg, C:\Users\ayubb\Pictures\IMG\right_2026_07_29_19_42_20_172.jpg, 0, 1, 0, 30.19045
C:\Users\ayubb\Pictures\IMG\center_2026_07_29_19_42_20_274.jpg, C:\Users\ayubb\Pictures\IMG\left_2026_07_29_19_42_20_274.jpg, C:\Users\ayubb\Pictures\IMG\right_2026_07_29_19_42_20_274.jpg, 0, 0.783767, 0, 30.1477
C:\Users\ayubb\Pictures\IMG\center_2026_07_29_19_42_20_377.jpg, C:\Users\ayubb\Pictures\IMG\left_2026_07_29_19_42_20_377.jpg, C:\Users\ayubb\Pictures\IMG\right_2026_07_29_19_42_20_377.jpg, 0, 0.4218574, 0, 30.05356
C:\Users\ayubb\Pictures\IMG\center_2026_07_29_19_42_20_479.jpg, C:\Users\ayubb\Pictures\IMG\left_2026_07_29_19_42_20_479.jpg, C:\Users\ayubb\Pictures\IMG\right_2026_07_29_19_42_20_479.jpg, 0, 0.1157002, 0, 29.97499
C:\Users\ayubb\Pictures\IMG\center_2026_07_29_19_42_20_580.jpg, C:\Users\ayubb\Pictures\IMG\left_2026_07_29_19_42_20_580.jpg, C:\Users\ayubb\Pictures\IMG\right_2026_07_29_19_42_20_580.jpg, 0, 0, 0, 29.70929
C:\Users\ayubb\Pictures\IMG\center_2026_07_29_19_42_20_681.jpg, C:\Users\ayubb\Pictures\IMG\left_2026_07_29_19_42_20_681.jpg, C:\Users\ayubb\Pictures\IMG\right_2026_07_29_19_42_20_681.jpg, 0, 0, 0, 29.41154
C:\Users\ayubb\Pictures\IMG\center_2026_07_29_19_42_20_781.jpg, C:\Users\ayubb\Pictures\IMG\left_2026_07_29_19_42_20_781.jpg, C:\Users\ayubb\Pictures\IMG\right_2026_07_29_19_42_20_781.jpg, 0, 0, 0, 29.11635
C:\Users\ayubb\Pictures\IMG\center_2026_07_29_19_42_20_882.jpg, C:\Users\ayubb\Pictures\IMG\left_2026_07_29_19_42_20_882.jpg, C:\Users\ayubb\Pictures\IMG\right_2026_07_29_19_42_20_882.jpg, 0, 0, 0, 28.824
C:\Users\ayubb\Pictures\IMG\center_2026_07_29_19_42_20_982.jpg, C:\Users\ayubb\Pictures\IMG\left_2026_07_29_19_42_20_982.jpg, C:\Users\ayubb\Pictures\IMG\right_2026_07_29_19_42_20_982.jpg, 0, 0, 0, 28.53458
C:\Users\ayubb\Pictures\IMG\center_2026_07_29_19_42_21_083.jpg, C:\Users\ayubb\Pictures\IMG\left_2026_07_29_19_42_21_083.jpg, C:\Users\ayubb\Pictures\IMG\right_2026_07_29_19_42_21_083.jpg, 0, 0, 0, 28.24805
